"URI (segment de base https://rdf.archives-nationales.culture.gouv.fr/","Identifiant du concept dans la version du référentiel interne au SIA","Nom de la classe RiC-O d’appartenance","Dénomination préférée (skos:prefLabel)","Dénominations alternatives (skos:altLabel)","Définition (skos:definition)","Note sur la portée (skos:scopeNote)","Identifiant du concept générique (skos:broader)","Dénomination du concept générique","Exemples","Concepts associés (skos:related)","Concepts équivalents dans autres thésaurus (skos:exactMatch)","Concepts proches dans autres thésaurus (skos:closeMatch)","Concepts spécifiques dans autres thésaurus (skos:narrowMatch)","Concepts génériques dans autres thésaurus (skos:broadMatch)","Concepts associés dans autres thésaurus (skos:relatedMatch)","Notes sur les modifications effectuées pour ce concept (skos:changeNote)"
"occupationType/FRAN_RI_010-d699msitg1r--hdkjr3pb151x","d699msitg1r--hdkjr3pb151x","OccupationType","abbé","prieur",,,,,,,,,,,,
"occupationType/FRAN_RI_010-d-1e30fi1nk--1gmw0mtayc5he","d-1e30fi1nk--1gmw0mtayc5he","OccupationType","académicien","membre de l'Institut","Membre d'une classe de l'Institut et en particulier de l'Académie française. L'académicien peut être membre de l'Académie française, de l'Académie des inscriptions et belles-lettres, de l'Académie des sciences, de l'Académie des beaux-arts ou de l'Académie des sciences morales et politiques (source : Larousse)",,,,,,,,,,,"23/11/2021 : Ajouté le [23/11/2021]"
"occupationType/FRAN_RI_010-d699msk23o5-354xqzr8gl19","d699msk23o5-354xqzr8gl19","OccupationType","accordeur de piano",,,,,,,,,,,,,
"occupationType/FRAN_RI_010-d699msjp2m6--1qo7edsfvkfpy","d699msjp2m6--1qo7edsfvkfpy","OccupationType","acteur","artiste dramatique | comédien",,,,,,,,,,,,
"occupationType/FRAN_RI_010-d3m0bl759we-1qfz4kgpyc2dp","d3m0bl759we-1qfz4kgpyc2dp","OccupationType","administrateur","fermier général",,,,,,,,,,,,
"occupationType/FRAN_RI_010-d3m0bl6unm4-q8u149bnzf5w","d3m0bl6unm4-q8u149bnzf5w","OccupationType","administrateur auxiliaire (Ancien Régime)","subdélégué","lieutenant de province, de la Bastille...",,,,,,,,,,,
"occupationType/FRAN_RI_010-d699msjnphp--ogopux4anfqf","d699msjnphp--ogopux4anfqf","OccupationType","administrateur de société","gérant | cadre dirigeant d'entreprise",,,,,,,,,,,,
"occupationType/FRAN_RI_010-d699msjwqce-yhark80jormz","d699msjwqce-yhark80jormz","OccupationType","administrateur judiciaire",,,,,,,,,,,,,
"occupationType/FRAN_RI_010-d699msiv7fn--1a3blwn1bekb8","d699msiv7fn--1a3blwn1bekb8","OccupationType","aéronaute",,,,,,,,,,,,,
"occupationType/FRAN_RI_010-d-73dphpekg-6ivzauvvefkz","d-73dphpekg-6ivzauvvefkz","OccupationType","agent d'affaires",,"Commerçant intermédiaire chargé de gérer les affaires et intérêts d’autrui, d’administrer ses biens. (d’après le TLFI notice « agent »  et le Larousse en ligne (2023))",,,,,,"http://www.wikidata.org/entity/Q63755028",,,,,"04/08/2023 : Ajouté le [04/08/2023]"
"occupationType/FRAN_RI_010-d699msjsdgp-qr18efzkqegx","d699msjsdgp-qr18efzkqegx","OccupationType","agent de change","changeur",,,,,,,,,,,,
"occupationType/FRAN_RI_010-d699msiptbd--1tevc99z2lyne","d699msiptbd--1tevc99z2lyne","OccupationType","agent de surveillance","veilleur de nuit | vigile | gardien",,,,,,,,,,,,
"occupationType/FRAN_RI_010-d699msk5gi0--1s6iqt9d92qzm","d699msk5gi0--1s6iqt9d92qzm","OccupationType","agent immobilier",,,,,,,,,,,,,
"occupationType/FRAN_RI_010-d699msixvp9-178n3lc5ghzq6","d699msixvp9-178n3lc5ghzq6","OccupationType","agent secret","espion",,,,,,,,,,,,
"occupationType/FRAN_RI_010-d699msjbjqf--1uzbe260ejrd5","d699msjbjqf--1uzbe260ejrd5","OccupationType","agriculteur","métayer | exploitant agricole | laboureur | cultivateur",,,,,,,,,,,,
"occupationType/FRAN_RI_010-d699msk2vsq--1wlumycc62nh3","d699msk2vsq--1wlumycc62nh3","OccupationType","aide-soignant",,,,,,,,,,,,,
"occupationType/FRAN_RI_010-d699msj12zg--s5xb7u1f4uq0","d699msj12zg--s5xb7u1f4uq0","OccupationType","ambassadeur",,,,,,,,,,,,,
"occupationType/FRAN_RI_010-d699msjvjyd-16emynrr46kqd","d699msjvjyd-16emynrr46kqd","OccupationType","ambulancier",,,,,,,,,,,,,
"occupationType/FRAN_RI_010-d699msk2ael-xp98tacr19yy","d699msk2ael-xp98tacr19yy","OccupationType","animateur","animateur socio-culturel | animateur socio-éducatif",,,,,,,,,,,,
"occupationType/FRAN_RI_010-d-1axy38anu-1ua8su5ef37p1","d-1axy38anu-1ua8su5ef37p1","OccupationType","animateur de radio ou de télévision",,,,,,,,,,,,,
"occupationType/FRAN_RI_010-d699msk42l0--8de6fpna6fht","d699msk42l0--8de6fpna6fht","OccupationType","aquaculteur","pisciculteur",,,,,,,,,,,,
"occupationType/FRAN_RI_010-d699msjh27l-100mohoosk70c","d699msjh27l-100mohoosk70c","OccupationType","arboriculteur",,,,,,,,,,,,,
"occupationType/FRAN_RI_010-d-2q4q12i6q--yjvnepbzk7z8","d-2q4q12i6q--yjvnepbzk7z8","OccupationType","archéologue",,,,,,,,,,,,,
"occupationType/FRAN_RI_010-d3nyu9yq7p-8zx3tnvrcpf0","d3nyu9yq7p-8zx3tnvrcpf0","OccupationType","architecte",,,,,,,,,,,,,
"occupationType/FRAN_RI_010-d699msirr1g-3naumnfaswc","d699msirr1g-3naumnfaswc","OccupationType","archiviste",,,,,,,,,,,,,
"occupationType/FRAN_RI_010-d699msjtql6-4ri55wdnkv8k","d699msjtql6-4ri55wdnkv8k","OccupationType","armateur",,,,,,,,,,,,,
"occupationType/FRAN_RI_010-d699msipklm-ozbzrf0uwtq3","d699msipklm-ozbzrf0uwtq3","OccupationType","armurier","fourbisseur",,,,,,,,,,,,
"occupationType/FRAN_RI_010-d699msjzppc-y5cl997d1hxn","d699msjzppc-y5cl997d1hxn","OccupationType","artiste",,,,,,,,,,,,,
"occupationType/FRAN_RI_010-d699msjdbik--d0t57s3zykhu","d699msjdbik--d0t57s3zykhu","OccupationType","attaché parlementaire",,,,,,,,,,,,,
"occupationType/FRAN_RI_010-d699msjqfcd-32v5y11w8rkx","d699msjqfcd-32v5y11w8rkx","OccupationType","auditeur de justice",,,,,,,,,,,,,
"occupationType/FRAN_RI_010-d699msjovhg--1j7xh1r7jq96w","d699msjovhg--1j7xh1r7jq96w","OccupationType","auxiliaire de justice","crieur","Les auxiliaires de justice désignent les différentes personnes qui, bien que n’étant pas investies de la fonction de trancher les litiges à l’instar des magistrats, participent par l’exercice de leur profession au fonctionnement quotidien du service public de la justice (avocat, greffier, huissier, notaire, avoué, expert) (vie-publique.fr)",,,,,,,,,,,
"occupationType/FRAN_RI_010-d699msj742x--12cnnohd8i9wj","d699msj742x--12cnnohd8i9wj","OccupationType","avocat","bâtonnier | solliciteur",,,,,,,,,,,,
"occupationType/FRAN_RI_010-d3m0bl76dik--ncxjtjvkyzcv","d3m0bl76dik--ncxjtjvkyzcv","OccupationType","avocat au parlement (Ancien Régime)",,,,,,,,,,,,,
"occupationType/FRAN_RI_010-d3m0bl78t2c-1ag6feczxinof","d3m0bl78t2c-1ag6feczxinof","OccupationType","avocat aux conseils (Ancien Régime)",,,,,,,,,,,,,
"occupationType/FRAN_RI_010-d699msjkyui--1wp8nqbjdsjfb","d699msjkyui--1wp8nqbjdsjfb","OccupationType","avoué",,,,,,,,,,,,,
"occupationType/FRAN_RI_010-d699msirzcy--wfewofyzify5","d699msirzcy--wfewofyzify5","OccupationType","bachelier",,,,,,,,,,,,,
"occupationType/FRAN_RI_010-d699msjayqj-1itflcz7ohqml","d699msjayqj-1itflcz7ohqml","OccupationType","bailli",,,,,,,,,,,,,
"occupationType/FRAN_RI_010-d3nyu9s4o0--xm3ygup3bbb1","d3nyu9s4o0--xm3ygup3bbb1","OccupationType","banquier","financier",,,,,,,,,,,,
"occupationType/FRAN_RI_010-d699msiugw4--nrsbva3dm4s4","d699msiugw4--nrsbva3dm4s4","OccupationType","batelier","marinier",,,,,,,,,,,,
"occupationType/FRAN_RI_010-d699msj62ub-mcazdcxzuwm0","d699msj62ub-mcazdcxzuwm0","OccupationType","batteur de métal","poêlier | affineur | batteur d'or et d'argent | dinandier | tireur d'or et d'argent",,,,,,,,,,,,
"occupationType/FRAN_RI_010-d699msj2rzr--ce53d0ay0p71","d699msj2rzr--ce53d0ay0p71","OccupationType","bibliothécaire",,,,,,,,,,,,,
"occupationType/FRAN_RI_010-d699msjf2i7-18tarfwnbu3lm","d699msjf2i7-18tarfwnbu3lm","OccupationType","bottier","sabotier | galochier | savetier",,,,,,,,,,,,
"occupationType/FRAN_RI_010-d699msjb5h0-16o6e11aeppuv","d699msjb5h0-16o6e11aeppuv","OccupationType","boucher","écorcheur",,,,,,,,,,,,
"occupationType/FRAN_RI_010-d3nyu9y2pu--94b9pm7anyzm","d3nyu9y2pu--94b9pm7anyzm","OccupationType","boulanger","panetier | talemelier",,,,,,,,,,,,
"occupationType/FRAN_RI_010-d699msj39fa--1alqyyfvrj4ci","d699msj39fa--1alqyyfvrj4ci","OccupationType","bourreau","exécuteur des arrêts criminels | exécuteur des hautes oeuvres",,,,,,,,,,,,
"occupationType/FRAN_RI_010-d699msjud63--3piuljvk177u","d699msjud63--3piuljvk177u","OccupationType","brocanteur","chiffonnier | fripier",,,,,,,,,,,,
"occupationType/FRAN_RI_010-d699msj3t8d-1tvzy4dqnfcwi","d699msj3t8d-1tvzy4dqnfcwi","OccupationType","brodeur",,,,,,,,,,,,,
"occupationType/FRAN_RI_010-d-74j7o3lc8-157ixvd1k4xdh","d-74j7o3lc8-157ixvd1k4xdh","OccupationType","cadre d'entreprise","cadre supérieur","Personne qui, au sein d’une entreprise, est investie d'une fonction de commandement de contrôle, de direction. (d’après le TLFI notice « cadre »)",,,,,,"http://www.wikidata.org/entity/Q4359236",,,,,"04/08/2023 : Ajouté le [04/08/2023]"
"occupationType/FRAN_RI_010-d699msj9scj-qh9b8ixkyn6w","d699msj9scj-qh9b8ixkyn6w","OccupationType","cantonnier",,,,,,,,,,,,,
"occupationType/FRAN_RI_010-d699msip2ru--1l4653600a60t","d699msip2ru--1l4653600a60t","OccupationType","cardinal",,,,,,,,,,,,,
"occupationType/FRAN_RI_010-d699msj7kpx-1nmk0p3u38uut","d699msj7kpx-1nmk0p3u38uut","OccupationType","caréneur",,,,,,,,,,,,,
"occupationType/FRAN_RI_010-d699msji87c-1lo6arjnzb3t2","d699msji87c-1lo6arjnzb3t2","OccupationType","carrier",,,,,,,,,,,,,
"occupationType/FRAN_RI_010-d699msk140l--k6i2tvx5edp4","d699msk140l--k6i2tvx5edp4","OccupationType","carrossier",,,,,,,,,,,,,
"occupationType/FRAN_RI_010-d3m0bl7b5ua-u30v60qb48jb","d3m0bl7b5ua-u30v60qb48jb","OccupationType","cartier",,,,,,,,,,,,,
"occupationType/FRAN_RI_010-d699msjzhs3--sfr32jsf7n7e","d699msjzhs3--sfr32jsf7n7e","OccupationType","cartographe","géographe",,,,,,,,,,,,
"occupationType/FRAN_RI_010-d3nyuanzvh--ukekekyqcp85","d3nyuanzvh--ukekekyqcp85","OccupationType","chancelier d'université",,"gardien du sceau de l'université / Chanoine qui conférait les degrés et délivrait les diplômes.",,,,,,,,,,,
"occupationType/FRAN_RI_010-d3m0bl70jy9-17so73v5xuia7","d3m0bl70jy9-17so73v5xuia7","OccupationType","chancelier de France (Ancien Régime)",,,,,,,,,,,,,
"occupationType/FRAN_RI_010-d699msjbclp-1d42puzm2svrk","d699msjbclp-1d42puzm2svrk","OccupationType","chanoine",,,,,,,,,,,,,
"occupationType/FRAN_RI_010-d699msk0pcw-gpdixmoh1g05","d699msk0pcw-gpdixmoh1g05","OccupationType","chanteur","artiste lyrique",,,,,,,,,,,,
"occupationType/FRAN_RI_010-d699msjeon1-dwxuae036gq0","d699msjeon1-dwxuae036gq0","OccupationType","charbonnier",,,,,,,,,,,,,
"occupationType/FRAN_RI_010-d699msjcbv0-29thpwstmx5y","d699msjcbv0-29thpwstmx5y","OccupationType","charcutier","tripier",,,,,,,,,,,,
"occupationType/FRAN_RI_010-d-31sk4y25tu--14tvqko9whaj5","d-31sk4y25tu--14tvqko9whaj5","OccupationType","chargé de mission au cabinet du Premier ministre",,,,,,,,,,,,,
"occupationType/FRAN_RI_010-d-2y6qhp38yq--1v6g7dvex4e2o","d-2y6qhp38yq--1v6g7dvex4e2o","OccupationType","chargé de mission au cabinet du président de la République",,,,,,,,,,,,,
"occupationType/FRAN_RI_010-d699msjilo8-nlzo91q1gzma","d699msjilo8-nlzo91q1gzma","OccupationType","charpentier","charpentier de marine",,,,,,,,,,,,
"occupationType/FRAN_RI_010-d699msiz3oc-1tgh146wc14x","d699msiz3oc-1tgh146wc14x","OccupationType","charron",,,,,,,,,,,,,
"occupationType/FRAN_RI_010-d-75qs06eww--vj9wha9azam8","d-75qs06eww--vj9wha9azam8","OccupationType","chasseur","braconnier | chasseuse | veneur","Personne qui pratique le sport de la chasse. (d’après le TLFI notice « chasseur »)",,,,,,"http://www.wikidata.org/entity/Q1714828",,,,,"04/08/2023 : Ajouté le [04/08/2023]"
"occupationType/FRAN_RI_010-d699msiu7s3--1umdyplfsmam1","d699msiu7s3--1umdyplfsmam1","OccupationType","chauffeur de taxi",,,,,,,,,,,,,
"occupationType/FRAN_RI_010-d699msjj72d-1dedn4099xfyy","d699msjj72d-1dedn4099xfyy","OccupationType","chef d'entreprise","homme d'affaires | entrepreneur | industriel | directeur d'entreprise | président-directeur-général | maître de forge | directeur de manufacture",,,,,,,,,,,,
"occupationType/FRAN_RI_010-d699msjt5lb-1bcrx34efgwj6","d699msjt5lb-1bcrx34efgwj6","OccupationType","chef d'Etat",,,,,,,,,,,,,
"occupationType/FRAN_RI_010-d699msjgg0x-1b8f6hw6bkvph","d699msjgg0x-1b8f6hw6bkvph","OccupationType","chef d'orchestre",,,,,,,,,,,,,
"occupationType/FRAN_RI_010-d-1009896yv--378hf9s9l062","d-1009896yv--378hf9s9l062","OccupationType","chef de service d'administration centrale","haut fonctionnaire | secrétaire général de ministère","chef de bureau, de département, de service, de direction au sein de l'administration centrale",,,,,,,,,,,
"occupationType/FRAN_RI_010-d699msjr0qi-1uga2yy7rguqm","d699msjr0qi-1uga2yy7rguqm","OccupationType","cheminot",,,,,,,,,,,,,
"occupationType/FRAN_RI_010-d699msk5oth-xqvujelh8c39","d699msk5oth-xqvujelh8c39","OccupationType","chercheur","scientifique | savant",,,,,,,,,,,,
"occupationType/FRAN_RI_010-d699msjkkzd-4cj978nnjzhw","d699msjkkzd-4cj978nnjzhw","OccupationType","chirurgien","barbier chirurgien",,,,,,,,,,,,
"occupationType/FRAN_RI_010-d699msj5u4j--76rqz4j5xrln","d699msj5u4j--76rqz4j5xrln","OccupationType","chirurgien dentiste","dentiste",,,,,,,,,,,,
"occupationType/FRAN_RI_010-d699msjlqz4-tbef8k5kwhzd","d699msjlqz4-tbef8k5kwhzd","OccupationType","chocolatier","confiseur",,,,,,,,,,,,
"occupationType/FRAN_RI_010-d-76sj5w79c--1wgcf1wltzhcc","d-76sj5w79c--1wgcf1wltzhcc","OccupationType","cimentier",,"Ouvrier qui fabrique et emploie du ciment. (d’après le TLFI notice « cimentier »)",,,,,,,,,,,"04/08/2023 : Ajouté le [04/08/2023]"
"occupationType/FRAN_RI_010-d699msjxx4n--19fmsy5ho3f72","d699msjxx4n--19fmsy5ho3f72","OccupationType","cirier","chandelier",,,,,,,,,,,,
"occupationType/FRAN_RI_010-d-77f6ber58--e2rmmih4yfc3","d-77f6ber58--e2rmmih4yfc3","OccupationType","clerc d'huissier",,"Employé(e) travaillant dans l'étude d'huissier; employé, serviteur, secrétaire d'un personnage, d'un groupement de personnes, d'un organisme officiels. (Source : TLFI notice « clerc »)",,,,,,"http://www.wikidata.org/entity/Q56317109",,,,,"04/08/2023 : Ajouté le [04/08/2023]"
"occupationType/FRAN_RI_010-d699msinlah--jkojzw4nj2kh","d699msinlah--jkojzw4nj2kh","OccupationType","clerc de notaire",,,,,,,,,,,,,
"occupationType/FRAN_RI_010-d699msj8l60--r9j12zzm9rwp","d699msj8l60--r9j12zzm9rwp","OccupationType","coiffeur","barbier | perruquier",,,,,,,,,,,,
"occupationType/FRAN_RI_010-d699msiou22-1bd4mkzhkmdbv","d699msiou22-1bd4mkzhkmdbv","OccupationType","colporteur","marchand ambulant",,,,,,,,,,,,
"occupationType/FRAN_RI_010-d699msja67p--7kxb9z0cvgzw","d699msja67p--7kxb9z0cvgzw","OccupationType","commerçant","marchand | détaillant | grossiste","S'applique au commerce de détail.",,,,,,,,,,,
"occupationType/FRAN_RI_010-d-78fgtdfkw-r8n4a29cez1l","d-78fgtdfkw-r8n4a29cez1l","OccupationType","commis","commise","Employé(e) subalterne qui peut être chargé(e) de la vente dans un commerce, de l’exécution de tâches manuelles dans une exploitation agricole ou des écritures dans une administration. (d’après le TLFI notice « commis » et le Larousse en ligne (2023))",,,,,,,"http://www.wikidata.org/entity/Q738142",,,,"04/08/2023 : Ajouté le [04/08/2023]"
"occupationType/FRAN_RI_010-d3m0bl6zq8n--1f1l0rfkekrar","d3m0bl6zq8n--1f1l0rfkekrar","OccupationType","commis d'administration (Ancien Régime)",,,,,,,,,,,,,
"occupationType/FRAN_RI_010-d3m0bl6x2dd-1l2khvksguxs4","d3m0bl6x2dd-1l2khvksguxs4","OccupationType","commissaire (Ancien Régime)",,,,,,,,,,,,,
"occupationType/FRAN_RI_010-d3m0bl7a4lp--w3x827ncrkws","d3m0bl7a4lp--w3x827ncrkws","OccupationType","commissaire au Châtelet (Ancien Régime)",,,,,,,,,,,,,
"occupationType/FRAN_RI_010-d699msiqjgn--1g0bq3r700uzt","d699msiqjgn--1g0bq3r700uzt","OccupationType","commissaire aux comptes",,,,,,,,,,,,,
"occupationType/FRAN_RI_010-d3m0bl6tn62-2y3k1sajqfan","d3m0bl6tn62-2y3k1sajqfan","OccupationType","commissaire de la marine (Ancien Régime)",,,,,,,,,,,,,
"occupationType/FRAN_RI_010-d3m0bl7aa5d-hs8g9svjpc2o","d3m0bl7aa5d-hs8g9svjpc2o","OccupationType","commissaire des guerres (Ancien Régime)",,,,,,,,,,,,,
"occupationType/FRAN_RI_010-d3m0bl701by-1qttrk3y2uvmg","d3m0bl701by-1qttrk3y2uvmg","OccupationType","commissaire général des fortifications (Ancien Régime)",,,,,,,,,,,,,
"occupationType/FRAN_RI_010-d699msiwf0g-1aa6noos8nbln","d699msiwf0g-1aa6noos8nbln","OccupationType","commissaire-priseur",,,,,,,,,,,,,
"occupationType/FRAN_RI_010-d699msjks42-vqaztu16yf9j","d699msjks42-vqaztu16yf9j","OccupationType","compositeur de musique",,,,,,,,,,,,,
"occupationType/FRAN_RI_010-d699msji12m-xytyudnnjvrz","d699msji12m-xytyudnnjvrz","OccupationType","comptable","agent comptable | expert-comptable",,,,,,,,,,,,
"occupationType/FRAN_RI_010-d699msjoocr--1mrf7391lxl3b","d699msjoocr--1mrf7391lxl3b","OccupationType","concierge","portier",,,,,,,,,,,,
"occupationType/FRAN_RI_010-d699msjvcto-wv3oxk1e7a5e","d699msjvcto-wv3oxk1e7a5e","OccupationType","conducteur de travaux",,,,,,,,,,,,,
"occupationType/FRAN_RI_010-d699msjr7gy--1778zs0vmo16t","d699msjr7gy--1778zs0vmo16t","OccupationType","conducteur de véhicules","postillon | cocher",,,,,,,,,,,,
"occupationType/FRAN_RI_010-d3m0bl75y2d-1e751ug42jcyj","d3m0bl75y2d-1e751ug42jcyj","OccupationType","connétable de France (Ancien Régime)",,,,,,,,,,,,,
"occupationType/FRAN_RI_010-d699msjrsv3--1jyvbnfetqx5m","d699msjrsv3--1jyvbnfetqx5m","OccupationType","conseil juridique",,,,,,,,,,,,,
"occupationType/FRAN_RI_010-d-31c1bj851u-1awh61xs7pwk3","d-31c1bj851u-1awh61xs7pwk3","OccupationType","conseiller au cabinet du président de la République",,,,,,,,,,,,,
"occupationType/FRAN_RI_010-d3m0bl77u7c--gq05ipagl2u5","d3m0bl77u7c--gq05ipagl2u5","OccupationType","conseiller au parlement",,,,,,,,,,,,,
"occupationType/FRAN_RI_010-d3m0bl6viii-ap38q0ys1umi","d3m0bl6viii-ap38q0ys1umi","OccupationType","conseiller d'Etat (Ancien Régime)",,,,,,,,,,,,,
"occupationType/FRAN_RI_010-d3m0bl6y18d--aonljmhbs7v3","d3m0bl6y18d--aonljmhbs7v3","OccupationType","conseiller de cour souveraine (Ancien Régime)","conseiller à la Chambre des deniers | conseiller à la Cour des monnaies | conseiller à la Chambre des comptes | conseiller à la Cour des comptes (Ancien Régime) | conseiller à la Cour des aides",,,,,,,,,,,,
"occupationType/FRAN_RI_010-d699msjh9ca-1o4fomkg2k4bp","d699msjh9ca-1o4fomkg2k4bp","OccupationType","conseiller du roi",,,,,,,,,,,,,
"occupationType/FRAN_RI_010-d3m0bl6u27z--1eg4fqfkrzwxv","d3m0bl6u27z--1eg4fqfkrzwxv","OccupationType","conservateur (patrimoine)",,"Ne s'applique pas au corps actuel de la Fonction publique.",,,,,,,,,,,
"occupationType/FRAN_RI_010-d3m0bl6wmx6-d0rz0z0g5ixm","d3m0bl6wmx6-d0rz0z0g5ixm","OccupationType","conservateur des privilèges (Ancien Régime)",,,,,,,,,,,,,
"occupationType/FRAN_RI_010-d-1jcitfegi20-19rkja1mzd9x0","d-1jcitfegi20-19rkja1mzd9x0","OccupationType","consul",,,,,,,,,,,,,
"occupationType/FRAN_RI_010-d3m0bl6zvsb--srr8oi6f8om","d3m0bl6zvsb--srr8oi6f8om","OccupationType","contrôleur (Ancien Régime)",,,,,,,,,,,,,
"occupationType/FRAN_RI_010-d699msjtcq0--1eavu8zq38gar","d699msjtcq0--1eavu8zq38gar","OccupationType","contrôleur aérien",,,,,,,,,,,,,
"occupationType/FRAN_RI_010-d3m0bl7145l--1ecw34hkeqvqc","d3m0bl7145l--1ecw34hkeqvqc","OccupationType","contrôleur de la marine (Ancien Régime)",,,,,,,,,,,,,
"occupationType/FRAN_RI_010-d3m0bl76kn9-pin1my8xwp5","d3m0bl76kn9-pin1my8xwp5","OccupationType","contrôleur des guerres (Ancien Régime)",,,,,,,,,,,,,
"occupationType/FRAN_RI_010-d3m0bl6vzy0-f2uh4pcv9v0z","d3m0bl6vzy0-f2uh4pcv9v0z","OccupationType","contrôleur général des bâtiments (Ancien Régime)",,,,,,,,,,,,,
"occupationType/FRAN_RI_010-d3m0bl74pat-1xh1ln7rqogds","d3m0bl74pat-1xh1ln7rqogds","OccupationType","contrôleur général des finances (Ancien Régime)",,,,,,,,,,,,,
"occupationType/FRAN_RI_010-d3m0bl79nyq-1mblmkehfyu0l","d3m0bl79nyq-1mblmkehfyu0l","OccupationType","cordier",,,,,,,,,,,,,
"occupationType/FRAN_RI_010-d3nyu9tjyx--10nlfk9x50m03","d3nyu9tjyx--10nlfk9x50m03","OccupationType","cordonnier",,,,,,,,,,,,,
"occupationType/FRAN_RI_010-d699msk3obl-tberr6h7mqsv","d699msk3obl-tberr6h7mqsv","OccupationType","corsaire",,,,,,,,,,,,,
"occupationType/FRAN_RI_010-d699msispi8--1b39ih8o6ntb2","d699msispi8--1b39ih8o6ntb2","OccupationType","courtier",,,,,,,,,,,,,
"occupationType/FRAN_RI_010-d699msjo3cv--1mivcdf28hjx7","d699msjo3cv--1mivcdf28hjx7","OccupationType","couvreur","tuilier | chaumier | lauzier | ardoisier",,,,,,,,,,,,
"occupationType/FRAN_RI_010-d3m0bl6ycbp-4q6qcd934gym","d3m0bl6ycbp-4q6qcd934gym","OccupationType","crémier","fromager | laitier | beurrier",,,,,,,,,,,,
"occupationType/FRAN_RI_010-d699msjmpu5--9622xc5ja20v","d699msjmpu5--9622xc5ja20v","OccupationType","cuisinier","rôtisseur",,,,,,,,,,,,
"occupationType/FRAN_RI_010-d699msjs6q9-di60ge9dhxaa","d699msjs6q9-di60ge9dhxaa","OccupationType","curé",,,,,,,,,,,,,
"occupationType/FRAN_RI_010-d-7b1062t68--11zx3qw8gee3w","d-7b1062t68--11zx3qw8gee3w","OccupationType","dactylographe",,"Employé(e) chargé(e) de transcrire, ou d'écrire des textes à la machine à écrire. (Source : TLFI notice « dactylographe »)",,,,,,"http://www.wikidata.org/entity/Q58487031",,,,,"04/08/2023 : Ajouté le [04/08/2023]"
"occupationType/FRAN_RI_010-d699msj0c1n--1svzzgqa6a6ge","d699msj0c1n--1svzzgqa6a6ge","OccupationType","danseur",,,,,,,,,,,,,
"occupationType/FRAN_RI_010-d699msjdps0--1hzktwbvq279p","d699msjdps0--1hzktwbvq279p","OccupationType","décorateur","argenteur | ciseleur | doreur | gypsier | laqueur | mosaïste | peintre héraldiste | staffeur-stucateur | émailleur",,,,,,,,,,,,
"occupationType/FRAN_RI_010-d699msjjsur--1p8mhml4h8fqn","d699msjjsur--1p8mhml4h8fqn","OccupationType","délégué du personnel",,,,,,,,,,,,,
"occupationType/FRAN_RI_010-d699msjvy7s-1xy48s7j7qlo","d699msjvy7s-1xy48s7j7qlo","OccupationType","délégué syndical",,,,,,,,,,,,,
"occupationType/FRAN_RI_010-d699msj30pj-11clbw2l2rwtq","d699msj30pj-11clbw2l2rwtq","OccupationType","demandeur d'emploi","chômeur",,,,,,,,,,,,
"occupationType/FRAN_RI_010-d699msk32xg--18i1mtijx6s4v","d699msk32xg--18i1mtijx6s4v","OccupationType","déménageur",,,,,,,,,,,,,
"occupationType/FRAN_RI_010-d699msjxpzy-jl4su8uobz9g","d699msjxpzy-jl4su8uobz9g","OccupationType","dentellier",,,,,,,,,,,,,
"occupationType/FRAN_RI_010-d699msiribo--1dn34eg8lht4f","d699msiribo--1dn34eg8lht4f","OccupationType","député","député aux États généraux (Ancien Régime)",,,,,,,,,,,,
"occupationType/FRAN_RI_010-d699msjehib--9u7knr7v4uyn","d699msjehib--9u7knr7v4uyn","OccupationType","dessinateur","imagier | enlumineur",,,,,,,,,,,,
"occupationType/FRAN_RI_010-d699msjqtlt--8qlp1v5rp9ov","d699msjqtlt--8qlp1v5rp9ov","OccupationType","diplomate","consul (diplomatie) | ministre plénipotentiaire",,,,,,,,,,,,
"occupationType/FRAN_RI_010-d3m0bl7bbdy-s3moxyf8em8b","d3m0bl7bbdy-s3moxyf8em8b","OccupationType","directeur d'établissement d'enseignement",,,,,,,,,,,,,
"occupationType/FRAN_RI_010-d3m0bl6sa1n--46hufdqzbjap","d3m0bl6sa1n--46hufdqzbjap","OccupationType","directeur de la librairie (Ancien Régime)",,,,,,,,,,,,,
"occupationType/FRAN_RI_010-d3m0bl6xe97-os008aglmmg","d3m0bl6xe97-os008aglmmg","OccupationType","directeur des bâtiments du roi (Ancien Régime)",,,,,,,,,,,,,
"occupationType/FRAN_RI_010-d699msk1peq-1gu0zbfl41sn8","d699msk1peq-1gu0zbfl41sn8","OccupationType","dirigeant d'organisation d'employeurs",,,,,,,,,,,,,
"occupationType/FRAN_RI_010-d699msipbvu--al53jh9equfg","d699msipbvu--al53jh9equfg","OccupationType","dirigeant politique","personnalité politique",,,,,,,,,,,,
"occupationType/FRAN_RI_010-d699msj7sn5--bfly1v8gdpgx","d699msj7sn5--bfly1v8gdpgx","OccupationType","distillateur","liquoriste | brasseur",,,,,,,,,,,,
"occupationType/FRAN_RI_010-d699msjyp99--1imuv9njjd0ec","d699msjyp99--1imuv9njjd0ec","OccupationType","docker",,,,,,,,,,,,,
"occupationType/FRAN_RI_010-d699msj1t4q--erdp2b9cjr2g","d699msj1t4q--erdp2b9cjr2g","OccupationType","docteur d'université","docteur",,,,,,,,,,,,
"occupationType/FRAN_RI_010-d699msj21uh--ujxcalbpcp6v","d699msj21uh--ujxcalbpcp6v","OccupationType","documentaliste",,,,,,,,,,,,,
"occupationType/FRAN_RI_010-d3m0bl6ywj1--10xvhdppyslqs","d3m0bl6ywj1--10xvhdppyslqs","OccupationType","douanier",,,,,,,,,,,,,
"occupationType/FRAN_RI_010-d699msjn3pb-19wbwhjy7j9ig","d699msjn3pb-19wbwhjy7j9ig","OccupationType","doyen d'université",,,,,,,,,,,,,
"occupationType/FRAN_RI_010-d699msjcizq--aacnkx7imrc1","d699msjcizq--aacnkx7imrc1","OccupationType","ébéniste","bahutier | coffretier | marqueteur | vernisseur",,,,,,,,,,,,
"occupationType/FRAN_RI_010-d699msjf9mx--1jm8w48x8wv38","d699msjf9mx--1jm8w48x8wv38","OccupationType","ecclésiastique",,,,,,,,,,,,,
"occupationType/FRAN_RI_010-d699msj8dn1-10wi593l9c89z","d699msj8dn1-10wi593l9c89z","OccupationType","éclusier",,,,,,,,,,,,,
"occupationType/FRAN_RI_010-d699msjbxll-13icoo3yqnait","d699msjbxll-13icoo3yqnait","OccupationType","économe","argentier | régisseur",,,,,,,,,,,,
"occupationType/FRAN_RI_010-d699msj3i51--hevk1gms21cg","d699msj3i51--hevk1gms21cg","OccupationType","écrivain","scénariste | poète | auteur dramatique | littérateur",,,,,,,,,,,,
"occupationType/FRAN_RI_010-d699msj96k5--1828cuigbkf9o","d699msj96k5--1828cuigbkf9o","OccupationType","écrivain public",,,,,,,,,,,,,
"occupationType/FRAN_RI_010-d699msjeadm-1itg66q91czf6","d699msjeadm-1itg66q91czf6","OccupationType","éditeur",,,,,,,,,,,,,
"occupationType/FRAN_RI_010-d699msj5car--1h66non68s5s6","d699msj5car--1h66non68s5s6","OccupationType","électricien",,,,,,,,,,,,,
"occupationType/FRAN_RI_010-d699msjbqv5-8jrpe3m9twau","d699msjbqv5-8jrpe3m9twau","OccupationType","élève",,,,,,,,,,,,,
"occupationType/FRAN_RI_010-d699msjurfj-135i6d150vboi","d699msjurfj-135i6d150vboi","OccupationType","éleveur","bouvier | porcher | vacher | berger",,,,,,,,,,,,
"occupationType/FRAN_RI_010-d3m0bl780ji-ni4u6eapto5b","d3m0bl780ji-ni4u6eapto5b","OccupationType","élu",,,,,,,,,,,,,
"occupationType/FRAN_RI_010-d699msjyazt-1f0ggfyf3is8u","d699msjyazt-1f0ggfyf3is8u","OccupationType","élu local","adjoint au maire | conseiller d'arrondissement | conseiller général | conseiller municipal | conseiller régional | maire | président de conseil général | président de conseil municipal | président de conseil régional | vice-président de conseil général",,,,,,,,,,,,
"occupationType/FRAN_RI_010-d-7dlap7dp4--dsmau0s0vrpj","d-7dlap7dp4--dsmau0s0vrpj","OccupationType","employé","employée","Personne qui travaille sous les ordres de quelqu’un dans un bureau, une administration, un magasin ou chez un particulier et dont le travail est plutôt intellectuel. (d’après le TLFI notice « employé » et le Larousse en ligne (2023))",,,,,,"http://www.wikidata.org/entity/Q97767661",,,,,"04/08/2023 : Ajouté le [04/08/2023]"
"occupationType/FRAN_RI_010-d-7ecawheqs--1kaiix72513rp","d-7ecawheqs--1kaiix72513rp","OccupationType","employé d'administration","employée d'administration","Salarié(e) qui travaille dans une administration.",,,,,,,,,,,"04/08/2023 : Ajouté le [04/08/2023]"
"occupationType/FRAN_RI_010-d-7f4jv00j0-cc3541uk1f73","d-7f4jv00j0-cc3541uk1f73","OccupationType","employé de banque","employée de banque","Salarié(e) qui travaille dans une banque, soit en agence bancaire avec les clients, soit dans l'un des services administratifs de la banque. (Source : Wikipédia (2023))",,,,,,"http://www.wikidata.org/entity/Q806717",,,,,"04/08/2023 : Ajouté le [04/08/2023]"
"occupationType/FRAN_RI_010-d-7gdzgvpfc-16ijt80w5sflz","d-7gdzgvpfc-16ijt80w5sflz","OccupationType","employé de bureau","employée de bureau","Salarié(e) travaillant dans un bureau, sans fonction de commandement ou de décision, pour effectuer des tâches de nature administrative, telles qu’écritures, dactylographie, enregistrement, transcription, tri et rangement de documents, secrétariat. (Source : Wiktionary (2023))",,,,,,"http://www.wikidata.org/entity/Q64275409",,,,,"04/08/2023 : Ajouté le [04/08/2023]"
"occupationType/FRAN_RI_010-d699msilzuj--1cmwq1b1381x9","d699msilzuj--1cmwq1b1381x9","OccupationType","employé de commerce","caissier",,,,,,,,,,,,
"occupationType/FRAN_RI_010-d699msj43xg--z4sg02667lbi","d699msj43xg--z4sg02667lbi","OccupationType","employé de maison","écuyer | aide ménagère à domicile | gouvernante | domestique | femme de ménage | femme de chambre | serviteur | valet de pied | valet de chambre",,,,,,,,,,,,
"occupationType/FRAN_RI_010-d-7h958abn0--u2zk0n5dvz0b","d-7h958abn0--u2zk0n5dvz0b","OccupationType","employé subalterne","employée subalterne","Salarié(e) qui se trouve dans une position subordonnée (garçon, assistant, etc.) et qui occupe donc un rang peu élevé dans la hiérarchie professionnelle. (d’après le TLFI notice « subalterne » et le Larousse en ligne (2023))",,,,,,,,,,,"04/08/2023 : Ajouté le [04/08/2023]"
"occupationType/FRAN_RI_010-d699msj8sap--372u7v4tgxtt","d699msj8sap--372u7v4tgxtt","OccupationType","encadreur",,,,,,,,,,,,,
"occupationType/FRAN_RI_010-d699msj02xm-19qbb7wdtto3j","d699msj02xm-19qbb7wdtto3j","OccupationType","enseignant",,,,,,,,,,,,,
"occupationType/FRAN_RI_010-d699msj9e34-s8p354ps6xjt","d699msj9e34-s8p354ps6xjt","OccupationType","entraîneur sportif",,,,,,,,,,,,,
"occupationType/FRAN_RI_010-d699msiuplv-buy47vop2pf8","d699msiuplv-buy47vop2pf8","OccupationType","étudiant",,,,,,,,,,,,,
"occupationType/FRAN_RI_010-d699msjmwyv-ezk08guc5wyy","d699msjmwyv-ezk08guc5wyy","OccupationType","évêque","archevêque",,,,,,,,,,,,
"occupationType/FRAN_RI_010-d699msk632x-10shsfw8mf3p9","d699msk632x-10shsfw8mf3p9","OccupationType","expert judiciaire",,,,,,,,,,,,,
"occupationType/FRAN_RI_010-d699msk4v3v--1bdtf1qwjs3mo","d699msk4v3v--1bdtf1qwjs3mo","OccupationType","exploitant forestier","bûcheron",,,,,,,,,,,,
"occupationType/FRAN_RI_010-d699msinuei--15vcl6i9uctzp","d699msinuei--15vcl6i9uctzp","OccupationType","explorateur",,,,,,,,,,,,,
"occupationType/FRAN_RI_010-d3m0bl71n64-1elxe0217iomp","d3m0bl71n64-1elxe0217iomp","OccupationType","fabricant d'accessoires vestimentaires","aiguillier | bonnetier | fabricant d'accessoires de mode | plumassier | modiste | formier | éventailliste | corsetier | chapelier",,,,,,,,,,,,
"occupationType/FRAN_RI_010-d699msjld3y--s5rlgckpsrdy","d699msjld3y--s5rlgckpsrdy","OccupationType","facteur d'instruments de musique","archetier | luthier",,,,,,,,,,,,
"occupationType/FRAN_RI_010-d699msjuyk8--1y1ave2no7sv3","d699msjuyk8--1y1ave2no7sv3","OccupationType","facteur de la poste aux lettres","facteur des postes | facteur | préposé",,,,,,,,,,,,
"occupationType/FRAN_RI_010-d699msj4d1h--5wk7tc0pjf2z","d699msj4d1h--5wk7tc0pjf2z","OccupationType","fleuriste",,,,,,,,,,,,,
"occupationType/FRAN_RI_010-d699msk49pq-fqetp63zthtj","d699msk49pq-fqetp63zthtj","OccupationType","fonctionnaire",,,,,,,,,,,,,
"occupationType/FRAN_RI_010-d699msj1kez-kzu5xhrp3wks","d699msj1kez-kzu5xhrp3wks","OccupationType","fondeur",,,,,,,,,,,,,
"occupationType/FRAN_RI_010-d699msitz2c-5cjah8eai5wp","d699msitz2c-5cjah8eai5wp","OccupationType","forain","saltimbanque | camelot",,,,,,,,,,,,
"occupationType/FRAN_RI_010-d699msj6byc--gn2j34inj3uu","d699msj6byc--gn2j34inj3uu","OccupationType","forgeron","tôlier | éperonnier | ferblantier | lormier | cloutier | coutelier | bronzier | chaudronnier | ferronnier | taillandier",,,,,,,,,,,,
"occupationType/FRAN_RI_010-d3m0bl7ag3a-a5wlaxk95b5t","d3m0bl7ag3a-a5wlaxk95b5t","OccupationType","fossoyeur",,,,,,,,,,,,,
"occupationType/FRAN_RI_010-d699msk2hjb--ux1org7o9h6f","d699msk2hjb--ux1org7o9h6f","OccupationType","fourreur","pelletier",,,,,,,,,,,,
"occupationType/FRAN_RI_010-d699msir0w6-xey89goq0ovu","d699msir0w6-xey89goq0ovu","OccupationType","garagiste",,,,,,,,,,,,,
"occupationType/FRAN_RI_010-d699msjcx95--1eql88mgx4j2i","d699msjcx95--1eql88mgx4j2i","OccupationType","garde-barrière",,,,,,,,,,,,,
"occupationType/FRAN_RI_010-d699msjfni2-1eflp4mdhyg93","d699msjfni2-1eflp4mdhyg93","OccupationType","garde champêtre","garde forestier",,,,,,,,,,,,
"occupationType/FRAN_RI_010-d699msjzwu1-1mbey68jcqfdg","d699msjzwu1-1mbey68jcqfdg","OccupationType","garde-chasse",,,,,,,,,,,,,
"occupationType/FRAN_RI_010-d3m0bl776fn-ngzpxc0osb1","d3m0bl776fn-ngzpxc0osb1","OccupationType","garde des sceaux (Ancien Régime)",,,,,,,,,,,,,
"occupationType/FRAN_RI_010-d699msk1b5a-1jeudel8awe1j","d699msk1b5a-1jeudel8awe1j","OccupationType","gardien de prison","surveillant de prison | geôlier",,,,,,,,,,,,
"occupationType/FRAN_RI_010-d3m0bl6ta3f-xekeeen9fk6w","d3m0bl6ta3f-xekeeen9fk6w","OccupationType","général des monnaies (Ancien Régime)",,,,,,,,,,,,,
"occupationType/FRAN_RI_010-d699msisgsg-17be3aqlxc1gm","d699msisgsg-17be3aqlxc1gm","OccupationType","géomètre","topographe | toiseur | géomètre-expert | arpenteur",,,,,,,,,,,,
"occupationType/FRAN_RI_010-d699msj8zff--1vtdrslp8roz7","d699msj8zff--1vtdrslp8roz7","OccupationType","glacier",,,,,,,,,,,,,
"occupationType/FRAN_RI_010-d3m0bl79y9j--1wpw5u7c5oc6l","d3m0bl79y9j--1wpw5u7c5oc6l","OccupationType","gouverneur",,,,,,,,,,,,,
"occupationType/FRAN_RI_010-d3m0bl6yqzd--zto0d8gjdg3v","d3m0bl6yqzd--zto0d8gjdg3v","OccupationType","grand chambellan de France (Ancien Régime)",,,,,,,,,,,,,
"occupationType/FRAN_RI_010-d3m0bl77ibh-16xat32jmlodm","d3m0bl77ibh-16xat32jmlodm","OccupationType","grand écuyer de France (Ancien Régime)",,,,,,,,,,,,,
"occupationType/FRAN_RI_010-d3m0bl6vo26--1ttp9i8r3ghuw","d3m0bl6vo26--1ttp9i8r3ghuw","OccupationType","grand maître de France (Ancien Régime)",,,,,,,,,,,,,
"occupationType/FRAN_RI_010-d3m0bl6sp3k-17p5c7j23lc9x","d3m0bl6sp3k-17p5c7j23lc9x","OccupationType","grand maître de l'artillerie (Ancien Régime)",,,,,,,,,,,,,
"occupationType/FRAN_RI_010-d3m0bl7an80--1igec9t065fzk","d3m0bl7an80--1igec9t065fzk","OccupationType","grand officier de la maison du roi (Ancien Régime)","grand maître de la Garde-robe | grand prévôt de France | grand louvetier de France | grand maître des cérémonies | grand fauconnier de France | grand échanson de France | grand veneur de France | grand aumônier de France",,,,,,,,,,,,
"occupationType/FRAN_RI_010-d3m0bl73dd6-3yae8irlym4e","d3m0bl73dd6-3yae8irlym4e","OccupationType","grand voyer de France (Ancien Régime)",,,,,,,,,,,,,
"occupationType/FRAN_RI_010-d699msjsklf-1lnt4nf5dvn27","d699msjsklf-1lnt4nf5dvn27","OccupationType","graphiste","maquettiste | infographiste",,,,,,,,,,,,
"occupationType/FRAN_RI_010-d699msjwj7o--14nbnodu7k8pu","d699msjwj7o--14nbnodu7k8pu","OccupationType","graveur","médailleur | lithographe",,,,,,,,,,,,
"occupationType/FRAN_RI_010-d699msk6bef--1b7nlflfug14j","d699msk6bef--1b7nlflfug14j","OccupationType","greffier","greffier de commerce",,,,,,,,,,,,
"occupationType/FRAN_RI_010-d699msjoh81-1bysqcsxvlfzm","d699msjoh81-1bysqcsxvlfzm","OccupationType","grutier",,,,,,,,,,,,,
"occupationType/FRAN_RI_010-d-1zzzacfzy3o-1df9vx13hfyum","d-1zzzacfzy3o-1df9vx13hfyum","OccupationType","héraldiste",,,,,,,,,,,,,
"occupationType/FRAN_RI_010-d699msir9lx--1hrjq1q7q0p40","d699msir9lx--1hrjq1q7q0p40","OccupationType","herboriste",,,,,,,,,,,,,
"occupationType/FRAN_RI_010-d-2pjo8eb5f-aep79lv4czdw","d-2pjo8eb5f-aep79lv4czdw","OccupationType","historien",,,,,,,,,,,,,
"occupationType/FRAN_RI_010-d699msjljue-1zw1e89uj89i","d699msjljue-1zw1e89uj89i","OccupationType","horloger",,,,,,,,,,,,,
"occupationType/FRAN_RI_010-d699msjcq4f-1tazsnhywjyfi","d699msjcq4f-1tazsnhywjyfi","OccupationType","horticulteur",,,,,,,,,,,,,
"occupationType/FRAN_RI_010-d699msjlxpk--sg4j75rpsw7m","d699msjlxpk--sg4j75rpsw7m","OccupationType","hôtelier","aubergiste",,,,,,,,,,,,
"occupationType/FRAN_RI_010-d699msj86wk-9mckogmz1ztg","d699msj86wk-9mckogmz1ztg","OccupationType","huissier","audiencier | bedeau | appariteur",,,,,,,,,,,,
"occupationType/FRAN_RI_010-d699msjtxpw--1nussew5stxvy","d699msjtxpw--1nussew5stxvy","OccupationType","huissier de justice",,,,,,,,,,,,,
"occupationType/FRAN_RI_010-d699msj6ko3-txrlhfhic7fv","d699msj6ko3-txrlhfhic7fv","OccupationType","illustrateur",,,,,,,,,,,,,
"occupationType/FRAN_RI_010-d699msjzane-zpttidgc5eja","d699msjzane-zpttidgc5eja","OccupationType","imam",,,,,,,,,,,,,
"occupationType/FRAN_RI_010-d699msjv5oy-5hs826z05usv","d699msjv5oy-5hs826z05usv","OccupationType","imprimeur","relieur | typographe | photograveur",,,,,,,,,,,,
"occupationType/FRAN_RI_010-d699msj0u9p-1q8a0suyidxng","d699msj0u9p-1q8a0suyidxng","OccupationType","infirmier",,,,,,,,,,,,,
"occupationType/FRAN_RI_010-d699msjgn5n-z6bvgod5k1ts","d699msjgn5n-z6bvgod5k1ts","OccupationType","informaticien",,,,,,,,,,,,,
"occupationType/FRAN_RI_010-d699msjgtw3-1ton3i1q2op31","d699msjgtw3-1ton3i1q2op31","OccupationType","ingénieur",,,,,,,,,,,,,
"occupationType/FRAN_RI_010-d3m0bl6svu0--1tubaqb9x6dwe","d3m0bl6svu0--1tubaqb9x6dwe","OccupationType","inspecteur",,,,,,,,,,,,,
"occupationType/FRAN_RI_010-d3m0bl6t3r9--397mek961aqh","d3m0bl6t3r9--397mek961aqh","OccupationType","inspecteur (Ancien Régime)","vérificateur",,,,,,,,,,,,
"occupationType/FRAN_RI_010-d699msiydj2--15ch8dyky11sp","d699msiydj2--15ch8dyky11sp","OccupationType","inspecteur général",,,,,,,,,,,,,
"occupationType/FRAN_RI_010-d3m0bl6v2o1--kqvqrix1q93u","d3m0bl6v2o1--kqvqrix1q93u","OccupationType","intendant (Ancien Régime)",,,,,,,,,,,,,
"occupationType/FRAN_RI_010-d3m0bl725sf-v4yc2eko6kqu","d3m0bl725sf-v4yc2eko6kqu","OccupationType","intendant de la marine (Ancien Régime)",,,,,,,,,,,,,
"occupationType/FRAN_RI_010-d3m0bl76rdp-5srgmgjx7ncz","d3m0bl76rdp-5srgmgjx7ncz","OccupationType","intendant de province (Ancien Régime)",,,,,,,,,,,,,
"occupationType/FRAN_RI_010-d3m0bl6vu03--sf9923ukjees","d3m0bl6vu03--sf9923ukjees","OccupationType","intendant des bâtiments (Ancien Régime)",,,,,,,,,,,,,
"occupationType/FRAN_RI_010-d3m0bl7bv70-154tb0wyt5qcp","d3m0bl7bv70-154tb0wyt5qcp","OccupationType","intendant des finances (Ancien Régime)",,,,,,,,,,,,,
"occupationType/FRAN_RI_010-d3m0bl6xpqs-10kjv866luv5c","d3m0bl6xpqs-10kjv866luv5c","OccupationType","intendant particulier (Ancien Régime)",,,,,,,,,,,,,
"occupationType/FRAN_RI_010-d699msk4guf--1cis8xllyfna1","d699msk4guf--1cis8xllyfna1","OccupationType","inventeur",,,,,,,,,,,,,
"occupationType/FRAN_RI_010-d699msjit77-1c6ipdss0iobg","d699msjit77-1c6ipdss0iobg","OccupationType","jardinier",,,,,,,,,,,,,
"occupationType/FRAN_RI_010-d3m0bl70x0v--t6ml2wpvgias","d3m0bl70x0v--t6ml2wpvgias","OccupationType","journalier","manouvrier | gagne-denier",,,,,,,,,,,,
"occupationType/FRAN_RI_010-d699msizce3-1fkn61hd3lpjw","d699msizce3-1fkn61hd3lpjw","OccupationType","journaliste","rédacteur en chef",,,,,,,,,,,,
"occupationType/FRAN_RI_010-d699msj4m5h-1b2buwj8z7npn","d699msj4m5h-1b2buwj8z7npn","OccupationType","juge",,,,,,,,,,,,,
"occupationType/FRAN_RI_010-d699msj1bp7--sqw9bp2dwte7","d699msj1bp7--sqw9bp2dwte7","OccupationType","juriste","jurisconsulte | homme de loi",,,,,,,,,,,,
"occupationType/FRAN_RI_010-d699msk1wjf--ld4qljrynzl9","d699msk1wjf--ld4qljrynzl9","OccupationType","layetier","emballeur",,,,,,,,,,,,
"occupationType/FRAN_RI_010-d3m0bl6z80m-1gryifqm6yewy","d3m0bl6z80m-1gryifqm6yewy","OccupationType","lecteur du roi (Ancien Régime)",,,,,,,,,,,,,
"occupationType/FRAN_RI_010-d699msj2ak9-pn4dvydl4qfe","d699msj2ak9-pn4dvydl4qfe","OccupationType","libraire","bouquiniste",,,,,,,,,,,,
"occupationType/FRAN_RI_010-d3m0bl6uho7--hnqda9mq2jk4","d3m0bl6uho7--hnqda9mq2jk4","OccupationType","lieutenant civil ou criminel (Ancien Régime)",,,,,,,,,,,,,
"occupationType/FRAN_RI_010-d3m0bl799b2--1e1nbp8ic0vza","d3m0bl799b2--1e1nbp8ic0vza","OccupationType","lieutenant général de province (Ancien Régime)",,,,,,,,,,,,,
"occupationType/FRAN_RI_010-d699msj0ljx-ng3jsgkr8v4b","d699msj0ljx-ng3jsgkr8v4b","OccupationType","livreur","coursier",,,,,,,,,,,,
"occupationType/FRAN_RI_010-d-7i4041wyk--2t74e0s3l9dy","d-7i4041wyk--2t74e0s3l9dy","OccupationType","logeur","logeuse","Personne qui loue des chambres meublées. (Source : Larousse en ligne (2023))",,,,,,,,,,,"04/08/2023 : Ajouté le [04/08/2023]"
"occupationType/FRAN_RI_010-d699msjq1h7-10ql48v7wy8gk","d699msjq1h7-10ql48v7wy8gk","OccupationType","loueur de véhicules",,,,,,,,,,,,,
"occupationType/FRAN_RI_010-d3m0bl71zui--8o9pnsxfqiid","d3m0bl71zui--8o9pnsxfqiid","OccupationType","machiniste (spectacle)",,,,,,,,,,,,,
"occupationType/FRAN_RI_010-d699msjm4ua--4cbj2a0fsywa","d699msjm4ua--4cbj2a0fsywa","OccupationType","maçon","plâtrier | briqueteur",,,,,,,,,,,,
"occupationType/FRAN_RI_010-d699msjakh4--199q9gt5tklbg","d699msjakh4--199q9gt5tklbg","OccupationType","magasinier","fort des halles | portefaix | porteur | manutentionnaire",,,,,,,,,,,,
"occupationType/FRAN_RI_010-d699msjy3v4--oimn0b7kuvf4","d699msjy3v4--oimn0b7kuvf4","OccupationType","magistrat","parlementaire (Ancien Régime)",,,,,,,,,,,,
"occupationType/FRAN_RI_010-d699msjrzzt--h057kx4iinzv","d699msjrzzt--h057kx4iinzv","OccupationType","maître d'hôtel",,,,,,,,,,,,,
"occupationType/FRAN_RI_010-d699msk4nz5--1okvjytf4gh5q","d699msk4nz5--1okvjytf4gh5q","OccupationType","maître de poste",,,,,,,,,,,,,
"occupationType/FRAN_RI_010-d3m0bl6y76a--bri9aetb4c8o","d3m0bl6y76a--bri9aetb4c8o","OccupationType","maître des requêtes (Ancien Régime)",,,,,,,,,,,,,
"occupationType/FRAN_RI_010-d-6jo73y19j--kj4ht9vy2mvf","d-6jo73y19j--kj4ht9vy2mvf","OccupationType","maître des requêtes au Conseil d'Etat (après la Révolution)",,,,,,,,,,,,,
"occupationType/FRAN_RI_010-d699msimtk5--1mnyoaja2cwlx","d699msimtk5--1mnyoaja2cwlx","OccupationType","maître verrier","bossetier | vitrailliste",,,,,,,,,,,,
"occupationType/FRAN_RI_010-d699msje3n5-nt23vsnz3jis","d699msje3n5-nt23vsnz3jis","OccupationType","maraîcher",,,,,,,,,,,,,
"occupationType/FRAN_RI_010-d699msjg1ri-cs5k7h5hcd6w","d699msjg1ri-cs5k7h5hcd6w","OccupationType","maréchal-ferrant",,,,,,,,,,,,,
"occupationType/FRAN_RI_010-d699msk0wvv--1bg7dn8l97jrf","d699msk0wvv--1bg7dn8l97jrf","OccupationType","marin",,,,,,,,,,,,,
"occupationType/FRAN_RI_010-d699msjl5z8--1254co0xv7uhm","d699msjl5z8--1254co0xv7uhm","OccupationType","marin-pêcheur","pêcheur",,,,,,,,,,,,
"occupationType/FRAN_RI_010-d699msjsyuu-h5rgysndxtna","d699msjsyuu-h5rgysndxtna","OccupationType","maroquinier","colletier | gibecier | gantier | ceinturier",,,,,,,,,,,,
"occupationType/FRAN_RI_010-d699msivg5e-1j356f5zbcwfi","d699msivg5e-1j356f5zbcwfi","OccupationType","mécanicien",,,,,,,,,,,,,
"occupationType/FRAN_RI_010-d699msjarlu--l5x9bzdkopz8","d699msjarlu--l5x9bzdkopz8","OccupationType","médecin",,,,,,,,,,,,,
"occupationType/FRAN_RI_010-d699msixdvh--wgctct8soc1y","d699msixdvh--wgctct8soc1y","OccupationType","membre de cabinet ministériel","chef de cabinet | conseiller technique | directeur de cabinet",,,,,,,,,,,,
"occupationType/FRAN_RI_010-d-48g1g7w3s-noixtkslwur0","d-48g1g7w3s-noixtkslwur0","OccupationType","membre de l'administration préfectorale","conseiller de préfecture | président de conseil de préfecture | secrétaire général de la préfecture | vice-président de conseil de préfecture",,,,,,,,,,,,
"occupationType/FRAN_RI_010-d-45pw8i4t0--1kaqhcapdrrkw","d-45pw8i4t0--1kaqhcapdrrkw","OccupationType","membre de la Chambre des Pairs ","Pair de France","S'applique entre 1814 et 1848",,,,,,,,,,,"18/07/2022 : Ajouté le [18/07/2022]"
"occupationType/FRAN_RI_010-d-83rsabopx--acx1k0qkuhci","d-83rsabopx--acx1k0qkuhci","OccupationType","membre de la Cour des comptes (après la Révolution)","auditeur à la Cour des comptes | conseiller maître à la Cour des comptes | conseiller référendaire à la Cour des comptes | conseiller à la Cour des comptes | expert à la Cour des comptes | premier président de la Cour des comptes | président de chambre à la Cour des comptes | rapporteur à la Cour des comptes","S'applique pour les conseillers, auditeurs, rapporteurs et experts à la cour des comptes",,,,,,,,,,,
"occupationType/FRAN_RI_010-d-40bg594b0-nbq63vdtems5","d-40bg594b0-nbq63vdtems5","OccupationType","membre du cabinet du Premier ministre",,,,,,,,,,,,,
"occupationType/FRAN_RI_010-d-11hasr639--1mmaoyj7hl5zc","d-11hasr639--1mmaoyj7hl5zc","OccupationType","membre du cabinet du président de la République",,"directeur du cabinet, secrétaire général, secrétaire général adjoint, chef de cabinet, chef de cabinet adjoint, conseiller, chargé de mission, chef de l'Etat-Major particulier",,,,,,,,,,,
"occupationType/FRAN_RI_010-d-49883jbnk-1oo1y10zm7a27","d-49883jbnk-1oo1y10zm7a27","OccupationType","membre du cabinet préfectoral","chef de cabinet préfectoral | directeur de cabinet préfectoral",,,,,,,,,,,,
"occupationType/FRAN_RI_010-d-3yfej3vh4--1hb0whssypser","d-3yfej3vh4--1hb0whssypser","OccupationType","membre du Conseil constitutionnel",,,,,,,,,,,,,
"occupationType/FRAN_RI_010-d-3zymzhstw--m2zkklpfswa1","d-3zymzhstw--m2zkklpfswa1","OccupationType","membre du Conseil d'État","auditeur au Conseil d'État | conseiller d'État | vice-président du Conseil d'État",,,,,,,,,,,,
"occupationType/FRAN_RI_010-d-474lcovck--c3a5i3atkh3s","d-474lcovck--c3a5i3atkh3s","OccupationType","membre du Conseil des Anciens",,,,,,,,,,,,,
"occupationType/FRAN_RI_010-d-46ia5kbkg--1sej57hkrujjk","d-46ia5kbkg--1sej57hkrujjk","OccupationType","membre du Conseil des Cinq-Cents",,,,,,,,,,,,,
"occupationType/FRAN_RI_010-d-3xy941cok--6yu5ctan6ha0","d-3xy941cok--6yu5ctan6ha0","OccupationType","membre du Conseil économique, social et environnemental",,,,,,,,,,,,,
"occupationType/FRAN_RI_010-d-466vobm0g--1ohcf6acrdsdx","d-466vobm0g--1ohcf6acrdsdx","OccupationType","membre du Tribunat",,,,,,,,,,,,,
"occupationType/FRAN_RI_010-d699msjk6px-1991l3mvmuk67","d699msjk6px-1991l3mvmuk67","OccupationType","menuisier","scieur | boisselier",,,,,,,,,,,,
"occupationType/FRAN_RI_010-d699msiwnby--186a147qgskui","d699msiwnby--186a147qgskui","OccupationType","messager",,,,,,,,,,,,,
"occupationType/FRAN_RI_010-d3nyu9wj3q--zbhn87kjg3md","d3nyu9wj3q--zbhn87kjg3md","OccupationType","meunier",,,,,,,,,,,,,
"occupationType/FRAN_RI_010-d699msj53l0-1180obzunmkm7","d699msj53l0-1180obzunmkm7","OccupationType","militaire","maréchal de camp",,,,,,,,,,,,
"occupationType/FRAN_RI_010-d699msio349-1nb475aqsemr0","d699msio349-1nb475aqsemr0","OccupationType","militaire du rang","gendarme | brigadier | quartier maître | matelot | caporal-chef | caporal | 1ère classe | soldat",,,,,,,,,,,,
"occupationType/FRAN_RI_010-d699msk3h6v--1a7obp35gqwv3","d699msk3h6v--1a7obp35gqwv3","OccupationType","militant politique","activiste politique",,,,,,,,,,,,
"occupationType/FRAN_RI_010-d699msjwc2y--1sprujko1h4ru","d699msjwc2y--1sprujko1h4ru","OccupationType","mineur de fond",,,,,,,,,,,,,
"occupationType/FRAN_RI_010-d699msjnw86-64seh0fmw8hj","d699msjnw86-64seh0fmw8hj","OccupationType","ministre","ministre d'État | ministre délégué | ministre sans portefeuille",,,,,,,,,,,,
"occupationType/FRAN_RI_010-d699msk6ij4-rz86l7xoq3az","d699msk6ij4-rz86l7xoq3az","OccupationType","miroitier","miroitier d'art",,,,,,,,,,,,
"occupationType/FRAN_RI_010-d699msk2oo0--79ifv7fxyatt","d699msk2oo0--79ifv7fxyatt","OccupationType","moine",,,,,,,,,,,,,
"occupationType/FRAN_RI_010-d699msj2ja0--dc94kl23dc0l","d699msj2ja0--dc94kl23dc0l","OccupationType","monnayeur",,,,,,,,,,,,,
"occupationType/FRAN_RI_010-d-1gy02swsv--875ab4am2p79","d-1gy02swsv--875ab4am2p79","OccupationType","muséographe",,,,,,,,,,,,,
"occupationType/FRAN_RI_010-d699msjsrq5--1mbyt7s1ucsrc","d699msjsrq5--1mbyt7s1ucsrc","OccupationType","musicien",,,,,,,,,,,,,
"occupationType/FRAN_RI_010-d3m0bl75klh--1t7fg4aiisk0f","d3m0bl75klh--1t7fg4aiisk0f","OccupationType","négociant",,"S'applique au comerce international et au commerce de gros.",,,,,,,,,,,
"occupationType/FRAN_RI_010-d3nyu9x713-9kcjiv44l4wh","d3nyu9x713-9kcjiv44l4wh","OccupationType","notaire",,,,,,,,,,,,,
"occupationType/FRAN_RI_010-d699msizu7v--40vdsgsdg0bg","d699msizu7v--40vdsgsdg0bg","OccupationType","nourrice",,,,,,,,,,,,,
"occupationType/FRAN_RI_010-d699msjpuqr-66gt6kmedjiv","d699msjpuqr-66gt6kmedjiv","OccupationType","officier (armée)","aide de camp | capitaine de vaisseau | capitaine de frégate | capitaine de corvette | lieutenant de vaisseau | enseigne de vaisseau | colonel | lieutenant-colonel | commandant | capitaine | lieutenant | sous-lieutenant | aspirant",,,,,,,,,,,,
"occupationType/FRAN_RI_010-d3m0bl75sip--2yj381pxz223","d3m0bl75sip--2yj381pxz223","OccupationType","officier civil (Ancien Régime)",,,,,,,,,,,,,
"occupationType/FRAN_RI_010-d3m0bl6utya-1r99n3wse0tqu","d3m0bl6utya-1r99n3wse0tqu","OccupationType","officier de l'Argenterie et menus-plaisirs du roi (Ancien Régime)",,,,,,,,,,,,,
"occupationType/FRAN_RI_010-d3m0bl6uajh-17so9m00veyub","d3m0bl6uajh-17so9m00veyub","OccupationType","officier de l'Ecurie du roi (Ancien Régime)",,,,,,,,,,,,,
"occupationType/FRAN_RI_010-d3m0bl73our-1a847lpy8zk63","d3m0bl73our-1a847lpy8zk63","OccupationType","officier de la Bouche du roi (Ancien Régime)",,,,,,,,,,,,,
"occupationType/FRAN_RI_010-d3m0bl6xvoq--1ol9jmxaeq78r","d3m0bl6xvoq--1ol9jmxaeq78r","OccupationType","officier de la Chambre du roi (Ancien Régime)",,,,,,,,,,,,,
"occupationType/FRAN_RI_010-d3m0bl71a3i--ghwi22pd5ph8","d3m0bl71a3i--ghwi22pd5ph8","OccupationType","officier de la Chapelle du roi (Ancien Régime)",,,,,,,,,,,,,
"occupationType/FRAN_RI_010-d3m0bl6vazj-t0ay8u95jfb6","d3m0bl6vazj-t0ay8u95jfb6","OccupationType","officier de la Garde-robe du roi (Ancien Régime)",,,,,,,,,,,,,
"occupationType/FRAN_RI_010-d3m0bl75fg2-1y17ypyh0oyxz","d3m0bl75fg2-1y17ypyh0oyxz","OccupationType","officier de la maison militaire du roi (Ancien Régime)",,,,,,,,,,,,,
"occupationType/FRAN_RI_010-d699msjnhyq--1o5g3frrdl8ez","d699msjnhyq--1o5g3frrdl8ez","OccupationType","officier de la marine marchande","capitaine de navire",,,,,,,,,,,,
"occupationType/FRAN_RI_010-d3m0bl764ej--1gl5s0820j3ma","d3m0bl764ej--1gl5s0820j3ma","OccupationType","officier de la Vénerie du roi (Ancien Régime)",,,,,,,,,,,,,
"occupationType/FRAN_RI_010-d699msk3a25-1xs3m641rhiyg","d699msk3a25-1xs3m641rhiyg","OccupationType","officier général","lieutenant général des armées du roi | maréchal | général | amiral",,,,,,,,,,,,
"occupationType/FRAN_RI_010-d699msiuypw-1stu6xqydts7t","d699msiuypw-1stu6xqydts7t","OccupationType","officier ministériel ou public",,"Un officier public ou ministériel est une personne titulaire d'un office conféré par l'État et nommé par décision d'un ministre. Les avoués près les cours d'appel, les huissiers de justice, les notaires, les avocats au Conseil d'État et à la Cour de cassation sont des officiers ministériels. Certains d'entre eux sont également des officiers publics, en raison de leur pouvoir d'authentifier des actes juridiques ou judiciaires et de procéder à l'exécution des décisions de justice (cas des notaires, huissiers de justice,...).(Insee).",,,,,,,,,,,
"occupationType/FRAN_RI_010-d699msiy4ta-49puw2zygzof","d699msiy4ta-49puw2zygzof","OccupationType","opticien","lunetier",,,,,,,,,,,,
"occupationType/FRAN_RI_010-d699msjq8lx--rvptbxbjgknx","d699msjq8lx--rvptbxbjgknx","OccupationType","orfèvre","lapidaire | joaillier | bijoutier | pétissier",,,,,,,,,,,,
"occupationType/FRAN_RI_010-d-7iqrh5lk4-qd3y38jcntc4","d-7iqrh5lk4-qd3y38jcntc4","OccupationType","ouvrier","ouvrière","Travailleur, travailleuse qui exécute pour le compte d'autrui, moyennant salaire, un travail manuel (dans un atelier, une mine, une manufacture, une usine, une exploitation agricole). (Source : TLFI notice « ouvrier »)",,,,,,"http://www.wikidata.org/entity/Q12713481",,,,,"04/08/2023 : Ajouté le [04/08/2023]"
"occupationType/FRAN_RI_010-d699msinc6g-psqwlumhmnf6","d699msinc6g-psqwlumhmnf6","OccupationType","ouvrier agricole","vendangeur | batteur de grains | garçon d'écurie | palefrenier",,,,,,,,,,,,
"occupationType/FRAN_RI_010-d-7jgjur4oo-1w00h0cj7fgpa","d-7jgjur4oo-1w00h0cj7fgpa","OccupationType","ouvrier d'usine","ouvrière d'usine","Travailleur, travailleuse qui exécute pour le compte d'autrui, moyennant salaire, un travail manuel dans une usine. (Source : TLFI notice « ouvrier »)",,,,,,"http://www.wikidata.org/entity/Q87285943",,,,,"04/08/2023 : Ajouté le [04/08/2023]"
"occupationType/FRAN_RI_010-d699msiqs6e--29513e0sr6ku","d699msiqs6e--29513e0sr6ku","OccupationType","pape",,,,,,,,,,,,,
"occupationType/FRAN_RI_010-d699msjtjuq--q72u43yt8izf","d699msjtjuq--q72u43yt8izf","OccupationType","papetier","fabricant de papier peint | cartonnier | fabricant de papier",,,,,,,,,,,,
"occupationType/FRAN_RI_010-d3m0bl72yb9-1iiterpz938uf","d3m0bl72yb9-1iiterpz938uf","OccupationType","parfumeur",,,,,,,,,,,,,
"occupationType/FRAN_RI_010-d699msjyi4j--1skejgcp27zug","d699msjyi4j--1skejgcp27zug","OccupationType","parlementaire","représentant du peuple","A utiliser pour les membres des assemblées législatives. Pour l'Ancien Régime, voir magistrat.",,,,,,,,,,,
"occupationType/FRAN_RI_010-d699msjywdy--1v2ykrath5h63","d699msjywdy--1v2ykrath5h63","OccupationType","passementier","toilier | rubanier",,,,,,,,,,,,
"occupationType/FRAN_RI_010-d699msjjzl8--ua1icmr1j3hs","d699msjjzl8--ua1icmr1j3hs","OccupationType","pasteur",,,,,,,,,,,,,
"occupationType/FRAN_RI_010-d699msiqaqw--d1ehei1hzuy3","d699msiqaqw--d1ehei1hzuy3","OccupationType","pâtissier","oublieur",,,,,,,,,,,,
"occupationType/FRAN_RI_010-d3m0bl753k8--1xdrv4b19n87m","d3m0bl753k8--1xdrv4b19n87m","OccupationType","paumier",,"Directeur d'une salle de jeu de paume.",,,,,,,,,,,
"occupationType/FRAN_RI_010-d699msjrlc4-1o42iifxh4nku","d699msjrlc4-1o42iifxh4nku","OccupationType","paveur-dalleur","carreleur-mosaïste | moquettiste-solier | parqueteur",,,,,,,,,,,,
"occupationType/FRAN_RI_010-d699msju4ul--10373pimp5ls7","d699msju4ul--10373pimp5ls7","OccupationType","paysagiste",,,,,,,,,,,,,
"occupationType/FRAN_RI_010-d699msit6xq-1e7tbhtd3o7v6","d699msit6xq-1e7tbhtd3o7v6","OccupationType","peintre","artiste peintre",,,,,,,,,,,,
"occupationType/FRAN_RI_010-d699msjevrr-nwali0e7hhuk","d699msjevrr-nwali0e7hhuk","OccupationType","peintre en bâtiment",,,,,,,,,,,,,
"occupationType/FRAN_RI_010-d699msk528k--nptwe9to3wux","d699msk528k--nptwe9to3wux","OccupationType","percepteur","élu d'élection | receveur-percepteur",,,,,,,,,,,,
"occupationType/FRAN_RI_010-d3m0bl72k1u--1fkdzqu8xv3r8","d3m0bl72k1u--1fkdzqu8xv3r8","OccupationType","personnel administratif",,,,,,,,,,,,,
"occupationType/FRAN_RI_010-d3m0bl71hmh-rksoyqwhtbq","d3m0bl71hmh-rksoyqwhtbq","OccupationType","personnel médical",,,,,,,,,,,,,
"occupationType/FRAN_RI_010-d3m0bl6zf5b--1qswhgkhysd6c","d3m0bl6zf5b--1qswhgkhysd6c","OccupationType","personnel navigant",,,,,,,,,,,,,
"occupationType/FRAN_RI_010-d3m0bl71sps--p3xrsu5smb9a","d3m0bl71sps--p3xrsu5smb9a","OccupationType","personnel paramédical",,,,,,,,,,,,,
"occupationType/FRAN_RI_010-d3m0bl73yd1-wqyxe7kxb0p7","d3m0bl73yd1-wqyxe7kxb0p7","OccupationType","personnel technique",,,,,,,,,,,,,
"occupationType/FRAN_RI_010-d699msiyuyk--xr0m9w1fjqyu","d699msiyuyk--xr0m9w1fjqyu","OccupationType","pharmacien","apothicaire",,,,,,,,,,,,
"occupationType/FRAN_RI_010-d699msjc4qa-1rm5osxqzj5v1","d699msjc4qa-1rm5osxqzj5v1","OccupationType","photographe",,,,,,,,,,,,,
"occupationType/FRAN_RI_010-d699msimk1v-1gcd0ugvoeiuw","d699msimk1v-1gcd0ugvoeiuw","OccupationType","pilote d'avion","aviateur",,,,,,,,,,,,
"occupationType/FRAN_RI_010-d699msin2o6-103zw4s4x9u6w","d699msin2o6-103zw4s4x9u6w","OccupationType","pipier",,,,,,,,,,,,,
"occupationType/FRAN_RI_010-d699msjxiv8--4gv49noz3uec","d699msjxiv8--4gv49noz3uec","OccupationType","plombier","fontainier | chauffagiste",,,,,,,,,,,,
"occupationType/FRAN_RI_010-d699msjmipf-1mourvd4o84cd","d699msjmipf-1mourvd4o84cd","OccupationType","poissonnier","écailler | mareyeur",,,,,,,,,,,,
"occupationType/FRAN_RI_010-d3m0bl6yk8x-1vbqofckzmkjn","d3m0bl6yk8x-1vbqofckzmkjn","OccupationType","policier","commissaire de police | inspecteur de police | gardien de la paix",,,,,,,,,,,,
"occupationType/FRAN_RI_010-d699msioky1--1bpog03944vg3","d699msioky1--1bpog03944vg3","OccupationType","pompier","sapeur-pompier",,,,,,,,,,,,
"occupationType/FRAN_RI_010-d3m0bl77ono--1v0mi2fkbap3u","d3m0bl77ono--1v0mi2fkbap3u","OccupationType","porcelainier",,,,,,,,,,,,,
"occupationType/FRAN_RI_010-d-30h8bmhxa1--a0l5qlo7ojo2","d-30h8bmhxa1--a0l5qlo7ojo2","OccupationType","porte-parole au cabinet du président de la République",,,,,,,,,,,,,
"occupationType/FRAN_RI_010-d699msis82p--1lv2p14dqjh97","d699msis82p--1lv2p14dqjh97","OccupationType","potier","céramiste",,,,,,,,,,,,
"occupationType/FRAN_RI_010-d699msjz3io-bntweexnliwe","d699msjz3io-bntweexnliwe","OccupationType","précepteur",,,,,,,,,,,,,
"occupationType/FRAN_RI_010-d3nyu9xige-1dbbvsqzr0tfp","d3nyu9xige-1dbbvsqzr0tfp","OccupationType","préfet",,,,,,,,,,,,,
"occupationType/FRAN_RI_010-d-klwqk3wg-1g6jplogitypz","d-klwqk3wg-1g6jplogitypz","OccupationType","préfet de police de Paris",,"Le préfet de police de Paris, sous l'autorité du ministre de l'Intérieur, est responsable de l’ensemble du dispositif de sécurité intérieure sur le territoire de Paris et des départements des Hauts-de-Seine, de la Seine-Saint-Denis et du Val-de-Marne. Il a, à ce titre, la charge de l'ordre public, qu'il met en œuvre au travers de ses propres directions de police ou en faisant appel aux unités de la gendarmerie nationale ou aux compagnies républicaines de sécurité. (Source : https://fr.wikipedia.org/wiki/Pr%C3%A9fecture_de_police_(Paris))",,,,,,,,,,,"26/07/2022 : Ajouté le [26/07/2022]"
"occupationType/FRAN_RI_010-d-m731olpw-12gkbu74ika32","d-m731olpw-12gkbu74ika32","OccupationType","préfet de police des Bouches-du-Rhône","préfet de police de Marseille","Le préfet de police des Bouches-du-Rhône dirige la préfecture de police des Bouches-du-Rhône, qui est l'institution chargée de mettre en œuvre la politique nationale de sécurité intérieure dans le département des Bouches-du-Rhône. La fonction de préfet de police des Bouches-du-Rhône est créée par décret en date du 15 octobre 2012. Un préfet délégué pour la police a été institué dans les Bouches-du-Rhône en 1972. Renommé en 1989 préfet adjoint pour la sécurité, puis en 1993, préfet délégué pour la sécurité et la défense. Couramment dénommés « préfet de police », ces préfets assistent en fait le préfet de zone pour animer et coordonner l’action des services de police dans le département. À la suite de nombreux règlements de compte impliquant des trafiquants de drogue dans l'agglomération marseillaise,un préfet de police de plein exercice pour les Bouches-du-Rhône en 2012. (Source : https://fr.wikipedia.org/wiki/Pr%C3%A9fecture_de_police_des_Bouches-du-Rh%C3%B4ne)",,,,,,,,,,,"26/07/2022 : Ajouté le [26/07/2022]"
"occupationType/FRAN_RI_010-d-49tropmms--1faf9966yyf3a","d-49tropmms--1faf9966yyf3a","OccupationType","préfet de région",,,,,,,,,,,,,
"occupationType/FRAN_RI_010-d699msk0img--7efh792syhb7","d699msk0img--7efh792syhb7","OccupationType","premier ministre",,,,,,,,,,,,,
"occupationType/FRAN_RI_010-d3m0bl72qsa--ekenid4c2nma","d3m0bl72qsa--ekenid4c2nma","OccupationType","président au parlement (Ancien Régime)",,,,,,,,,,,,,
"occupationType/FRAN_RI_010-d3m0bl6xk75-11orc8pf2e2re","d3m0bl6xk75-11orc8pf2e2re","OccupationType","président de cour souveraine (Ancien Régime)",,,,,,,,,,,,,
"occupationType/FRAN_RI_010-d-41kf2wyvg--v3k9tf24otg4","d-41kf2wyvg--v3k9tf24otg4","OccupationType","président de l'Assemblée constituante",,,,,,,,,,,,,
"occupationType/FRAN_RI_010-d699msjhgh0--4j827yzv1s19","d699msjhgh0--4j827yzv1s19","OccupationType","président de l'Assemblée nationale",,,,,,,,,,,,,
"occupationType/FRAN_RI_010-d-41suuyxf0--1f45hruwtz9py","d-41suuyxf0--1f45hruwtz9py","OccupationType","président de l'Assemblée nationale législative",,,,,,,,,,,,,
"occupationType/FRAN_RI_010-d-425zo373c-1f5ywkn7d9pxa","d-425zo373c-1f5ywkn7d9pxa","OccupationType","président de la Chambre des députés",,,,,,,,,,,,,
"occupationType/FRAN_RI_010-d-42ho44g90--etv71659m6ev","d-42ho44g90--etv71659m6ev","OccupationType","président de la Convention nationale",,,,,,,,,,,,,
"occupationType/FRAN_RI_010-d699msj6vd5-1ixwzgwbq0xrs","d699msj6vd5-1ixwzgwbq0xrs","OccupationType","président de la République",,,,,,,,,,,,,
"occupationType/FRAN_RI_010-d699msjoa3b--rixjtrrcp6f0","d699msjoa3b--rixjtrrcp6f0","OccupationType","président du Conseil",,,,,,,,,,,,,
"occupationType/FRAN_RI_010-d-43xjjtl8o--wnjtc3jzjqhp","d-43xjjtl8o--wnjtc3jzjqhp","OccupationType","président du Conseil des Cinq-Cents",,,,,,,,,,,,,
"occupationType/FRAN_RI_010-d-44whdzktg--8clvj2vlegym","d-44whdzktg--8clvj2vlegym","OccupationType","président du Corps législatif",,,,,,,,,,,,,
"occupationType/FRAN_RI_010-d-6hlla2b98--g0w1fhf6ut4o","d-6hlla2b98--g0w1fhf6ut4o","OccupationType","président du Sénat",,,,,,,,,,,,,
"occupationType/FRAN_RI_010-d-4593e2r38--1nmmqumsn4a9f","d-4593e2r38--1nmmqumsn4a9f","OccupationType","président du Tribunat",,,,,,,,,,,,,
"occupationType/FRAN_RI_010-d699msjd4dv--14ekvu9jh4wb9","d699msjd4dv--14ekvu9jh4wb9","OccupationType","prêtre","aumônier",,,,,,,,,,,,
"occupationType/FRAN_RI_010-d3m0bl76xbm-1a0wgbm44qgbk","d3m0bl76xbm-1a0wgbm44qgbk","OccupationType","prévôt (Ancien Régime)",,,,,,,,,,,,,
"occupationType/FRAN_RI_010-d3m0bl78esx--1hm2vwyr9tnfd","d3m0bl78esx--1hm2vwyr9tnfd","OccupationType","prévôt de Paris (Ancien Régime)",,,,,,,,,,,,,
"occupationType/FRAN_RI_010-d3m0bl6w89i-5ocs1mlz4kg8","d3m0bl6w89i-5ocs1mlz4kg8","OccupationType","prévôt des marchands (Ancien Régime)",,,,,,,,,,,,,
"occupationType/FRAN_RI_010-d3m0bl6wdt5-1mfk8wcq0a87h","d3m0bl6wdt5-1mfk8wcq0a87h","OccupationType","prévôt des maréchaux (Ancien Régime)",,,,,,,,,,,,,
"occupationType/FRAN_RI_010-d3m0bl74hdl-6vhnk4hry8uj","d3m0bl74hdl-6vhnk4hry8uj","OccupationType","procureur de justice (Ancien Régime)",,,,,,,,,,,,,
"occupationType/FRAN_RI_010-d3m0bl6tfn3--1ki0d3yfobfyj","d3m0bl6tfn3--1ki0d3yfobfyj","OccupationType","procureur du roi (Ancien Régime)",,,,,,,,,,,,,
"occupationType/FRAN_RI_010-d-2pycceevo--1n3omf4gf5txm","d-2pycceevo--1n3omf4gf5txm","OccupationType","producteur d'émissions de radio ou télévision",,,,,,,,,,,,,
"occupationType/FRAN_RI_010-d699msiw6ap-45btn6xbxo3i","d699msiw6ap-45btn6xbxo3i","OccupationType","promoteur immobilier",,,,,,,,,,,,,
"occupationType/FRAN_RI_010-d-7kbawjug0-1tqwsjr0qs38u","d-7kbawjug0-1tqwsjr0qs38u","OccupationType","propriétaire",,"Personne qui possède un bien, et plus particulièrement un bien immeuble ou un bien-fonds. (Source : TLFI notice « propriétaire »)",,,,,,"http://www.wikidata.org/entity/Q12794619",,,,,"04/08/2023 : Ajouté le [04/08/2023]"
"occupationType/FRAN_RI_010-d-8nkq1dlyb-9yes52tnt4x6","d-8nkq1dlyb-9yes52tnt4x6","OccupationType","psychiatre",,"Médecin spécialisé en santé mentale, exerçant la psychiatrie",,,,,,,,,,,
"occupationType/FRAN_RI_010-d-8o1o09an5--1hqno6l8gqwkw","d-8o1o09an5--1hqno6l8gqwkw","OccupationType","psychologue",,"En France, le titre de psychologue est protégé et reconnu par l’État depuis 1985. Pour faire usage du titre, le psychologue a fait des études de psychologie permettant l'obtention d'une licence et d'un Master 2 accompagnées de la réalisation d'un mémoire de fin d'études et d'un stage annuel professionnalisant. Les psychologues sont par ailleurs tenus de faire enregistrer leurs diplômes auprès de l'agence régionale de santé (ARS) de leur secteur d'exercice (activité salariée, libérale ou mixte).",,,,,,,,,,,
"occupationType/FRAN_RI_010-d699msiym8t-1hfhc1cu1lp04","d699msiym8t-1hfhc1cu1lp04","OccupationType","publicitaire",,,,,,,,,,,,,
"occupationType/FRAN_RI_010-d699msjqmh3--wslm5rpf53cn","d699msjqmh3--wslm5rpf53cn","OccupationType","puéricultrice",,,,,,,,,,,,,
"occupationType/FRAN_RI_010-d699msivov6--1t2wimdakexm8","d699msivov6--1t2wimdakexm8","OccupationType","puisatier",,,,,,,,,,,,,
"occupationType/FRAN_RI_010-d699msk1ia0--1p17bpaxi4upv","d699msk1ia0--1p17bpaxi4upv","OccupationType","rabbin",,,,,,,,,,,,,
"occupationType/FRAN_RI_010-d3m0bl7453h--1v6qdoxc5bnjt","d3m0bl7453h--1v6qdoxc5bnjt","OccupationType","ramoneur","fumiste",,,,,,,,,,,,
"occupationType/FRAN_RI_010-d3nyub73ic-1g5es55lb2lpf","d3nyub73ic-1g5es55lb2lpf","OccupationType","recteur d'université",,"représentant élu d'une université au Moyen-Age.",,,,,,,,,,,
"occupationType/FRAN_RI_010-d699msikopd--xib7lmf6g7up","d699msikopd--xib7lmf6g7up","OccupationType","religieux",,,,,,,,,,,,,
"occupationType/FRAN_RI_010-d-7kwus08sw--10p61if5hhkji","d-7kwus08sw--10p61if5hhkji","OccupationType","rentier","rentière","Personne qui a des rentes, qui vit de revenus non professionnels. (d’après le TLFI notice « rentier »)",,,,,,"http://www.wikidata.org/entity/Q7313543",,,,,"04/08/2023 : Ajouté le [04/08/2023]"
"occupationType/FRAN_RI_010-d-40tlgbyb4--7azl928yzij","d-40tlgbyb4--7azl928yzij","OccupationType","représentant officiel du gouvernement dans une colonie ou dans un territoire étranger","gouverneur général | résident général | secrétaire général","S'applique au résident général, au gouverneur général, au secrétaire général dans les colonies ou territoire étranger.",,,,,,,,,,,
"occupationType/FRAN_RI_010-d-2dlouru40-16uts12xdm4zl","d-2dlouru40-16uts12xdm4zl","OccupationType","résistant",,"pendant la deuxième guerre mondiale",,,,,,,,,,,
"occupationType/FRAN_RI_010-d-l0jya1ik6x--16fn7glte863o","d-l0jya1ik6x--16fn7glte863o","OccupationType","responsable d'établissement public",,"peut être utilisé pour les présidents d'université",,,,,,,,,,,
"occupationType/FRAN_RI_010-d699msjfums--1u0fzz7t9yqj6","d699msjfums--1u0fzz7t9yqj6","OccupationType","restaurateur","traiteur | tavernier | limonadier | gargotier | cafetier | cabaretier",,,,,,,,,,,,
"occupationType/FRAN_RI_010-d3m0bl790zk-14ck0bghlhwe7","d3m0bl790zk-14ck0bghlhwe7","OccupationType","restaurateur (patrimoine)",,,,,,,,,,,,,
"occupationType/FRAN_RI_010-d699msjiexs--1fx3f79vo0q0t","d699msjiexs--1fx3f79vo0q0t","OccupationType","retraité",,,,,,,,,,,,,
"occupationType/FRAN_RI_010-d699msjrelo--impynbsoqegr","d699msjrelo--impynbsoqegr","OccupationType","sage-femme",,,,,,,,,,,,,
"occupationType/FRAN_RI_010-d3m0bl6tti8-13lvkut60bc74","d3m0bl6tti8-13lvkut60bc74","OccupationType","salpêtrier",,,,,,,,,,,,,
"occupationType/FRAN_RI_010-d-1gopa6w8m-th6uen1fq701","d-1gopa6w8m-th6uen1fq701","OccupationType","scénographe",,,,,,,,,,,,,
"occupationType/FRAN_RI_010-d699msjhuc6-1ej5x6x3vrji2","d699msjhuc6-1ej5x6x3vrji2","OccupationType","sculpteur","tailleur d'images | tailleur d'antiques | tombier",,,,,,,,,,,,
"occupationType/FRAN_RI_010-d699msj4ugz--1lgbq1d52vyvi","d699msj4ugz--1lgbq1d52vyvi","OccupationType","secrétaire",,,,,,,,,,,,,
"occupationType/FRAN_RI_010-d699msj5les--1kxyfzhpd7g0m","d699msj5les--1kxyfzhpd7g0m","OccupationType","secrétaire d'Etat",,,,,,,,,,,,,
"occupationType/FRAN_RI_010-d3m0bl70eel--65ak92lk2gdp","d3m0bl70eel--65ak92lk2gdp","OccupationType","secrétaire d'Etat (Ancien Régime)","secrétaire des commandements",,,,,,,,,,,,
"occupationType/FRAN_RI_010-d3m0bl73710--wnojjgx6y55f","d3m0bl73710--wnojjgx6y55f","OccupationType","secrétaire des finances (Ancien Régime)","secrétaire du Conseil",,,,,,,,,,,,
"occupationType/FRAN_RI_010-d3m0bl73iwu-1i8wqs91go8e3","d3m0bl73iwu-1i8wqs91go8e3","OccupationType","secrétaire du roi (Ancien Régime)",,,,,,,,,,,,,
"occupationType/FRAN_RI_010-d699msjjlbs--1vztldl20x60p","d699msjjlbs--1vztldl20x60p","OccupationType","sellier","bourrelier",,,,,,,,,,,,
"occupationType/FRAN_RI_010-d699msj9l7t-1gb5a09kkzrmp","d699msj9l7t-1gb5a09kkzrmp","OccupationType","sénateur","sénateur inamovible",,,,,,,,,,,,
"occupationType/FRAN_RI_010-d699msjnau1-1dftmizt8mjfs","d699msjnau1-1dftmizt8mjfs","OccupationType","serrurier","métallier-serrurier",,,,,,,,,,,,
"occupationType/FRAN_RI_010-d699msj7zrv-cbjgw9zhxm7q","d699msj7zrv-cbjgw9zhxm7q","OccupationType","serveur",,,,,,,,,,,,,
"occupationType/FRAN_RI_010-d-7lhn8dk74--1fblyuk3b97hr","d-7lhn8dk74--1fblyuk3b97hr","OccupationType","sommelier","sommelière","Personne responsable des vins et des boissons alcoolisées, de la vaisselle et du linge de table dans le milieu de la restauration ou dans une grande maison. (d’après le TLFI notice « sommelier » et Wikipédia (2023))",,,,,,"http://www.wikidata.org/entity/Q191493",,,,,"04/08/2023 : Ajouté le [04/08/2023]"
"occupationType/FRAN_RI_010-d3m0bl74an5--hol3tca0mdgf","d3m0bl74an5--hol3tca0mdgf","OccupationType","sonneur","carillonneur",,,,,,,,,,,,
"occupationType/FRAN_RI_010-d699msjx4lt--1wcrunnkl2dvy","d699msjx4lt--1wcrunnkl2dvy","OccupationType","sous-officier","maître principal | premier maître | second maître | major | adjudant-chef | adjudant | sergent-chef | sergent | officier-marinier",,,,,,,,,,,,
"occupationType/FRAN_RI_010-d699msj9z2z-1l1dmark2fa5i","d699msj9z2z-1l1dmark2fa5i","OccupationType","sous-préfet",,,,,,,,,,,,,
"occupationType/FRAN_RI_010-d699msjvr33-1uifysnie6i1p","d699msjvr33-1uifysnie6i1p","OccupationType","souverain","impératrice | tsar | empereur | régente | reine | régent | roi",,,,,,,,,,,,
"occupationType/FRAN_RI_010-d-7m6qrhx9s-ve6clsv8v5xl","d-7m6qrhx9s-ve6clsv8v5xl","OccupationType","sportif","athlète | gymnaste | sportive","Personne qui pratique un ou plusieurs sports. (d’après le TLFI notice « sportif »)",,,,,,"http://www.wikidata.org/entity/Q2066131",,,,,"04/08/2023 : Ajouté le [04/08/2023]"
"occupationType/FRAN_RI_010-d-7n3g3ppps-14cl4p5f9cq31","d-7n3g3ppps-14cl4p5f9cq31","OccupationType","standardiste","demoiselle du téléphone | téléphoniste","Personne chargée du service d'un standard téléphonique. (Source : TLFI notice « standardiste »)",,,,,,"http://www.wikidata.org/entity/Q1261521",,,,,"04/08/2023 : Ajouté le [04/08/2023]"
"occupationType/FRAN_RI_010-d3m0bl77crt-120k6wbc2esio","d3m0bl77crt-120k6wbc2esio","OccupationType","surintendant (Ancien Régime)",,,,,,,,,,,,,
"occupationType/FRAN_RI_010-d699msjmbyz-yxpcx7wpwsnq","d699msjmbyz-yxpcx7wpwsnq","OccupationType","syndicaliste","dirigeant syndical","S'applique aussi pour les présidents d'organisations patronales",,,,,,,,,,,
"occupationType/FRAN_RI_010-d699msjg8w7-10vykcaxq88j4","d699msjg8w7-10vykcaxq88j4","OccupationType","syndic de faillite",,,,,,,,,,,,,
"occupationType/FRAN_RI_010-d699msjpn7s--1x0eyu8r4skwm","d699msjpn7s--1x0eyu8r4skwm","OccupationType","tabellion",,,,,,,,,,,,,
"occupationType/FRAN_RI_010-d699msjfgrm--vjsp942g410c","d699msjfgrm--vjsp942g410c","OccupationType","tabletier","patenôtrier | nacrier | ivoirier | écailliste | cornier | brossier | boutonnier | bimbelotier",,,,,,,,,,,,
"occupationType/FRAN_RI_010-d699msk03yr--1wmwxxn655jxq","d699msk03yr--1wmwxxn655jxq","OccupationType","tailleur d'habits","ravaudeur | retoucheur | tailleur | couturier",,,,,,,,,,,,
"occupationType/FRAN_RI_010-d699msjdwig--3gn6xk04pmjj","d699msjdwig--3gn6xk04pmjj","OccupationType","tailleur de pierre","marbrier | appareilleur",,,,,,,,,,,,
"occupationType/FRAN_RI_010-d699msiwwfz-1htdx0ls0bkbx","d699msiwwfz-1htdx0ls0bkbx","OccupationType","tanneur","baudroyer | courroyeur | corroyeur | pareur | peaussier | parcheminier | mégissier",,,,,,,,,,,,
"occupationType/FRAN_RI_010-d699msix55q-6ikfcfwpcnzs","d699msix55q-6ikfcfwpcnzs","OccupationType","tapissier","courtepointier",,,,,,,,,,,,
"occupationType/FRAN_RI_010-d3m0bl72bc3--18jk0gqpurbwp","d3m0bl72bc3--18jk0gqpurbwp","OccupationType","teinturier blanchisseur",,,,,,,,,,,,,
"occupationType/FRAN_RI_010-d699msjxbqj--17ui6b41dxt9h","d699msjxbqj--17ui6b41dxt9h","OccupationType","terrassier",,,,,,,,,,,,,
"occupationType/FRAN_RI_010-d699msioc8a--1p95qthlb1syo","d699msioc8a--1p95qthlb1syo","OccupationType","tisserand","tissutier | couverturier | lissier",,,,,,,,,,,,
"occupationType/FRAN_RI_010-d699msjkdun-1x0n9t0eqiw9y","d699msjkdun-1x0n9t0eqiw9y","OccupationType","tonnelier",,,,,,,,,,,,,
"occupationType/FRAN_RI_010-d3m0bl78999-111m4zqnvmjos","d3m0bl78999-111m4zqnvmjos","OccupationType","tourneur",,"S'applique à tous les matériaux.",,,,,,,,,,,
"occupationType/FRAN_RI_010-d699msjadcf-jdxhdmc1t73a","d699msjadcf-jdxhdmc1t73a","OccupationType","traducteur",,,,,,,,,,,,,
"occupationType/FRAN_RI_010-d699msk3vga-1k73o45nksby8","d699msk3vga-1k73o45nksby8","OccupationType","transporteur de marchandises","voiturier",,,,,,,,,,,,
"occupationType/FRAN_RI_010-d3m0bl6wug5-uopxzo8mxp1p","d3m0bl6wug5-uopxzo8mxp1p","OccupationType","travailleur social","conseiller en économie sociale familiale | éducateur | assistant familial | assistant social",,,,,,,,,,,,
"occupationType/FRAN_RI_010-d3m0bl79hmj-1ljboj04wr8q9","d3m0bl79hmj-1ljboj04wr8q9","OccupationType","trésorier",,,,,,,,,,,,,
"occupationType/FRAN_RI_010-d3m0bl7082e--17jqkp7i2zjts","d3m0bl7082e--17jqkp7i2zjts","OccupationType","trésorier de France (Ancien Régime)",,,,,,,,,,,,,
"occupationType/FRAN_RI_010-d3m0bl70rvh-1axp8xp82x6vh","d3m0bl70rvh-1axp8xp82x6vh","OccupationType","trésorier payeur (Ancien Régime)","payeur | receveur",,,,,,,,,,,,
"occupationType/FRAN_RI_010-d-416q4ewz8-oaaivg5yooio","d-416q4ewz8-oaaivg5yooio","OccupationType","trésorier-payeur-général",,"S'applique à la période contemporaine.",,,,,,,,,,,
"occupationType/FRAN_RI_010-d699msjw4y9--3czdp7gnzrpg","d699msjw4y9--3czdp7gnzrpg","OccupationType","vannier-rotinier",,,,,,,,,,,,,
"occupationType/FRAN_RI_010-d699msimaxv--12qpv4at0g3qh","d699msimaxv--12qpv4at0g3qh","OccupationType","verrier","souffleur de verre",,,,,,,,,,,,
"occupationType/FRAN_RI_010-d699msk5vy7-1mbevo5nga0sf","d699msk5vy7-1mbevo5nga0sf","OccupationType","vétérinaire",,,,,,,,,,,,,
"occupationType/FRAN_RI_010-d3m0bl7blah--npnstwvyuszh","d3m0bl7blah--npnstwvyuszh","OccupationType","vinaigrier",,,,,,,,,,,,,
"occupationType/FRAN_RI_010-d699msk0b3h-1rnqhjpzqo30j","d699msk0b3h-1rnqhjpzqo30j","OccupationType","viticulteur","vigneron",,,,,,,,,,,,
"occupationType/FRAN_RI_010-d699msivx6o--133qheu61b70o","d699msivx6o--133qheu61b70o","OccupationType","vitrier",,,,,,,,,,,,,
"occupationType/FRAN_RI_010-d699msjukat-kea5jbvpyq3i","d699msjukat-kea5jbvpyq3i","OccupationType","volailler","poulailler",,,,,,,,,,,,
"occupationType/FRAN_RI_010-d699msjhnlq-k0up5jqymw8t","d699msjhnlq-k0up5jqymw8t","OccupationType","voyageur de commerce","représentant de commerce | commis voyageur",,,,,,,,,,,,