"URI (segment de base http://data.archives-nationales.culture.gouv.fr/","Identifiant du département dans la version du référentiel interne au SIA (RI_005)","Dénomination préférée (skos:prefLabel)","Dénominations alternatives (skos:altLabel)","Date de début  d’existence (rico:beginningDate)","Date de fin  d’existence (rico:endDate)","Historique (rico:history)","Nom et id de la région administrative d’appartenance","Code INSEE","chef-lieu","Lieux équivalents dans d’autres référentiels (owl:sameAs)","Départements adjacents","Notes sur les modifications effectuées pour ce lieu (skos:changeNote)"
"place/FRAN_RI_005-d3ntb70dhk-1lf59tn8rsvbw","d3ntb70dhk-1lf59tn8rsvbw","Ain (Rhône-Alpes, département)",,"1790",,,"Auvergne-Rhône-Alpes (2016-.... ; région administrative) [d-5f0vj727s--1abiwfn04l9rn] | Rhône-Alpes (1982-2015 ; région administrative) [d3ntb6zkth-auq4chs5b3rr]","01","Bourg-en-Bresse (Ain) [d3ntcnyy7x--ztjvkgdizq45]","http://id.insee.fr/geo/departement/01 | http://data.ign.fr/id/geofla/departement/01 | http://data.alegoria-project.fr/id/ign/unitesadministratives/departement/01","Savoie (Rhône-Alpes, département) [d3ntb8q3h4--1f9odtoezxb1g] | Isère (Rhône-Alpes, département) [d3ntb7zns3-w0k2gr4p0iqu] | Rhône (Rhône-Alpes, département) [d3ntb8kmo4-14vv2fdq38hkk] | Haute-Savoie (Rhône-Alpes, département) [d3ntb7vvrg-hbpr0b4qr6af] | Saône-et-Loire (Bourgogne, département) [d3ntb8p5ms-l4smwbm63dp5] | Jura (Franche-Comté, département) [d5bdp3zrcm-e7nbba4rriom]",
"place/FRAN_RI_005-d3ntb70r2g--1uw0k9ewfsj4r","d3ntb70r2g--1uw0k9ewfsj4r","Aisne (Picardie, département)",,"1790",,,"Hauts-de-France (2016-.... ; région administrative) [d-43iu15qv1-1k199wk94zszp] | Picardie (1982-2015 ; région administrative) [d3ntb6yes9--1x9ljqkt7ybbt]","02","Laon (Aisne) [d3ntcwbbrg--1zv85px7xf3r]","http://id.insee.fr/geo/departement/02 | http://data.ign.fr/id/geofla/departement/02 | http://data.alegoria-project.fr/id/ign/unitesadministratives/departement/02","Marne (Champagne-Ardenne, département) [d3ntb8850g-1p10efjw2vyw3] | Ardennes (Champagne-Ardenne, département) [d3ntb74erw--zzvf2h1n9aip] | Nord (Nord-Pas-de-Calais, département) [d3ntb8eunk--t1uxigkbqayp] | Somme (Picardie, département) [d3ntb8u6x2-iq75f6vdwu0a] | Oise (Picardie, département) [d3ntb8gs2c-r7m1xcm91zhq] | Seine-et-Marne (Ile-de-France, département) [d3ntb8r1j8-pfqcs6tkazic]",
"place/FRAN_RI_005-d-2mj43c6f3--1txndr69h93g9","d-2mj43c6f3--1txndr69h93g9","Alger (Algérie ; département ; 1848-1962)","Département d'Alger","1848","1962","Le département d'Alger est une ancienne subdivision territoriale de l'Algérie. Créé par la France en 1848, il est réorganisé en 1957. Il a été maintenu après l'indépendance de l'Algérie en 1962, jusqu'en 1968, date à laquelle la wilaya d'Alger lui a succédé. Son chef-lieu était Alger. Considérée comme une province française, l'Algérie fut départementalisée le 9 décembre 1848. Les départements créés à cette date étaient la zone civile des trois provinces correspondant aux beyliks de la régence d'Alger récemment conquis. Par conséquent, la ville d'Alger est faite préfecture du département portant son nom, couvrant alors le centre de l'Algérie, laissant à l'est le département de Constantine et à l'ouest le département d'Oran. (Source : https://fr.wikipedia.org/wiki/D%C3%A9partement_d%27Alger )",,,,"http://www.wikidata.org/entity/Q2017661",,"08/03/2021 : Lieu ajouté le [08/03/2021]"
"place/FRAN_RI_005-d3ntb713cs-uv28hws58a4c","d3ntb713cs-uv28hws58a4c","Allier (Auvergne, département)",,"1790",,,"Auvergne-Rhône-Alpes (2016-.... ; région administrative) [d-5f0vj727s--1abiwfn04l9rn] | Auvergne (1982-2015 ; région administrative) [d3ntb5nsnj--jrkyz6vwvi4f]","03","Moulins (Allier) [d3ntd3htgs-1b3yqa9olqavj]","http://id.insee.fr/geo/departement/03 | http://data.ign.fr/id/geofla/departement/03 | http://data.alegoria-project.fr/id/ign/unitesadministratives/departement/03","Puy-de-Dôme (Auvergne, département) [d3ntb8jcjf--14j38x9l75uuq] | Loire (Rhône-Alpes, département) [d3ntb84vj6-1xuqcjld3ig9m] | Saône-et-Loire (Bourgogne, département) [d3ntb8p5ms-l4smwbm63dp5] | Nièvre (Bourgogne, département) [d3ntb8ej0i-1mhq8etaawzq8] | Cher (Centre, département) [d3ntb7g2gw--4rv27gfdzgqg] | Creuse (Limousin, département) [d3ntb7il7x--1vk7pyy7wolw8]",
"place/FRAN_RI_005-d3ntb71ye9-13lxy96a9y8yw","d3ntb71ye9-13lxy96a9y8yw","Alpes-de-Haute-Provence (Provence-Alpes-Côte-d'Azur, département)","Basses-Alpes","1790",,"13 avril 1970 : Le département des Basses-Alpes est renommé département des Alpes-de-Haute-Provence.","Provence-Alpes-Côte-d'Azur (1982-.... ; région administrative) [d3ntb6z7gc--1n390pvx9c09r]","04","Digne-les-Bains (Alpes-de-Haute-Provence) [d3ntd85d1b--1xvjali36rr2w]","http://id.insee.fr/geo/departement/04 | http://data.ign.fr/id/geofla/departement/04 | http://data.alegoria-project.fr/id/ign/unitesadministratives/departement/04","Drôme (Rhône-Alpes, département) [d3ntb7lpqq-1mxfdar3kkm5j] | Vaucluse (Provence-Alpes-Côte-d'Azur, département) [d3ntb8zmn9-1hsz0e2skhfyr] | Alpes-Maritimes (Provence-Alpes-Côte-d'Azur, département) [d3ntb72c6w--1c18qe82chlnk] | Hautes-Alpes (Provence-Alpes-Côte-d'Azur, département) [d3ntb7wtls-1hjgdcwweevc5] | Var (Provence-Alpes-Côte-d'Azur, département) [d3ntb8zasg-egwm34z1nh4v]",
"place/FRAN_RI_005-d3ntb72c6w--1c18qe82chlnk","d3ntb72c6w--1c18qe82chlnk","Alpes-Maritimes (Provence-Alpes-Côte-d'Azur, département)",,"1790",,,"Provence-Alpes-Côte-d'Azur (1982-.... ; région administrative) [d3ntb6z7gc--1n390pvx9c09r]","06","Nice (Alpes-Maritimes) [d3ntdcke2y--1vqnorbkqynkh]","http://id.insee.fr/geo/departement/06 | http://data.ign.fr/id/geofla/departement/06 | http://data.alegoria-project.fr/id/ign/unitesadministratives/departement/06","Alpes-de-Haute-Provence (Provence-Alpes-Côte-d'Azur, département) [d3ntb71ye9-13lxy96a9y8yw] | Var (Provence-Alpes-Côte-d'Azur, département) [d3ntb8zasg-egwm34z1nh4v]",
"place/FRAN_RI_005-d3ntb736db-ig095rbsjf1h","d3ntb736db-ig095rbsjf1h","Appenins (France, département, 1805-1814)",,"1805","1814",,,,,,,
"place/FRAN_RI_005-d3ntb73jy7-1pnyw2kxo9ifh","d3ntb73jy7-1pnyw2kxo9ifh","Ardèche (Rhône-Alpes, département)",,"1790",,,"Auvergne-Rhône-Alpes (2016-.... ; région administrative) [d-5f0vj727s--1abiwfn04l9rn] | Rhône-Alpes (1982-2015 ; région administrative) [d3ntb6zkth-auq4chs5b3rr]","07","Privas (Ardèche) [d3ntdfdu39-1r81t5mh1jdi5]","http://id.insee.fr/geo/departement/07 | http://data.ign.fr/id/geofla/departement/07 | http://data.alegoria-project.fr/id/ign/unitesadministratives/departement/07","Haute-Loire (Auvergne, département) [d3ntb7ud84-8g9dowx5rt99] | Isère (Rhône-Alpes, département) [d3ntb7zns3-w0k2gr4p0iqu] | Loire (Rhône-Alpes, département) [d3ntb84vj6-1xuqcjld3ig9m] | Drôme (Rhône-Alpes, département) [d3ntb7lpqq-1mxfdar3kkm5j] | Gard (Languedoc-Roussillon, département) [d3ntb7qeqo--1c0rjakf6f1n8] | Lozère (Languedoc-Roussillon, département) [d3ntb86j0z--yrnxrer7n94l] | Vaucluse (Provence-Alpes-Côte-d'Azur, département) [d3ntb8zmn9-1hsz0e2skhfyr]",
"place/FRAN_RI_005-d3ntb74erw--zzvf2h1n9aip","d3ntb74erw--zzvf2h1n9aip","Ardennes (Champagne-Ardenne, département)",,"1790",,,"Grand Est (2016-.... ; région administrative) [d-2i7639zb5-1uyr7picq5c94] | Champagne-Ardenne (1982-2015 ; région administrative) [d3ntb5qjlg-4hc4majg8u11]","08","Charleville-Mézières (Ardennes) [d3ntdi6ukv-mjl8brd7geo8]","http://id.insee.fr/geo/departement/08 | http://data.ign.fr/id/geofla/departement/08 | http://data.alegoria-project.fr/id/ign/unitesadministratives/departement/08","Marne (Champagne-Ardenne, département) [d3ntb8850g-1p10efjw2vyw3] | Meuse (Lorraine, département) [d3ntb8bmom-1adeafepkz7op] | Aisne (Picardie, département) [d3ntb70r2g--1uw0k9ewfsj4r]",
"place/FRAN_RI_005-d3ntb74ssb--j5jml422wi5p","d3ntb74ssb--j5jml422wi5p","Ariège (Midi-Pyrénées, département)",,"1790",,,"Occitanie (2016-.... ; région administrative) [d-57mwwmhl6--chnmk0p3vbgs] | Midi-Pyrénées (1982-2015 ; région administrative) [d3ntb6xb4d-1815b33y709yf]","09","Foix (Ariège) [d3ntdnm290-1lenpfjp7c3z4]","http://id.insee.fr/geo/departement/09 | http://data.ign.fr/id/geofla/departement/09 | http://data.alegoria-project.fr/id/ign/unitesadministratives/departement/09","Haute-Garonne (Midi-Pyrénées, département) [d3ntb7u15k--higdrdw7ywx8] | Pyrénées-Orientales (Languedoc-Roussillon, département) [d3ntb8jzlr--1ebkp4txjj0zn] | Aude (Languedoc-Roussillon, département) [d3ntb76w0m--snagmafhvgey]",
"place/FRAN_RI_005-d3ntb75n6i-1kvnlsjkcleu0","d3ntb75n6i-1kvnlsjkcleu0","Arno (France, département, 1808-1814)",,"1808","1814",,,,,,,
"place/FRAN_RI_005-d3ntb7616w-1ulrt8mz7jar1","d3ntb7616w-1ulrt8mz7jar1","Aube (Champagne-Ardenne, département)",,"1790",,,"Grand Est (2016-.... ; région administrative) [d-2i7639zb5-1uyr7picq5c94] | Champagne-Ardenne (1982-2015 ; région administrative) [d3ntb5qjlg-4hc4majg8u11]","10","Troyes (Aube) [d3ntdueqfy--1j5vun0y1bo7d]","http://id.insee.fr/geo/departement/10 | http://data.ign.fr/id/geofla/departement/10 | http://data.alegoria-project.fr/id/ign/unitesadministratives/departement/10","Yonne (Bourgogne, département) [d3ntb918mq--w6r60hxod5vb] | Côte-d'Or (Bourgogne, département) [d3ntb7heyx--g2riisb6ka8j] | Marne (Champagne-Ardenne, département) [d3ntb8850g-1p10efjw2vyw3] | Haute-Marne (Champagne-Ardenne, département) [d3ntb7uov6--ysbcy23g4kr9] | Seine-et-Marne (Ile-de-France, département) [d3ntb8r1j8-pfqcs6tkazic]",
"place/FRAN_RI_005-d3ntb76w0m--snagmafhvgey","d3ntb76w0m--snagmafhvgey","Aude (Languedoc-Roussillon, département)",,"1790",,,"Occitanie (2016-.... ; région administrative) [d-57mwwmhl6--chnmk0p3vbgs] | Languedoc-Roussillon (1982-2015 ; région administrative) [d3ntb6vf7x--1wuxqw6640x4p]","11","Carcassonne (Aude) [d3ntdvv0hq--1hhsa6hux291y]","http://id.insee.fr/geo/departement/11 | http://data.ign.fr/id/geofla/departement/11 | http://data.alegoria-project.fr/id/ign/unitesadministratives/departement/11","Haute-Garonne (Midi-Pyrénées, département) [d3ntb7u15k--higdrdw7ywx8] | Tarn (Midi-Pyrénées, département) [d3ntb8v56x-nqsxs299j7m5] | Ariège (Midi-Pyrénées, département) [d3ntb74ssb--j5jml422wi5p] | Hérault (Languedoc-Roussillon, département) [d3ntb7xsix--1qxf9xwajlkuk] | Pyrénées-Orientales (Languedoc-Roussillon, département) [d3ntb8jzlr--1ebkp4txjj0zn]",
"place/FRAN_RI_005-d3ntb779t9-158vlf2393hzx","d3ntb779t9-158vlf2393hzx","Aveyron (Midi-Pyrénées, département)",,"1790",,,"Occitanie (2016-.... ; région administrative) [d-57mwwmhl6--chnmk0p3vbgs] | Midi-Pyrénées (1982-2015 ; région administrative) [d3ntb6xb4d-1815b33y709yf]","12","Rodez (Aveyron) [d3nte23qnn-1fnon8ob16r8u]","http://id.insee.fr/geo/departement/12 | http://data.ign.fr/id/geofla/departement/12 | http://data.alegoria-project.fr/id/ign/unitesadministratives/departement/12","Cantal (Auvergne, département) [d3ntb7ejxl-47nz85a9e01t] | Tarn (Midi-Pyrénées, département) [d3ntb8v56x-nqsxs299j7m5] | Hérault (Languedoc-Roussillon, département) [d3ntb7xsix--1qxf9xwajlkuk] | Lot (Midi-Pyrénées, département) [d3ntb85vqv--zhgojvxl8vik] | Gard (Languedoc-Roussillon, département) [d3ntb7qeqo--1c0rjakf6f1n8] | Tarn-et-Garonne (Midi-Pyrénées, département) [d3ntb8vgm7--7hpct8y90uft] | Lozère (Languedoc-Roussillon, département) [d3ntb86j0z--yrnxrer7n94l]",
"place/FRAN_RI_005-d3ntb78834--1anjmzrakhdvu","d3ntb78834--1anjmzrakhdvu","Bas-Rhin (Alsace, département)",,"1790",,,"Grand Est (2016-.... ; région administrative) [d-2i7639zb5-1uyr7picq5c94] | Alsace (1982-2015 ; région administrative) [d3ntb5n2ct-ucurm8b2xf66]","67","Strasbourg (Bas-Rhin) [d3ntqwqrs7--18ur2qvb0fqny]","http://id.insee.fr/geo/departement/67 | http://data.ign.fr/id/geofla/departement/67 | http://data.alegoria-project.fr/id/ign/unitesadministratives/departement/67","Moselle (Lorraine, département) [d3ntb8e7dh--pmivxky46pk5] | Vosges (Lorraine, département) [d3ntb90lcn-1da2tok8c3zo7] | Meurthe-et-Moselle (Lorraine, département) [d3ntb8bb9b--1cfhgub70xba6] | Haut-Rhin (Alsace, département) [d3ntb7td0f--uft1tt83hfgx]",
"place/FRAN_RI_005-d3ntb793rv--11ge5zusw2o2l","d3ntb793rv--11ge5zusw2o2l","Bouches-de-l'Ebre (France, département, 1812-1813)",,"1812","1813",,,,,,,
"place/FRAN_RI_005-d3ntb79hs9--1relpp9m959rr","d3ntb79hs9--1relpp9m959rr","Bouches-de-l'Ebre-Montserrat (France, département, 1813-1814)",,"1813","1814",,,,,,,
"place/FRAN_RI_005-d3ntb7abyo-1ghtpk6q624gj","d3ntb7abyo-1ghtpk6q624gj","Bouches-de-l'Elbe (France, département, 1811-1814)",,"1811","1814",,,,,,,
"place/FRAN_RI_005-d3ntb7apjk--87wad111jg2g","d3ntb7apjk--87wad111jg2g","Bouches-de-l'Escault (France, département, 1810-1814)",,"1810","1814",,,,,,,
"place/FRAN_RI_005-d3ntb7bpra-1axy14sgbcomc","d3ntb7bpra-1axy14sgbcomc","Bouches-de-l'Yssel (France, département, 1811-1814)",,"1811","1814",,,,,,,
"place/FRAN_RI_005-d3ntb7c3jx--nato3ovx3tc5","d3ntb7c3jx--nato3ovx3tc5","Bouches-de-la-Meuse (France, département, 1811-1814)",,"1811","1814",,,,,,,
"place/FRAN_RI_005-d3ntb7cxil--6401wfkpfayt","d3ntb7cxil--6401wfkpfayt","Bouches-du-Rhin (France, département, 1810-1814)",,"1810","1814",,,,,,,
"place/FRAN_RI_005-d3ntb7dejn-1aou0oes1xewr","d3ntb7dejn-1aou0oes1xewr","Bouches-du-Rhône (Provence-Alpes-Côte-d'Azur, département)",,"1790",,,"Provence-Alpes-Côte-d'Azur (1982-.... ; région administrative) [d3ntb6z7gc--1n390pvx9c09r]","13","Marseille (Bouches-du-Rhône) [d3nte3xb8y--1j9n3wpuz3wyw]","http://id.insee.fr/geo/departement/13 | http://data.ign.fr/id/geofla/departement/13 | http://data.alegoria-project.fr/id/ign/unitesadministratives/departement/13","Gard (Languedoc-Roussillon, département) [d3ntb7qeqo--1c0rjakf6f1n8] | Vaucluse (Provence-Alpes-Côte-d'Azur, département) [d3ntb8zmn9-1hsz0e2skhfyr] | Var (Provence-Alpes-Côte-d'Azur, département) [d3ntb8zasg-egwm34z1nh4v]",
"place/FRAN_RI_005-d3ntb7duhw-10iavcl7bt578","d3ntb7duhw-10iavcl7bt578","Bouches-du-Weser (France, département, 1811-1814)",,"1811","1814",,,,,,,
"place/FRAN_RI_005-d3ntb7e7v0--10ymhckkidpkv","d3ntb7e7v0--10ymhckkidpkv","Calvados (Basse-Normandie, département)",,"1790",,,"Normandie (2016-.... ; région administrative) [d-5gu7ge1ty-1luyvscxcammt] | Basse-Normandie (1982-2015 ; région administrative) [d3ntb5oh87-3l52f2cp6kyj]","14","Caen (Calvados) [d3nte93blr--12kljc1z659a3]","http://id.insee.fr/geo/departement/14 | http://data.ign.fr/id/geofla/departement/14 | http://data.alegoria-project.fr/id/ign/unitesadministratives/departement/14","Eure (Haute-Normandie, département) [d3ntb7o8hq-1b5fuvt2evll9] | Orne (Basse-Normandie, département) [d3ntb8hf4o-hghezh7crum4] | Manche (Basse-Normandie, département) [d3ntb87hy4--yhe8o30oxp1n]",
"place/FRAN_RI_005-d3ntb7ejxl-47nz85a9e01t","d3ntb7ejxl-47nz85a9e01t","Cantal (Auvergne, département)",,"1790",,,"Auvergne-Rhône-Alpes (2016-.... ; région administrative) [d-5f0vj727s--1abiwfn04l9rn] | Auvergne (1982-2015 ; région administrative) [d3ntb5nsnj--jrkyz6vwvi4f]","15","Aurillac (Cantal) [d3nteg0sw3--1y00udi2oq685]","http://id.insee.fr/geo/departement/15 | http://data.ign.fr/id/geofla/departement/15 | http://data.alegoria-project.fr/id/ign/unitesadministratives/departement/15","Puy-de-Dôme (Auvergne, département) [d3ntb8jcjf--14j38x9l75uuq] | Haute-Loire (Auvergne, département) [d3ntb7ud84-8g9dowx5rt99] | Corrèze (Limousin, département) [d3ntb7grwl-94z667d9uttv] | Aveyron (Midi-Pyrénées, département) [d3ntb779t9-158vlf2393hzx] | Lot (Midi-Pyrénées, département) [d3ntb85vqv--zhgojvxl8vik] | Lozère (Languedoc-Roussillon, département) [d3ntb86j0z--yrnxrer7n94l]",
"place/FRAN_RI_005-d3ntb7ewfo--1d14rhava075d","d3ntb7ewfo--1d14rhava075d","Charente (Poitou-Charentes, département)",,"1790",,,"Nouvelle-Aquitaine (2016-.... ; région administrative) [d-58pfliq32-z6atygawp5v3] | Poitou-Charentes (1982-2015 ; région administrative) [d3ntb6yqut-kz7tuycerksg]","16","Angoulême (Charente) [d3nteiuqsi--1dltyc8iwmz4t]","http://id.insee.fr/geo/departement/16 | http://data.ign.fr/id/geofla/departement/16 | http://data.alegoria-project.fr/id/ign/unitesadministratives/departement/16","Dordogne (Aquitaine, département) [d3ntb7l0b0--1uwhs5qpi6ngo] | Deux-Sèvres (Poitou-Charentes, département) [d3ntb7jsrh-vfhddufur92k] | Haute-Vienne (Limousin, département) [d3ntb7w81r-miez66yyo6nw] | Charente-Maritime (Poitou-Charentes, département) [d3ntb7f8ah--d0u6ovyjsoi0] | Vienne (Poitou-Charentes, département) [d3ntb909xd-94mt6ylrfluo]",
"place/FRAN_RI_005-d3ntb7f8ah--d0u6ovyjsoi0","d3ntb7f8ah--d0u6ovyjsoi0","Charente-Maritime (Poitou-Charentes, département)","Charente-Inférieure","1790",,,"Nouvelle-Aquitaine (2016-.... ; région administrative) [d-58pfliq32-z6atygawp5v3] | Poitou-Charentes (1982-2015 ; région administrative) [d3ntb6yqut-kz7tuycerksg]","17","La Rochelle (Charente-Maritime) [d3nteqitt5-1ugkzdleod0du]","http://id.insee.fr/geo/departement/17 | http://data.ign.fr/id/geofla/departement/17 | http://data.alegoria-project.fr/id/ign/unitesadministratives/departement/17","Dordogne (Aquitaine, département) [d3ntb7l0b0--1uwhs5qpi6ngo] | Deux-Sèvres (Poitou-Charentes, département) [d3ntb7jsrh-vfhddufur92k] | Charente (Poitou-Charentes, département) [d3ntb7ewfo--1d14rhava075d] | Gironde (Aquitaine, département) [d3ntb7rwey-p9op5y5cz1c6] | Vendée (Pays-de-la-Loire, département) [d3ntb8zyab--2c8c3pwikhah]",
"place/FRAN_RI_005-d3ntb7g2gw--4rv27gfdzgqg","d3ntb7g2gw--4rv27gfdzgqg","Cher (Centre, département)",,"1790",,,"Centre-Val de Loire (1982-.... ; région administrative) [d3ntb5q6nu--1q74jpluucrzb]","18","Bourges (Cher) [d3ntet32i4-9aop1pe9qf00]","http://id.insee.fr/geo/departement/18 | http://data.ign.fr/id/geofla/departement/18 | http://data.alegoria-project.fr/id/ign/unitesadministratives/departement/18","Allier (Auvergne, département) [d3ntb713cs-uv28hws58a4c] | Nièvre (Bourgogne, département) [d3ntb8ej0i-1mhq8etaawzq8] | Loiret (Centre, département) [d3ntb85kbl-a9i9f62vvrla] | Loir-et-Cher (Centre, département) [d3ntb83v3p-nt9a6swe87fm] | Indre (Centre, département) [d3ntb7ywek-1jk626ybdg665] | Creuse (Limousin, département) [d3ntb7il7x--1vk7pyy7wolw8]",
"place/FRAN_RI_005-d-29tscal9a--2tu4e164h9zt","d-29tscal9a--2tu4e164h9zt","Constantine (Algérie ; département ; 1848-1962)","Département de Constantine","1848","1962","Le département de Constantine est un des départements français d'Algérie, qui a existé entre 1848 et 1962. Considérée comme une province française, l'Algérie est départementalisée le 9 décembre 1848. Les départements créés à cette date étaient la zone civile des trois provinces correspondant aux trois beyliks de l'État d'Alger récemment conquis. Par conséquent, la ville de Constantine est faite préfecture du département portant son nom, couvrant alors tout l'est de l'Algérie. Les autres départements étaient le département d'Alger au centre du pays et le département d'Oran à l'ouest. (Source : https://fr.wikipedia.org/wiki/D%C3%A9partement_de_Constantine )",,,,"http://www.wikidata.org/entity/Q1270670",,"08/03/2021 : Lieu ajouté le [08/03/2021]"
"place/FRAN_RI_005-d3ntb7gfma-1u27bkwyxk2u9","d3ntb7gfma-1u27bkwyxk2u9","Corcyre (France, département, 1797-1802)",,"1797","1802",,,,,,,
"place/FRAN_RI_005-d3ntb7grwl-94z667d9uttv","d3ntb7grwl-94z667d9uttv","Corrèze (Limousin, département)",,"1790",,,"Nouvelle-Aquitaine (2016-.... ; région administrative) [d-58pfliq32-z6atygawp5v3] | Limousin (1982-2015 ; région administrative) [d3ntb6vri9-lhhsrbert6ao]","19","Tulle (Corrèze) [d3ntezprs6-m2ro86t4jcnv]","http://id.insee.fr/geo/departement/19 | http://data.ign.fr/id/geofla/departement/19 | http://data.alegoria-project.fr/id/ign/unitesadministratives/departement/19","Puy-de-Dôme (Auvergne, département) [d3ntb8jcjf--14j38x9l75uuq] | Cantal (Auvergne, département) [d3ntb7ejxl-47nz85a9e01t] | Dordogne (Aquitaine, département) [d3ntb7l0b0--1uwhs5qpi6ngo] | Haute-Vienne (Limousin, département) [d3ntb7w81r-miez66yyo6nw] | Creuse (Limousin, département) [d3ntb7il7x--1vk7pyy7wolw8] | Lot (Midi-Pyrénées, département) [d3ntb85vqv--zhgojvxl8vik]",
"place/FRAN_RI_005-d-25ku9zpdz-1l7trp7qtr5iq","d-25ku9zpdz-1l7trp7qtr5iq","Corse (France ; département ; 1790-1793)","Département de Corse","1790","1793","Le département de Corse est un ancien département français. Il est créé à la Révolution française, le 4 mars 1790, en application de la loi du 22 décembre 1789. En 1793, la Corse est séparée en deux départements : le Liamone et le Golo. (Source : https://fr.wikipedia.org/wiki/Corse_(d%C3%A9partement))",,,,,,"08/03/2021 : Lieu ajouté le [08/03/2021]"
"place/FRAN_RI_005-d-1kxw5wk6q--1h43baiuw75wt","d-1kxw5wk6q--1h43baiuw75wt","Corse (France ; département ; 1811-1976)","Département de Corse","1811","1976","Le département de Corse est un ancien département français, dont le chef-lieu était Ajaccio. En 1793, la Corse est séparée en deux départements : le Liamone et le Golo. La Corse redevient monodépartementale de 1811 à 1976. D'abord rattachée à la région Provence-Côte d'Azur-Corse lors de la création des circonscriptions régionales en 1960, elle en est détachée en 1970 pour former une région à elle seule. Le 1er janvier 1976, en application de la loi du 15 mai 1975, elle est scindée de nouveau en deux départements : la Haute-Corse et la Corse-du-Sud qui retrouvent respectivement les limites approximatives du Golo et du Liamone. (Source : https://fr.wikipedia.org/wiki/Corse_(d%C3%A9partement))",,,,"http://www.wikidata.org/entity/Q2998020",,"08/03/2021 : Lieu ajouté le [08/03/2021]"
"place/FRAN_RI_005-d3ntb7h3jn-16it3tcjqcvnn","d3ntb7h3jn-16it3tcjqcvnn","Corse-du-Sud (Corse, département)",,"1976",,"1er janvier 1976 : Le chef-lieu du département de la Corse-du-Sud est fixé à Ajaccio.Le département de la Corse est réparti entre les départements de la Corse-du-Sud et de la Haute-Corse.Le département de la Corse-du-Sud est créé en reprenant une partie de l'ancien département de la Corse.","Corse (1982-.... ; région administrative) [d3ntb5qv8h-11wz5aexjazie]","2A","Ajaccio (Corse-du-Sud) [d3ntgu1ecl--obj9vm5rr46m]","http://id.insee.fr/geo/departement/2A | http://data.ign.fr/id/geofla/departement/2A | http://data.alegoria-project.fr/id/ign/unitesadministratives/departement/2A","Haute-Corse (Corse, département) [d3ntb7tpii-1p2n1v4tubx8y]",
"place/FRAN_RI_005-d3ntb7heyx--g2riisb6ka8j","d3ntb7heyx--g2riisb6ka8j","Côte-d'Or (Bourgogne, département)",,"1790",,,"Bourgogne-Franche-Comté (2016-.... ; région administrative) [d-5hz0e8rtl-oyi86rp3dq0t] | Bourgogne (1982-2015 ; région administrative) [d3ntb5otij-1fcpt8sfdm8sx]","21","Dijon (Côte-d'Or) [d3ntf2e7da--1sk1y5dfb1fkb]","http://id.insee.fr/geo/departement/21 | http://data.ign.fr/id/geofla/departement/21 | http://data.alegoria-project.fr/id/ign/unitesadministratives/departement/21","Haute-Saône (Franche-Comté, département) [d5bdp11m4k--98gzyn8m8woz] | Yonne (Bourgogne, département) [d3ntb918mq--w6r60hxod5vb] | Saône-et-Loire (Bourgogne, département) [d3ntb8p5ms-l4smwbm63dp5] | Jura (Franche-Comté, département) [d5bdp3zrcm-e7nbba4rriom] | Nièvre (Bourgogne, département) [d3ntb8ej0i-1mhq8etaawzq8] | Haute-Marne (Champagne-Ardenne, département) [d3ntb7uov6--ysbcy23g4kr9] | Aube (Champagne-Ardenne, département) [d3ntb7616w-1ulrt8mz7jar1]",
"place/FRAN_RI_005-d3ntb7hqlz-1wtyohr4yjr84","d3ntb7hqlz-1wtyohr4yjr84","Côtes-d'Armor (Bretagne, département)","Côtes-du-Nord","1790",,"8 mars 1990 : Le département des Côtes-du-Nord est renommé département des Côtes-d'Armor.","Bretagne (1982-....; région administrative) [d3ntb5pi36--1ordqhckxn18g]","22","Saint-Brieuc (Côtes-d'Armor) [d3ntfu92kf--vqom30dbdo2j]","http://id.insee.fr/geo/departement/22 | http://data.ign.fr/id/geofla/departement/22 | http://data.alegoria-project.fr/id/ign/unitesadministratives/departement/22","Finistère (Bretagne, département) [d3ntb7ow7c--5vehi4l7x7op] | Ille-et-Vilaine (Bretagne, département) [d3ntb7ykjq--tck4tl4rnvai] | Morbihan (Bretagne, département) [d3ntb8dvqf--1pj7ao1fla0wd]",
"place/FRAN_RI_005-d3ntb7il7x--1vk7pyy7wolw8","d3ntb7il7x--1vk7pyy7wolw8","Creuse (Limousin, département)",,"1790",,,"Nouvelle-Aquitaine (2016-.... ; région administrative) [d-58pfliq32-z6atygawp5v3] | Limousin (1982-2015 ; région administrative) [d3ntb6vri9-lhhsrbert6ao]","23","Guéret (Creuse) [d3ntfwz1jv--s6nwv7h6qv5o]","http://id.insee.fr/geo/departement/23 | http://data.ign.fr/id/geofla/departement/23 | http://data.alegoria-project.fr/id/ign/unitesadministratives/departement/23","Puy-de-Dôme (Auvergne, département) [d3ntb8jcjf--14j38x9l75uuq] | Allier (Auvergne, département) [d3ntb713cs-uv28hws58a4c] | Cher (Centre, département) [d3ntb7g2gw--4rv27gfdzgqg] | Indre (Centre, département) [d3ntb7ywek-1jk626ybdg665] | Haute-Vienne (Limousin, département) [d3ntb7w81r-miez66yyo6nw] | Corrèze (Limousin, département) [d3ntb7grwl-94z667d9uttv]",
"place/FRAN_RI_005-d3ntb7iyda--xqs2sz5hz7sf","d3ntb7iyda--xqs2sz5hz7sf","Deux-Nèthes (France, département, 1795-1814)",,"1795","1814",,,,,,,
"place/FRAN_RI_005-d3ntb7jsrh-vfhddufur92k","d3ntb7jsrh-vfhddufur92k","Deux-Sèvres (Poitou-Charentes, département)",,"1790",,,"Nouvelle-Aquitaine (2016-.... ; région administrative) [d-58pfliq32-z6atygawp5v3] | Poitou-Charentes (1982-2015 ; région administrative) [d3ntb6yqut-kz7tuycerksg]","79","Niort (Deux-Sèvres) [d3ntuzcio5--12dpxr68mnj8f]","http://id.insee.fr/geo/departement/79 | http://data.ign.fr/id/geofla/departement/79 | http://data.alegoria-project.fr/id/ign/unitesadministratives/departement/79","Charente (Poitou-Charentes, département) [d3ntb7ewfo--1d14rhava075d] | Charente-Maritime (Poitou-Charentes, département) [d3ntb7f8ah--d0u6ovyjsoi0] | Vienne (Poitou-Charentes, département) [d3ntb909xd-94mt6ylrfluo] | Maine-et-Loire (Pays-de-la-Loire, département) [d3ntb8763b-1xnp7km7qrb2k] | Vendée (Pays-de-la-Loire, département) [d3ntb8zyab--2c8c3pwikhah]",
"place/FRAN_RI_005-d3ntb7k64l-1wk8kb81yy6w0","d3ntb7k64l-1wk8kb81yy6w0","Doire (France, département, 1802-1814)",,"1802","1814",,,,,,,
"place/FRAN_RI_005-d3ntb7l0b0--1uwhs5qpi6ngo","d3ntb7l0b0--1uwhs5qpi6ngo","Dordogne (Aquitaine, département)",,"1790",,,"Nouvelle-Aquitaine (2016-.... ; région administrative) [d-58pfliq32-z6atygawp5v3] | Aquitaine (1982-2015 ; région administrative) [d3ntb5nfpx-1hpcdq0uyfemt]","24","Périgueux (Dordogne) [d3ntg23qhg-d6orpscigb2w]","http://id.insee.fr/geo/departement/24 | http://data.ign.fr/id/geofla/departement/24 | http://data.alegoria-project.fr/id/ign/unitesadministratives/departement/24","Charente (Poitou-Charentes, département) [d3ntb7ewfo--1d14rhava075d] | Haute-Vienne (Limousin, département) [d3ntb7w81r-miez66yyo6nw] | Corrèze (Limousin, département) [d3ntb7grwl-94z667d9uttv] | Charente-Maritime (Poitou-Charentes, département) [d3ntb7f8ah--d0u6ovyjsoi0] | Gironde (Aquitaine, département) [d3ntb7rwey-p9op5y5cz1c6] | Lot-et-Garonne (Aquitaine, département) [d3ntb867dx-f7q6miwyhst] | Lot (Midi-Pyrénées, département) [d3ntb85vqv--zhgojvxl8vik]",
"place/FRAN_RI_005-d3ntb7ldge-9pxjgbcvrjpg","d3ntb7ldge-9pxjgbcvrjpg","Doubs (Franche-Comté, département)",,"1790",,,"Bourgogne-Franche-Comté (2016-.... ; région administrative) [d-5hz0e8rtl-oyi86rp3dq0t] | Franche-Comté (1982-2015 ; région administrative) [d3ntb5r73a--ewgdosvq0fl7]","25","Besançon (Doubs) [d3ntg5fm79--16qweolw5uy6]","http://id.insee.fr/geo/departement/25 | http://data.ign.fr/id/geofla/departement/25 | http://data.alegoria-project.fr/id/ign/unitesadministratives/departement/25","Haute-Saône (Franche-Comté, département) [d5bdp11m4k--98gzyn8m8woz] | Jura (Franche-Comté, département) [d5bdp3zrcm-e7nbba4rriom] | Territoire de Belfort (Franche-Comté, département) [d5bdpcubz7--4epsjmdugqyc]",
"place/FRAN_RI_005-d3ntb7lpqq-1mxfdar3kkm5j","d3ntb7lpqq-1mxfdar3kkm5j","Drôme (Rhône-Alpes, département)",,"1790",,,"Auvergne-Rhône-Alpes (2016-.... ; région administrative) [d-5f0vj727s--1abiwfn04l9rn] | Rhône-Alpes (1982-2015 ; région administrative) [d3ntb6zkth-auq4chs5b3rr]","26","Valence (Drôme) [d3ntgf0pra-7gtf10mpdqje]","http://id.insee.fr/geo/departement/26 | http://data.ign.fr/id/geofla/departement/26 | http://data.alegoria-project.fr/id/ign/unitesadministratives/departement/26","Isère (Rhône-Alpes, département) [d3ntb7zns3-w0k2gr4p0iqu] | Ardèche (Rhône-Alpes, département) [d3ntb73jy7-1pnyw2kxo9ifh] | Vaucluse (Provence-Alpes-Côte-d'Azur, département) [d3ntb8zmn9-1hsz0e2skhfyr] | Hautes-Alpes (Provence-Alpes-Côte-d'Azur, département) [d3ntb7wtls-1hjgdcwweevc5] | Alpes-de-Haute-Provence (Provence-Alpes-Côte-d'Azur, département) [d3ntb71ye9-13lxy96a9y8yw]",
"place/FRAN_RI_005-d3ntb7m1dr-2vu6usvoes98","d3ntb7m1dr-2vu6usvoes98","Dyle (France, département, 1795-1814)",,"1795","1814",,,,,,,
"place/FRAN_RI_005-d3ntb7mct2-19uz6lh4ysxkb","d3ntb7mct2-19uz6lh4ysxkb","Ems-Occidental (France, département, 1811-1814)",,"1811","1814",,,,,,,
"place/FRAN_RI_005-d3ntb7mog3-hhyya1up6kq7","d3ntb7mog3-hhyya1up6kq7","Ems-Oriental (France, département, 1811-1814)",,"1811","1814",,,,,,,
"place/FRAN_RI_005-d3ntb7n3bk-1a8dhbp7za7uq","d3ntb7n3bk-1a8dhbp7za7uq","Ems-Supérieur (France, département, 1811-1814)",,"1811","1814",,,,,,,
"place/FRAN_RI_005-d3ntb7ng95--a84n333y97sr","d3ntb7ng95--a84n333y97sr","Escaut (France, département, 1795-1814)",,"1795","1814",,,,,,,
"place/FRAN_RI_005-d3ntb7nvrw--x5v56woc2tqj","d3ntb7nvrw--x5v56woc2tqj","Essonne (Ile-de-France, département)",,"1968",,"1er janvier 1968 : Le chef-lieu du département de l'Essonne est fixé à Évry.Le département de l'Essonne est créé en reprenant une partie de l'ancien département de la Seine-et-Oise.Le département de la Seine-et-Oise est réparti entre les départements de l'Essonne, des Hauts-de-Seine, de la Seine-Saint-Denis, du Val-de-Marne, du Val-d'Oise et des Yvelines.","Ile-de-France (1982-.... ; région administrative) [d3ntb6umju--1cjhempe2foi4]","91","Evry (Essonne) [d3ntxcxidq-1oc8lixg768qw]","http://id.insee.fr/geo/departement/91 | http://data.ign.fr/id/geofla/departement/91 | http://data.alegoria-project.fr/id/ign/unitesadministratives/departement/91","Loiret (Centre, département) [d3ntb85kbl-a9i9f62vvrla] | Eure-et-Loir (Centre, département) [d3ntb7ok4s-1kvjezyly9q6g] | Seine-et-Marne (Ile-de-France, département) [d3ntb8r1j8-pfqcs6tkazic] | Hauts-de-Seine (Ile-de-France, département) [d3ntb7xgvv-17sbqf1hi4qgj] | Yvelines (Ile-de-France, département) [d3ntb91vp2-1x0gbusmn6zj4] | Val-de-Marne (Ile-de-France, département) [d3ntb8yzd6-1a3vkw5xig8h2]",
"place/FRAN_RI_005-d3ntb7o8hq-1b5fuvt2evll9","d3ntb7o8hq-1b5fuvt2evll9","Eure (Haute-Normandie, département)",,"1790",,,"Normandie (2016-.... ; région administrative) [d-5gu7ge1ty-1luyvscxcammt] | Haute-Normandie (1982-2015 ; région administrative) [d3ntb5s6fy--lzhrre9om5h4]","27","Evreux (Eure) [d3ntghn7i3--15bgzgrjhipdc]","http://id.insee.fr/geo/departement/27 | http://data.ign.fr/id/geofla/departement/27 | http://data.alegoria-project.fr/id/ign/unitesadministratives/departement/27","Eure-et-Loir (Centre, département) [d3ntb7ok4s-1kvjezyly9q6g] | Oise (Picardie, département) [d3ntb8gs2c-r7m1xcm91zhq] | Val-d'Oise (Ile-de-France, département) [d3ntb8ynxv--18mkd7r455huc] | Yvelines (Ile-de-France, département) [d3ntb91vp2-1x0gbusmn6zj4] | Seine-Maritime (Haute-Normandie, département) [d3ntb8svpl-1sgeqirhtkz5g] | Orne (Basse-Normandie, département) [d3ntb8hf4o-hghezh7crum4] | Calvados (Basse-Normandie, département) [d3ntb7e7v0--10ymhckkidpkv]",
"place/FRAN_RI_005-d3ntb7ok4s-1kvjezyly9q6g","d3ntb7ok4s-1kvjezyly9q6g","Eure-et-Loir (Centre, département)",,"1790",,,"Centre-Val de Loire (1982-.... ; région administrative) [d3ntb5q6nu--1q74jpluucrzb]","28","Chartres (Eure-et-Loir) [d5bdpjzh6i-udgjpjglwnmw]","http://id.insee.fr/geo/departement/28 | http://data.ign.fr/id/geofla/departement/28 | http://data.alegoria-project.fr/id/ign/unitesadministratives/departement/28","Loiret (Centre, département) [d3ntb85kbl-a9i9f62vvrla] | Loir-et-Cher (Centre, département) [d3ntb83v3p-nt9a6swe87fm] | Yvelines (Ile-de-France, département) [d3ntb91vp2-1x0gbusmn6zj4] | Essonne (Ile-de-France, département) [d3ntb7nvrw--x5v56woc2tqj] | Eure (Haute-Normandie, département) [d3ntb7o8hq-1b5fuvt2evll9] | Orne (Basse-Normandie, département) [d3ntb8hf4o-hghezh7crum4] | Sarthe (Pays-de-la-Loire, département) [d3ntb8ps1u-1d4qaxfwhbf8n]",
"place/FRAN_RI_005-d3ntb7ow7c--5vehi4l7x7op","d3ntb7ow7c--5vehi4l7x7op","Finistère (Bretagne, département)",,"1790",,,"Bretagne (1982-....; région administrative) [d3ntb5pi36--1ordqhckxn18g]","29","Quimper (Finistère) [d3ntgtbnnr-16gnbhabng04x]","http://id.insee.fr/geo/departement/29 | http://data.ign.fr/id/geofla/departement/29 | http://data.alegoria-project.fr/id/ign/unitesadministratives/departement/29","Côtes-d'Armor (Bretagne, département) [d3ntb7hqlz-1wtyohr4yjr84] | Morbihan (Bretagne, département) [d3ntb8dvqf--1pj7ao1fla0wd]",
"place/FRAN_RI_005-d3ntb7p7mn-115jl9gwnwzau","d3ntb7p7mn-115jl9gwnwzau","Forêts (France, département, 1795-1814)",,"1795","1814",,,,,,,
"place/FRAN_RI_005-d3ntb7q1lb-i2uq8o86gj60","d3ntb7q1lb-i2uq8o86gj60","Frise (France, département, 1811-1814)",,"1811","1814",,,,,,,
"place/FRAN_RI_005-d3ntb7qeqo--1c0rjakf6f1n8","d3ntb7qeqo--1c0rjakf6f1n8","Gard (Languedoc-Roussillon, département)",,"1790",,,"Occitanie (2016-.... ; région administrative) [d-57mwwmhl6--chnmk0p3vbgs] | Languedoc-Roussillon (1982-2015 ; région administrative) [d3ntb6vf7x--1wuxqw6640x4p]","30","Nîmes (Gard) [d3nth0g0mh-33w5yhxt5dnt]","http://id.insee.fr/geo/departement/30 | http://data.ign.fr/id/geofla/departement/30 | http://data.alegoria-project.fr/id/ign/unitesadministratives/departement/30","Ardèche (Rhône-Alpes, département) [d3ntb73jy7-1pnyw2kxo9ifh] | Hérault (Languedoc-Roussillon, département) [d3ntb7xsix--1qxf9xwajlkuk] | Aveyron (Midi-Pyrénées, département) [d3ntb779t9-158vlf2393hzx] | Lozère (Languedoc-Roussillon, département) [d3ntb86j0z--yrnxrer7n94l] | Vaucluse (Provence-Alpes-Côte-d'Azur, département) [d3ntb8zmn9-1hsz0e2skhfyr] | Bouches-du-Rhône (Provence-Alpes-Côte-d'Azur, département) [d3ntb7dejn-1aou0oes1xewr]",
"place/FRAN_RI_005-d3ntb7qr10-vxvvlct7qq2r","d3ntb7qr10-vxvvlct7qq2r","Gênes (France, département, 1805-1814)",,"1805","1814",,,,,,,
"place/FRAN_RI_005-d3ntb7r2ga-awwsbuqxyql","d3ntb7r2ga-awwsbuqxyql","Gers (Midi-Pyrénées, département)",,"1790",,,"Occitanie (2016-.... ; région administrative) [d-57mwwmhl6--chnmk0p3vbgs] | Midi-Pyrénées (1982-2015 ; région administrative) [d3ntb6xb4d-1815b33y709yf]","32","Auch (Gers) [d3nthbflk9--1hpwulnf5etk1]","http://id.insee.fr/geo/departement/32 | http://data.ign.fr/id/geofla/departement/32 | http://data.alegoria-project.fr/id/ign/unitesadministratives/departement/32","Pyrénées-Atlantiques (Aquitaine, département) [d3ntb8jnyq-1hio8y205xf6b] | Landes (Aquitaine, département) [d3ntb81vr3-1j3p6bkgmyobh] | Lot-et-Garonne (Aquitaine, département) [d3ntb867dx-f7q6miwyhst] | Hautes-Pyrénées (Midi-Pyrénées, département) [d3ntb7x5gl-rdnnhynelg4] | Haute-Garonne (Midi-Pyrénées, département) [d3ntb7u15k--higdrdw7ywx8] | Tarn-et-Garonne (Midi-Pyrénées, département) [d3ntb8vgm7--7hpct8y90uft]",
"place/FRAN_RI_005-d3ntb7rwey-p9op5y5cz1c6","d3ntb7rwey-p9op5y5cz1c6","Gironde (Aquitaine, département)","Bec-d'Ambès | Bec-d'Ambres","1790",,,"Nouvelle-Aquitaine (2016-.... ; région administrative) [d-58pfliq32-z6atygawp5v3] | Aquitaine (1982-2015 ; région administrative) [d3ntb5nfpx-1hpcdq0uyfemt]","33","Bordeaux (Gironde) [d3nthgzjyg--1agu3t745d3a]","http://id.insee.fr/geo/departement/33 | http://data.ign.fr/id/geofla/departement/33 | http://data.alegoria-project.fr/id/ign/unitesadministratives/departement/33","Dordogne (Aquitaine, département) [d3ntb7l0b0--1uwhs5qpi6ngo] | Charente-Maritime (Poitou-Charentes, département) [d3ntb7f8ah--d0u6ovyjsoi0] | Landes (Aquitaine, département) [d3ntb81vr3-1j3p6bkgmyobh] | Lot-et-Garonne (Aquitaine, département) [d3ntb867dx-f7q6miwyhst]",
"place/FRAN_RI_005-d3ntb7s9kb-1krpzb1kobwu8","d3ntb7s9kb-1krpzb1kobwu8","Golo (France, département, 1793-1811)",,"1793","1811","Le département du Golo est un ancien département français, dont le chef-lieu était Bastia. Il prend son nom du fleuve côtier Golo. Créé par un décret du 11 août 1793 lors de la première partition de la Corse, il est supprimé par un décret du 24 avril 1811 quand le département de Corse est restauré. (Source : https://fr.wikipedia.org/wiki/Golo_(d%C3%A9partement) )",,,,"http://www.wikidata.org/entity/Q3110307",,
"place/FRAN_RI_005-d3ntb7slun--zln1527mnvoq","d3ntb7slun--zln1527mnvoq","Guadeloupe (département)",,"1946",,,,"971","Basse-Terre (Guadeloupe) [d3ntxhqfqm--e21n4qopzs7m]","http://id.insee.fr/geo/departement/971 | http://data.ign.fr/id/geofla/departement/971 | http://data.alegoria-project.fr/id/ign/unitesadministratives/departement/971",,
"place/FRAN_RI_005-d3ntb7sx9x-45cb4vn0vutn","d3ntb7sx9x-45cb4vn0vutn","Guyane (département)",,"1946",,,,"973","Cayenne (Guyane) [d3ntxidlqm--19ia7kbb16j4k]","http://id.insee.fr/geo/departement/973 | http://data.ign.fr/id/geofla/departement/973 | http://data.alegoria-project.fr/id/ign/unitesadministratives/departement/973",,
"place/FRAN_RI_005-d3ntb7tpii-1p2n1v4tubx8y","d3ntb7tpii-1p2n1v4tubx8y","Haute-Corse (Corse, département)",,"1976",,"1er janvier 1976 : Le chef-lieu du département de la Haute-Corse est fixé à Bastia.Le département de la Corse est réparti entre les départements de la Corse-du-Sud et de la Haute-Corse.Le département de la Haute-Corse est créé en reprenant une partie de l'ancien département de la Corse.","Corse (1982-.... ; région administrative) [d3ntb5qv8h-11wz5aexjazie]","2B","Bastia (Haute-Corse) [d3ntgvjfcd--n0ph6odslxmh]","http://id.insee.fr/geo/departement/2B | http://data.ign.fr/id/geofla/departement/2B | http://data.alegoria-project.fr/id/ign/unitesadministratives/departement/2B","Corse-du-Sud (Corse, département) [d3ntb7h3jn-16it3tcjqcvnn]",
"place/FRAN_RI_005-d3ntb7u15k--higdrdw7ywx8","d3ntb7u15k--higdrdw7ywx8","Haute-Garonne (Midi-Pyrénées, département)",,"1790",,,"Occitanie (2016-.... ; région administrative) [d-57mwwmhl6--chnmk0p3vbgs] | Midi-Pyrénées (1982-2015 ; région administrative) [d3ntb6xb4d-1815b33y709yf]","31","Toulouse (Haute-Garonne) [d3nthavqjv-pzq3al737nr6]","http://id.insee.fr/geo/departement/31 | http://data.ign.fr/id/geofla/departement/31 | http://data.alegoria-project.fr/id/ign/unitesadministratives/departement/31","Hautes-Pyrénées (Midi-Pyrénées, département) [d3ntb7x5gl-rdnnhynelg4] | Tarn (Midi-Pyrénées, département) [d3ntb8v56x-nqsxs299j7m5] | Ariège (Midi-Pyrénées, département) [d3ntb74ssb--j5jml422wi5p] | Gers (Midi-Pyrénées, département) [d3ntb7r2ga-awwsbuqxyql] | Aude (Languedoc-Roussillon, département) [d3ntb76w0m--snagmafhvgey] | Tarn-et-Garonne (Midi-Pyrénées, département) [d3ntb8vgm7--7hpct8y90uft]",
"place/FRAN_RI_005-d3ntb7ud84-8g9dowx5rt99","d3ntb7ud84-8g9dowx5rt99","Haute-Loire (Auvergne, département)",,"1790",,,"Auvergne-Rhône-Alpes (2016-.... ; région administrative) [d-5f0vj727s--1abiwfn04l9rn] | Auvergne (1982-2015 ; région administrative) [d3ntb5nsnj--jrkyz6vwvi4f]","43","Le Puy-en-Velay (Haute-Loire) [d3ntiu723i-1f2yrxmub148j]","http://id.insee.fr/geo/departement/43 | http://data.ign.fr/id/geofla/departement/43 | http://data.alegoria-project.fr/id/ign/unitesadministratives/departement/43","Puy-de-Dôme (Auvergne, département) [d3ntb8jcjf--14j38x9l75uuq] | Ardèche (Rhône-Alpes, département) [d3ntb73jy7-1pnyw2kxo9ifh] | Loire (Rhône-Alpes, département) [d3ntb84vj6-1xuqcjld3ig9m] | Cantal (Auvergne, département) [d3ntb7ejxl-47nz85a9e01t] | Lozère (Languedoc-Roussillon, département) [d3ntb86j0z--yrnxrer7n94l]",
"place/FRAN_RI_005-d3ntb7uov6--ysbcy23g4kr9","d3ntb7uov6--ysbcy23g4kr9","Haute-Marne (Champagne-Ardenne, département)",,"1790",,,"Grand Est (2016-.... ; région administrative) [d-2i7639zb5-1uyr7picq5c94] | Champagne-Ardenne (1982-2015 ; région administrative) [d3ntb5qjlg-4hc4majg8u11]","52","Chaumont (Haute-Marne) [d3ntkv6jjp-u7ojkzh6c4ds]","http://id.insee.fr/geo/departement/52 | http://data.ign.fr/id/geofla/departement/52 | http://data.alegoria-project.fr/id/ign/unitesadministratives/departement/52","Haute-Saône (Franche-Comté, département) [d5bdp11m4k--98gzyn8m8woz] | Côte-d'Or (Bourgogne, département) [d3ntb7heyx--g2riisb6ka8j] | Marne (Champagne-Ardenne, département) [d3ntb8850g-1p10efjw2vyw3] | Vosges (Lorraine, département) [d3ntb90lcn-1da2tok8c3zo7] | Aube (Champagne-Ardenne, département) [d3ntb7616w-1ulrt8mz7jar1] | Meuse (Lorraine, département) [d3ntb8bmom-1adeafepkz7op]",
"place/FRAN_RI_005-d3ntb7wtls-1hjgdcwweevc5","d3ntb7wtls-1hjgdcwweevc5","Hautes-Alpes (Provence-Alpes-Côte-d'Azur, département)",,"1790",,,"Provence-Alpes-Côte-d'Azur (1982-.... ; région administrative) [d3ntb6z7gc--1n390pvx9c09r]","05","Gap (Hautes-Alpes) [d3ntdaameg-5clw4kgdcos8]","http://id.insee.fr/geo/departement/05 | http://data.ign.fr/id/geofla/departement/05 | http://data.alegoria-project.fr/id/ign/unitesadministratives/departement/05","Savoie (Rhône-Alpes, département) [d3ntb8q3h4--1f9odtoezxb1g] | Isère (Rhône-Alpes, département) [d3ntb7zns3-w0k2gr4p0iqu] | Drôme (Rhône-Alpes, département) [d3ntb7lpqq-1mxfdar3kkm5j] | Alpes-de-Haute-Provence (Provence-Alpes-Côte-d'Azur, département) [d3ntb71ye9-13lxy96a9y8yw]",
"place/FRAN_RI_005-d5bdp11m4k--98gzyn8m8woz","d5bdp11m4k--98gzyn8m8woz","Haute-Saône (Franche-Comté, département)",,"1790",,,"Bourgogne-Franche-Comté (2016-.... ; région administrative) [d-5hz0e8rtl-oyi86rp3dq0t] | Franche-Comté (1982-2015 ; région administrative) [d3ntb5r73a--ewgdosvq0fl7]","70","Vesoul (Haute-Saône) [d3ntryos8g-1aoncfhgf92hs]","http://id.insee.fr/geo/departement/70 | http://data.ign.fr/id/geofla/departement/70 | http://data.alegoria-project.fr/id/ign/unitesadministratives/departement/70","Doubs (Franche-Comté, département) [d3ntb7ldge-9pxjgbcvrjpg] | Jura (Franche-Comté, département) [d5bdp3zrcm-e7nbba4rriom] | Côte-d'Or (Bourgogne, département) [d3ntb7heyx--g2riisb6ka8j] | Territoire de Belfort (Franche-Comté, département) [d5bdpcubz7--4epsjmdugqyc] | Vosges (Lorraine, département) [d3ntb90lcn-1da2tok8c3zo7] | Haute-Marne (Champagne-Ardenne, département) [d3ntb7uov6--ysbcy23g4kr9]",
"place/FRAN_RI_005-d3ntb7vvrg-hbpr0b4qr6af","d3ntb7vvrg-hbpr0b4qr6af","Haute-Savoie (Rhône-Alpes, département)",,"1790",,,"Auvergne-Rhône-Alpes (2016-.... ; région administrative) [d-5f0vj727s--1abiwfn04l9rn] | Rhône-Alpes (1982-2015 ; région administrative) [d3ntb6zkth-auq4chs5b3rr]","74","Annecy (Haute-Savoie) [d3ntsg3iez-1web13g5fon5t]","http://id.insee.fr/geo/departement/74 | http://data.ign.fr/id/geofla/departement/74 | http://data.alegoria-project.fr/id/ign/unitesadministratives/departement/74","Savoie (Rhône-Alpes, département) [d3ntb8q3h4--1f9odtoezxb1g] | Ain (Rhône-Alpes, département) [d3ntb70dhk-1lf59tn8rsvbw]",
"place/FRAN_RI_005-d3ntb7x5gl-rdnnhynelg4","d3ntb7x5gl-rdnnhynelg4","Hautes-Pyrénées (Midi-Pyrénées, département)",,"1790",,,"Occitanie (2016-.... ; région administrative) [d-57mwwmhl6--chnmk0p3vbgs] | Midi-Pyrénées (1982-2015 ; région administrative) [d3ntb6xb4d-1815b33y709yf]","65","Tarbes (Hautes-Pyrénées) [d3ntpwhmhs-1g3jvxky4k4gw]","http://id.insee.fr/geo/departement/65 | http://data.ign.fr/id/geofla/departement/65 | http://data.alegoria-project.fr/id/ign/unitesadministratives/departement/65","Pyrénées-Atlantiques (Aquitaine, département) [d3ntb8jnyq-1hio8y205xf6b] | Haute-Garonne (Midi-Pyrénées, département) [d3ntb7u15k--higdrdw7ywx8] | Gers (Midi-Pyrénées, département) [d3ntb7r2ga-awwsbuqxyql]",
"place/FRAN_RI_005-d3ntb7w81r-miez66yyo6nw","d3ntb7w81r-miez66yyo6nw","Haute-Vienne (Limousin, département)",,"1790",,,"Nouvelle-Aquitaine (2016-.... ; région administrative) [d-58pfliq32-z6atygawp5v3] | Limousin (1982-2015 ; région administrative) [d3ntb6vri9-lhhsrbert6ao]","87","Limoges (Haute-Vienne) [d3ntwkv4nl--1ei95xc5sbkjq]","http://id.insee.fr/geo/departement/87 | http://data.ign.fr/id/geofla/departement/87 | http://data.alegoria-project.fr/id/ign/unitesadministratives/departement/87","Indre (Centre, département) [d3ntb7ywek-1jk626ybdg665] | Dordogne (Aquitaine, département) [d3ntb7l0b0--1uwhs5qpi6ngo] | Charente (Poitou-Charentes, département) [d3ntb7ewfo--1d14rhava075d] | Creuse (Limousin, département) [d3ntb7il7x--1vk7pyy7wolw8] | Corrèze (Limousin, département) [d3ntb7grwl-94z667d9uttv] | Vienne (Poitou-Charentes, département) [d3ntb909xd-94mt6ylrfluo]",
"place/FRAN_RI_005-d3ntb7td0f--uft1tt83hfgx","d3ntb7td0f--uft1tt83hfgx","Haut-Rhin (Alsace, département)",,"1790",,,"Grand Est (2016-.... ; région administrative) [d-2i7639zb5-1uyr7picq5c94] | Alsace (1982-2015 ; région administrative) [d3ntb5n2ct-ucurm8b2xf66]","68","Colmar (Haut-Rhin) [d3ntqy752e-1uknhmt18mpld]","http://id.insee.fr/geo/departement/68 | http://data.ign.fr/id/geofla/departement/68 | http://data.alegoria-project.fr/id/ign/unitesadministratives/departement/68","Territoire de Belfort (Franche-Comté, département) [d5bdpcubz7--4epsjmdugqyc] | Vosges (Lorraine, département) [d3ntb90lcn-1da2tok8c3zo7] | Bas-Rhin (Alsace, département) [d3ntb78834--1anjmzrakhdvu]",
"place/FRAN_RI_005-d3ntb7xgvv-17sbqf1hi4qgj","d3ntb7xgvv-17sbqf1hi4qgj","Hauts-de-Seine (Ile-de-France, département)",,"1968",,"1er janvier 1968 : Le chef-lieu du département des Hauts-de-Seine est fixé à Nanterre.Le département de la Seine est réparti entre les départements des Hauts-de-Seine, de Paris, de la Seine-Saint-Denis et du Val-de-Marne.Le département de la Seine-et-Oise est réparti entre les départements de l'Essonne, des Hauts-de-Seine, de la Seine-Saint-Denis, du Val-de-Marne, du Val-d'Oise et des Yvelines.Le département des Hauts-de-Seine est créé en reprenant une partie de l'ancien département de la Seine et une partie de l'ancien département de la Seine-et-Oise.","Ile-de-France (1982-.... ; région administrative) [d3ntb6umju--1cjhempe2foi4]","92","Nanterre (Hauts-de-Seine) [d3ntxep4x0--imglz6jp4vf6]","http://id.insee.fr/geo/departement/92 | http://data.ign.fr/id/geofla/departement/92 | http://data.alegoria-project.fr/id/ign/unitesadministratives/departement/92","Val-d'Oise (Ile-de-France, département) [d3ntb8ynxv--18mkd7r455huc] | Yvelines (Ile-de-France, département) [d3ntb91vp2-1x0gbusmn6zj4] | Essonne (Ile-de-France, département) [d3ntb7nvrw--x5v56woc2tqj] | Seine-Saint-Denis (Ile-de-France, département) [d3ntb8t74v--1wxzypxi8r7lm] | Paris (Ile-de-France, département) [d5bdp7f563-3i98jv8c3b0g-bis] | Val-de-Marne (Ile-de-France, département) [d3ntb8yzd6-1a3vkw5xig8h2]",
"place/FRAN_RI_005-d3ntb7xsix--1qxf9xwajlkuk","d3ntb7xsix--1qxf9xwajlkuk","Hérault (Languedoc-Roussillon, département)",,"1790",,,"Occitanie (2016-.... ; région administrative) [d-57mwwmhl6--chnmk0p3vbgs] | Languedoc-Roussillon (1982-2015 ; région administrative) [d3ntb6vf7x--1wuxqw6640x4p]","34","Montpellier (Hérault) [d3nthnsobd--gjnp8vkx0qmn]","http://id.insee.fr/geo/departement/34 | http://data.ign.fr/id/geofla/departement/34 | http://data.alegoria-project.fr/id/ign/unitesadministratives/departement/34","Tarn (Midi-Pyrénées, département) [d3ntb8v56x-nqsxs299j7m5] | Aveyron (Midi-Pyrénées, département) [d3ntb779t9-158vlf2393hzx] | Aude (Languedoc-Roussillon, département) [d3ntb76w0m--snagmafhvgey] | Gard (Languedoc-Roussillon, département) [d3ntb7qeqo--1c0rjakf6f1n8]",
"place/FRAN_RI_005-d5bdpcpbzi--1qjqv6svzt8z1","d5bdpcpbzi--1qjqv6svzt8z1","Ile-de-Clipperton (pays et territoires d'outre-mer)",,"1790",,,,,,,,
"place/FRAN_RI_005-d3ntb7ykjq--tck4tl4rnvai","d3ntb7ykjq--tck4tl4rnvai","Ille-et-Vilaine (Bretagne, département)",,"1790",,,"Bretagne (1982-....; région administrative) [d3ntb5pi36--1ordqhckxn18g]","35","Rennes (Ille-et-Vilaine) [d3nthrv2j3--tfc468gvfbe8]","http://id.insee.fr/geo/departement/35 | http://data.ign.fr/id/geofla/departement/35 | http://data.alegoria-project.fr/id/ign/unitesadministratives/departement/35","Côtes-d'Armor (Bretagne, département) [d3ntb7hqlz-1wtyohr4yjr84] | Morbihan (Bretagne, département) [d3ntb8dvqf--1pj7ao1fla0wd] | Manche (Basse-Normandie, département) [d3ntb87hy4--yhe8o30oxp1n] | Mayenne (Pays-de-la-Loire, département) [d3ntb88sib--n92aramgtvqs] | Maine-et-Loire (Pays-de-la-Loire, département) [d3ntb8763b-1xnp7km7qrb2k] | Loire-Atlantique (Pays-de-la-Loire, département) [d3ntb858oj--102rd3typfz3w]",
"place/FRAN_RI_005-d3ntb7ywek-1jk626ybdg665","d3ntb7ywek-1jk626ybdg665","Indre (Centre, département)",,"1790",,,"Centre-Val de Loire (1982-.... ; région administrative) [d3ntb5q6nu--1q74jpluucrzb]","36","Châteauroux (Indre) [d3nthto7lo-rc5o4nsywz4c]","http://id.insee.fr/geo/departement/36 | http://data.ign.fr/id/geofla/departement/36 | http://data.alegoria-project.fr/id/ign/unitesadministratives/departement/36","Loir-et-Cher (Centre, département) [d3ntb83v3p-nt9a6swe87fm] | Cher (Centre, département) [d3ntb7g2gw--4rv27gfdzgqg] | Indre-et-Loire (Centre, département) [d3ntb7z81l--133orriip2258] | Haute-Vienne (Limousin, département) [d3ntb7w81r-miez66yyo6nw] | Creuse (Limousin, département) [d3ntb7il7x--1vk7pyy7wolw8] | Vienne (Poitou-Charentes, département) [d3ntb909xd-94mt6ylrfluo]",
"place/FRAN_RI_005-d3ntb7z81l--133orriip2258","d3ntb7z81l--133orriip2258","Indre-et-Loire (Centre, département)",,"1790",,,"Centre-Val de Loire (1982-.... ; région administrative) [d3ntb5q6nu--1q74jpluucrzb]","37","Tours (Indre-et-Loire) [d3nti0ob36--1kihblu2ijez]","http://id.insee.fr/geo/departement/37 | http://data.ign.fr/id/geofla/departement/37 | http://data.alegoria-project.fr/id/ign/unitesadministratives/departement/37","Loir-et-Cher (Centre, département) [d3ntb83v3p-nt9a6swe87fm] | Indre (Centre, département) [d3ntb7ywek-1jk626ybdg665] | Vienne (Poitou-Charentes, département) [d3ntb909xd-94mt6ylrfluo] | Sarthe (Pays-de-la-Loire, département) [d3ntb8ps1u-1d4qaxfwhbf8n] | Maine-et-Loire (Pays-de-la-Loire, département) [d3ntb8763b-1xnp7km7qrb2k]",
"place/FRAN_RI_005-d3ntb7zns3-w0k2gr4p0iqu","d3ntb7zns3-w0k2gr4p0iqu","Isère (Rhône-Alpes, département)",,"1790",,,"Auvergne-Rhône-Alpes (2016-.... ; région administrative) [d-5f0vj727s--1abiwfn04l9rn] | Rhône-Alpes (1982-2015 ; région administrative) [d3ntb6zkth-auq4chs5b3rr]","38","Grenoble (Isère) [d3nti84ec1--1of75hdvnmqej]","http://id.insee.fr/geo/departement/38 | http://data.ign.fr/id/geofla/departement/38 | http://data.alegoria-project.fr/id/ign/unitesadministratives/departement/38","Savoie (Rhône-Alpes, département) [d3ntb8q3h4--1f9odtoezxb1g] | Ardèche (Rhône-Alpes, département) [d3ntb73jy7-1pnyw2kxo9ifh] | Ain (Rhône-Alpes, département) [d3ntb70dhk-1lf59tn8rsvbw] | Loire (Rhône-Alpes, département) [d3ntb84vj6-1xuqcjld3ig9m] | Rhône (Rhône-Alpes, département) [d3ntb8kmo4-14vv2fdq38hkk] | Drôme (Rhône-Alpes, département) [d3ntb7lpqq-1mxfdar3kkm5j] | Hautes-Alpes (Provence-Alpes-Côte-d'Azur, département) [d3ntb7wtls-1hjgdcwweevc5]",
"place/FRAN_RI_005-d3ntb800pp--oy0w7lfdnpjs","d3ntb800pp--oy0w7lfdnpjs","Ithaque (France, département, 1797-1802)",,"1797","1802",,,,,,,
"place/FRAN_RI_005-d3ntb80ccr-lcfnadfjzviq","d3ntb80ccr-lcfnadfjzviq","Jemmapes (France, département, 1793-1814)","Jemappes","1793","1814",,,,,,,
"place/FRAN_RI_005-d5bdp3zrcm-e7nbba4rriom","d5bdp3zrcm-e7nbba4rriom","Jura (Franche-Comté, département)",,"1790",,,"Bourgogne-Franche-Comté (2016-.... ; région administrative) [d-5hz0e8rtl-oyi86rp3dq0t] | Franche-Comté (1982-2015 ; région administrative) [d3ntb5r73a--ewgdosvq0fl7]","39","Lons-le-Saunier (Jura) [d3ntifw21g-4owgdpred3nl]","http://id.insee.fr/geo/departement/39 | http://data.ign.fr/id/geofla/departement/39 | http://data.alegoria-project.fr/id/ign/unitesadministratives/departement/39","Ain (Rhône-Alpes, département) [d3ntb70dhk-1lf59tn8rsvbw] | Haute-Saône (Franche-Comté, département) [d5bdp11m4k--98gzyn8m8woz] | Saône-et-Loire (Bourgogne, département) [d3ntb8p5ms-l4smwbm63dp5] | Doubs (Franche-Comté, département) [d3ntb7ldge-9pxjgbcvrjpg] | Côte-d'Or (Bourgogne, département) [d3ntb7heyx--g2riisb6ka8j]",
"place/FRAN_RI_005-d3ntb81vr3-1j3p6bkgmyobh","d3ntb81vr3-1j3p6bkgmyobh","Landes (Aquitaine, département)",,"1790",,,"Nouvelle-Aquitaine (2016-.... ; région administrative) [d-58pfliq32-z6atygawp5v3] | Aquitaine (1982-2015 ; région administrative) [d3ntb5nfpx-1hpcdq0uyfemt]","40","Mont-de-Marsan (Landes) [d3ntiklwdw--yys1djxqggr6]","http://id.insee.fr/geo/departement/40 | http://data.ign.fr/id/geofla/departement/40 | http://data.alegoria-project.fr/id/ign/unitesadministratives/departement/40","Pyrénées-Atlantiques (Aquitaine, département) [d3ntb8jnyq-1hio8y205xf6b] | Gironde (Aquitaine, département) [d3ntb7rwey-p9op5y5cz1c6] | Lot-et-Garonne (Aquitaine, département) [d3ntb867dx-f7q6miwyhst] | Gers (Midi-Pyrénées, département) [d3ntb7r2ga-awwsbuqxyql]",
"place/FRAN_RI_005-d3ntb81ilq--1ofe17l7i7gst","d3ntb81ilq--1ofe17l7i7gst","La Réunion (département)",,"1946",,,,"974","Saint-Denis (La Réunion) [d3ntxip3m3-13ta73cw6nhib]","http://id.insee.fr/geo/departement/974 | http://data.ign.fr/id/geofla/departement/974 | http://data.alegoria-project.fr/id/ign/unitesadministratives/departement/974",,
"place/FRAN_RI_005-d3ntb82pxi-1dkulii90cr46","d3ntb82pxi-1dkulii90cr46","Léman (France, département, 1798-1814)",,"1798","1814",,,,,,,
"place/FRAN_RI_005-d3ntb836j2-wtxpg52oak16","d3ntb836j2-wtxpg52oak16","Liamone (France, département, 1793-1811)",,"1793","1811","Le département du Liamone est un ancien département français, dont le chef-lieu était Ajaccio. Il prend son nom du fleuve Liamone. Il est créé par décret du 11 août 17931, lors de la première partition de la Corse, que la Convention instaure du fait de la sécession paoliste, et est supprimé par le sénatus-consulte organique du 19 avril 1811, qui restaure le département de la Corse. (Source : https://fr.wikipedia.org/wiki/Liamone_(d%C3%A9partement))",,,,"http://www.wikidata.org/entity/Q2310748",,
"place/FRAN_RI_005-d3ntb83jgn--10vum07h230hq","d3ntb83jgn--10vum07h230hq","Lippe (France, département, 1811-1814)",,"1811","1814",,,,,,,
"place/FRAN_RI_005-d3ntb84vj6-1xuqcjld3ig9m","d3ntb84vj6-1xuqcjld3ig9m","Loire (Rhône-Alpes, département)",,"1790",,,"Auvergne-Rhône-Alpes (2016-.... ; région administrative) [d-5f0vj727s--1abiwfn04l9rn] | Rhône-Alpes (1982-2015 ; région administrative) [d3ntb6zkth-auq4chs5b3rr]","42","Saint-Etienne (Loire) [d3ntirgm31-8c9q4t0r57nn]","http://id.insee.fr/geo/departement/42 | http://data.ign.fr/id/geofla/departement/42 | http://data.alegoria-project.fr/id/ign/unitesadministratives/departement/42","Puy-de-Dôme (Auvergne, département) [d3ntb8jcjf--14j38x9l75uuq] | Haute-Loire (Auvergne, département) [d3ntb7ud84-8g9dowx5rt99] | Isère (Rhône-Alpes, département) [d3ntb7zns3-w0k2gr4p0iqu] | Allier (Auvergne, département) [d3ntb713cs-uv28hws58a4c] | Ardèche (Rhône-Alpes, département) [d3ntb73jy7-1pnyw2kxo9ifh] | Rhône (Rhône-Alpes, département) [d3ntb8kmo4-14vv2fdq38hkk] | Saône-et-Loire (Bourgogne, département) [d3ntb8p5ms-l4smwbm63dp5]",
"place/FRAN_RI_005-d3ntb858oj--102rd3typfz3w","d3ntb858oj--102rd3typfz3w","Loire-Atlantique (Pays-de-la-Loire, département)","Loire-Inférieure","1790",,,"Pays-de-la-Loire (1982-.... ; région administrative) [d3ntb6y2hx--8o4wf1ygvo3]","44","Nantes (Loire-Atlantique) [d3ntiwd9iq--ybilysorpjmc]","http://id.insee.fr/geo/departement/44 | http://data.ign.fr/id/geofla/departement/44 | http://data.alegoria-project.fr/id/ign/unitesadministratives/departement/44","Ille-et-Vilaine (Bretagne, département) [d3ntb7ykjq--tck4tl4rnvai] | Morbihan (Bretagne, département) [d3ntb8dvqf--1pj7ao1fla0wd] | Maine-et-Loire (Pays-de-la-Loire, département) [d3ntb8763b-1xnp7km7qrb2k] | Vendée (Pays-de-la-Loire, département) [d3ntb8zyab--2c8c3pwikhah]",
"place/FRAN_RI_005-d3ntb85kbl-a9i9f62vvrla","d3ntb85kbl-a9i9f62vvrla","Loiret (Centre, département)",,"1790",,,"Centre-Val de Loire (1982-.... ; région administrative) [d3ntb5q6nu--1q74jpluucrzb]","45","Orléans (Loiret) [d3ntj3sufy--1gdg82iquvnqh]","http://id.insee.fr/geo/departement/45 | http://data.ign.fr/id/geofla/departement/45 | http://data.alegoria-project.fr/id/ign/unitesadministratives/departement/45","Yonne (Bourgogne, département) [d3ntb918mq--w6r60hxod5vb] | Nièvre (Bourgogne, département) [d3ntb8ej0i-1mhq8etaawzq8] | Loir-et-Cher (Centre, département) [d3ntb83v3p-nt9a6swe87fm] | Cher (Centre, département) [d3ntb7g2gw--4rv27gfdzgqg] | Eure-et-Loir (Centre, département) [d3ntb7ok4s-1kvjezyly9q6g] | Seine-et-Marne (Ile-de-France, département) [d3ntb8r1j8-pfqcs6tkazic] | Essonne (Ile-de-France, département) [d3ntb7nvrw--x5v56woc2tqj]",
"place/FRAN_RI_005-d3ntb83v3p-nt9a6swe87fm","d3ntb83v3p-nt9a6swe87fm","Loir-et-Cher (Centre, département)",,"1790",,,"Centre-Val de Loire (1982-.... ; région administrative) [d3ntb5q6nu--1q74jpluucrzb]","41","Blois (Loir-et-Cher) [d3ntim7nvz-1ba255d18am14]","http://id.insee.fr/geo/departement/41 | http://data.ign.fr/id/geofla/departement/41 | http://data.alegoria-project.fr/id/ign/unitesadministratives/departement/41","Loiret (Centre, département) [d3ntb85kbl-a9i9f62vvrla] | Cher (Centre, département) [d3ntb7g2gw--4rv27gfdzgqg] | Indre-et-Loire (Centre, département) [d3ntb7z81l--133orriip2258] | Indre (Centre, département) [d3ntb7ywek-1jk626ybdg665] | Eure-et-Loir (Centre, département) [d3ntb7ok4s-1kvjezyly9q6g] | Sarthe (Pays-de-la-Loire, département) [d3ntb8ps1u-1d4qaxfwhbf8n]",
"place/FRAN_RI_005-d3ntb85vqv--zhgojvxl8vik","d3ntb85vqv--zhgojvxl8vik","Lot (Midi-Pyrénées, département)",,"1790",,,"Occitanie (2016-.... ; région administrative) [d-57mwwmhl6--chnmk0p3vbgs] | Midi-Pyrénées (1982-2015 ; région administrative) [d3ntb6xb4d-1815b33y709yf]","46","Cahors (Lot) [d3ntj5g5rx--1scam0k1fd1ev]","http://id.insee.fr/geo/departement/46 | http://data.ign.fr/id/geofla/departement/46 | http://data.alegoria-project.fr/id/ign/unitesadministratives/departement/46","Cantal (Auvergne, département) [d3ntb7ejxl-47nz85a9e01t] | Dordogne (Aquitaine, département) [d3ntb7l0b0--1uwhs5qpi6ngo] | Corrèze (Limousin, département) [d3ntb7grwl-94z667d9uttv] | Lot-et-Garonne (Aquitaine, département) [d3ntb867dx-f7q6miwyhst] | Aveyron (Midi-Pyrénées, département) [d3ntb779t9-158vlf2393hzx] | Tarn-et-Garonne (Midi-Pyrénées, département) [d3ntb8vgm7--7hpct8y90uft]",
"place/FRAN_RI_005-d3ntb867dx-f7q6miwyhst","d3ntb867dx-f7q6miwyhst","Lot-et-Garonne (Aquitaine, département)",,"1790",,,"Nouvelle-Aquitaine (2016-.... ; région administrative) [d-58pfliq32-z6atygawp5v3] | Aquitaine (1982-2015 ; région administrative) [d3ntb5nfpx-1hpcdq0uyfemt]","47","Agen (Lot-et-Garonne) [d3ntk18xax-1v5c7y9rxhsjx]","http://id.insee.fr/geo/departement/47 | http://data.ign.fr/id/geofla/departement/47 | http://data.alegoria-project.fr/id/ign/unitesadministratives/departement/47","Dordogne (Aquitaine, département) [d3ntb7l0b0--1uwhs5qpi6ngo] | Gironde (Aquitaine, département) [d3ntb7rwey-p9op5y5cz1c6] | Landes (Aquitaine, département) [d3ntb81vr3-1j3p6bkgmyobh] | Gers (Midi-Pyrénées, département) [d3ntb7r2ga-awwsbuqxyql] | Lot (Midi-Pyrénées, département) [d3ntb85vqv--zhgojvxl8vik] | Tarn-et-Garonne (Midi-Pyrénées, département) [d3ntb8vgm7--7hpct8y90uft]",
"place/FRAN_RI_005-d3ntb86j0z--yrnxrer7n94l","d3ntb86j0z--yrnxrer7n94l","Lozère (Languedoc-Roussillon, département)",,"1790",,,"Occitanie (2016-.... ; région administrative) [d-57mwwmhl6--chnmk0p3vbgs] | Languedoc-Roussillon (1982-2015 ; région administrative) [d3ntb6vf7x--1wuxqw6640x4p]","48","Mende (Lozère) [d3ntk5w7e1-77zw4tg1vwco]","http://id.insee.fr/geo/departement/48 | http://data.ign.fr/id/geofla/departement/48 | http://data.alegoria-project.fr/id/ign/unitesadministratives/departement/48","Haute-Loire (Auvergne, département) [d3ntb7ud84-8g9dowx5rt99] | Ardèche (Rhône-Alpes, département) [d3ntb73jy7-1pnyw2kxo9ifh] | Cantal (Auvergne, département) [d3ntb7ejxl-47nz85a9e01t] | Aveyron (Midi-Pyrénées, département) [d3ntb779t9-158vlf2393hzx] | Gard (Languedoc-Roussillon, département) [d3ntb7qeqo--1c0rjakf6f1n8]",
"place/FRAN_RI_005-d3ntb86ug9-nelhcca96r9e","d3ntb86ug9-nelhcca96r9e","Lys (France, département, 1795-1814)",,"1795","1814",,,,,,,
"place/FRAN_RI_005-d3ntb8763b-1xnp7km7qrb2k","d3ntb8763b-1xnp7km7qrb2k","Maine-et-Loire (Pays-de-la-Loire, département)","Mayenne-et-Loire","1790",,,"Pays-de-la-Loire (1982-.... ; région administrative) [d3ntb6y2hx--8o4wf1ygvo3]","49","Angers (Maine-et-Loire) [d3ntk7p5cj-1du5109gay6yh]","http://id.insee.fr/geo/departement/49 | http://data.ign.fr/id/geofla/departement/49 | http://data.alegoria-project.fr/id/ign/unitesadministratives/departement/49","Ille-et-Vilaine (Bretagne, département) [d3ntb7ykjq--tck4tl4rnvai] | Indre-et-Loire (Centre, département) [d3ntb7z81l--133orriip2258] | Deux-Sèvres (Poitou-Charentes, département) [d3ntb7jsrh-vfhddufur92k] | Vienne (Poitou-Charentes, département) [d3ntb909xd-94mt6ylrfluo] | Sarthe (Pays-de-la-Loire, département) [d3ntb8ps1u-1d4qaxfwhbf8n] | Mayenne (Pays-de-la-Loire, département) [d3ntb88sib--n92aramgtvqs] | Vendée (Pays-de-la-Loire, département) [d3ntb8zyab--2c8c3pwikhah] | Loire-Atlantique (Pays-de-la-Loire, département) [d3ntb858oj--102rd3typfz3w]",
"place/FRAN_RI_005-d3ntb87hy4--yhe8o30oxp1n","d3ntb87hy4--yhe8o30oxp1n","Manche (Basse-Normandie, département)",,"1790",,,"Normandie (2016-.... ; région administrative) [d-5gu7ge1ty-1luyvscxcammt] | Basse-Normandie (1982-2015 ; région administrative) [d3ntb5oh87-3l52f2cp6kyj]","50","Saint-Lô (Manche) [d3ntklaug8-1d4efdrb141ek]","http://id.insee.fr/geo/departement/50 | http://data.ign.fr/id/geofla/departement/50 | http://data.alegoria-project.fr/id/ign/unitesadministratives/departement/50","Ille-et-Vilaine (Bretagne, département) [d3ntb7ykjq--tck4tl4rnvai] | Orne (Basse-Normandie, département) [d3ntb8hf4o-hghezh7crum4] | Calvados (Basse-Normandie, département) [d3ntb7e7v0--10ymhckkidpkv] | Mayenne (Pays-de-la-Loire, département) [d3ntb88sib--n92aramgtvqs]",
"place/FRAN_RI_005-d3ntb87tde-1nwkkmqsuh66z","d3ntb87tde-1nwkkmqsuh66z","Marengo (France, département, 1802-1814)",,"1802","1814",,,,,,,
"place/FRAN_RI_005-d3ntb8850g-1p10efjw2vyw3","d3ntb8850g-1p10efjw2vyw3","Marne (Champagne-Ardenne, département)",,"1790",,,"Grand Est (2016-.... ; région administrative) [d-2i7639zb5-1uyr7picq5c94] | Champagne-Ardenne (1982-2015 ; région administrative) [d3ntb5qjlg-4hc4majg8u11]","51","Châlons-en-Champagne (Marne) [d3ntko4mqv--1up2wgc8vdw48]","http://id.insee.fr/geo/departement/51 | http://data.ign.fr/id/geofla/departement/51 | http://data.alegoria-project.fr/id/ign/unitesadministratives/departement/51","Haute-Marne (Champagne-Ardenne, département) [d3ntb7uov6--ysbcy23g4kr9] | Ardennes (Champagne-Ardenne, département) [d3ntb74erw--zzvf2h1n9aip] | Aube (Champagne-Ardenne, département) [d3ntb7616w-1ulrt8mz7jar1] | Meuse (Lorraine, département) [d3ntb8bmom-1adeafepkz7op] | Aisne (Picardie, département) [d3ntb70r2g--1uw0k9ewfsj4r] | Seine-et-Marne (Ile-de-France, département) [d3ntb8r1j8-pfqcs6tkazic]",
"place/FRAN_RI_005-d3ntb88gv9-bl5s004c39jx","d3ntb88gv9-bl5s004c39jx","Martinique (département)",,"1946",,,,"972","Fort-de-France (Martinique) [d3ntxi2t33--1obbcc9eomlbk]","http://id.insee.fr/geo/departement/972 | http://data.ign.fr/id/geofla/departement/972 | http://data.alegoria-project.fr/id/ign/unitesadministratives/departement/972",,
"place/FRAN_RI_005-d3ntb88sib--n92aramgtvqs","d3ntb88sib--n92aramgtvqs","Mayenne (Pays-de-la-Loire, département)",,"1790",,,"Pays-de-la-Loire (1982-.... ; région administrative) [d3ntb6y2hx--8o4wf1ygvo3]","53","Laval (Mayenne) [d3ntl1ssnr--76f7esi1x588]","http://id.insee.fr/geo/departement/53 | http://data.ign.fr/id/geofla/departement/53 | http://data.alegoria-project.fr/id/ign/unitesadministratives/departement/53","Ille-et-Vilaine (Bretagne, département) [d3ntb7ykjq--tck4tl4rnvai] | Orne (Basse-Normandie, département) [d3ntb8hf4o-hghezh7crum4] | Manche (Basse-Normandie, département) [d3ntb87hy4--yhe8o30oxp1n] | Sarthe (Pays-de-la-Loire, département) [d3ntb8ps1u-1d4qaxfwhbf8n] | Maine-et-Loire (Pays-de-la-Loire, département) [d3ntb8763b-1xnp7km7qrb2k]",
"place/FRAN_RI_005-d3ntb893pu-qq9x7bwttxhe","d3ntb893pu-qq9x7bwttxhe","Mayotte (département)",,"2011",,"31 mars 2011 : Le département de Mayotte est créé.",,"976","Dzaoudzi (Mayotte) [d3ntxixq8g--aqvu1i6sjjss]","http://id.insee.fr/geo/departement/976 | http://data.ign.fr/id/geofla/departement/976 | http://data.alegoria-project.fr/id/ign/unitesadministratives/departement/976",,
"place/FRAN_RI_005-d3ntb8amgw-bk7ahtu4y2oe","d3ntb8amgw-bk7ahtu4y2oe","Méditerranée (France, département, 1808-1814)",,"1808","1814",,,,,,,
"place/FRAN_RI_005-d3ntb8azei-1n1dsx0w9m8ys","d3ntb8azei-1n1dsx0w9m8ys","Mer-Egée (France, département, 1797-1802)",,"1797","1802",,,,,,,
"place/FRAN_RI_005-d3ntb8bb9b--1cfhgub70xba6","d3ntb8bb9b--1cfhgub70xba6","Meurthe-et-Moselle (Lorraine, département)","Meurthe","1871",,,"Grand Est (2016-.... ; région administrative) [d-2i7639zb5-1uyr7picq5c94] | Lorraine (1982-2015 ; région administrative) [d3ntb6w484--1izwljhl2qq7y]","54","Nancy (Meurthe-et-Moselle) [d3ntl7qhby--gtuufn0x8779]","http://id.insee.fr/geo/departement/54 | http://data.ign.fr/id/geofla/departement/54 | http://data.alegoria-project.fr/id/ign/unitesadministratives/departement/54","Moselle (Lorraine, département) [d3ntb8e7dh--pmivxky46pk5] | Vosges (Lorraine, département) [d3ntb90lcn-1da2tok8c3zo7] | Bas-Rhin (Alsace, département) [d3ntb78834--1anjmzrakhdvu] | Meuse (Lorraine, département) [d3ntb8bmom-1adeafepkz7op]",
"place/FRAN_RI_005-d3ntb8bmom-1adeafepkz7op","d3ntb8bmom-1adeafepkz7op","Meuse (Lorraine, département)",,"1790",,,"Grand Est (2016-.... ; région administrative) [d-2i7639zb5-1uyr7picq5c94] | Lorraine (1982-2015 ; région administrative) [d3ntb6w484--1izwljhl2qq7y]","55","Bar-le-Duc (Meuse) [d3ntlauytz-1bf0djk2z0k4q]","http://id.insee.fr/geo/departement/55 | http://data.ign.fr/id/geofla/departement/55 | http://data.alegoria-project.fr/id/ign/unitesadministratives/departement/55","Marne (Champagne-Ardenne, département) [d3ntb8850g-1p10efjw2vyw3] | Vosges (Lorraine, département) [d3ntb90lcn-1da2tok8c3zo7] | Meurthe-et-Moselle (Lorraine, département) [d3ntb8bb9b--1cfhgub70xba6] | Haute-Marne (Champagne-Ardenne, département) [d3ntb7uov6--ysbcy23g4kr9] | Ardennes (Champagne-Ardenne, département) [d3ntb74erw--zzvf2h1n9aip]",
"place/FRAN_RI_005-d3ntb8bybn-h7gponvh3k8a","d3ntb8bybn-h7gponvh3k8a","Meuse-Inférieure (France, département, 1795-1814)",,"1795","1814",,,,,,,
"place/FRAN_RI_005-d3ntb8c9yp-efec5tfjsyt9","d3ntb8c9yp-efec5tfjsyt9","Mont-Blanc (France, département, 1792-1815)",,"1792","1815",,,,,,,
"place/FRAN_RI_005-d3ntb8d8o3-18dw882zsrf8g","d3ntb8d8o3-18dw882zsrf8g","Montenotte (France, département, 1805-1814)",,"1805","1814",,,,,,,
"place/FRAN_RI_005-d3ntb8dk3d--x9t8eiljnte9","d3ntb8dk3d--x9t8eiljnte9","Montserrat (France, département, 1812-1813)",,"1812","1813",,,,,,,
"place/FRAN_RI_005-d3ntb8cle0--yhgwhrgs8z0o","d3ntb8cle0--yhgwhrgs8z0o","Mont-Terrible (France, département, 1793-1800)",,"1793","1800",,,,,,,
"place/FRAN_RI_005-d3ntb8cx11-b02akvub5bfk","d3ntb8cx11-b02akvub5bfk","Mont-Tonnerre (France, département, 1797-1814)",,"1797","1814",,,,,,,
"place/FRAN_RI_005-d3ntb8dvqf--1pj7ao1fla0wd","d3ntb8dvqf--1pj7ao1fla0wd","Morbihan (Bretagne, département)",,"1790",,,"Bretagne (1982-....; région administrative) [d3ntb5pi36--1ordqhckxn18g]","56","Vannes (Morbihan) [d3ntmn691q--4gfneujfap2y]","http://id.insee.fr/geo/departement/56 | http://data.ign.fr/id/geofla/departement/56 | http://data.alegoria-project.fr/id/ign/unitesadministratives/departement/56","Finistère (Bretagne, département) [d3ntb7ow7c--5vehi4l7x7op] | Côtes-d'Armor (Bretagne, département) [d3ntb7hqlz-1wtyohr4yjr84] | Ille-et-Vilaine (Bretagne, département) [d3ntb7ykjq--tck4tl4rnvai] | Loire-Atlantique (Pays-de-la-Loire, département) [d3ntb858oj--102rd3typfz3w]",
"place/FRAN_RI_005-d3ntb8e7dh--pmivxky46pk5","d3ntb8e7dh--pmivxky46pk5","Moselle (Lorraine, département)",,"1790",,,"Grand Est (2016-.... ; région administrative) [d-2i7639zb5-1uyr7picq5c94] | Lorraine (1982-2015 ; région administrative) [d3ntb6w484--1izwljhl2qq7y]","57","Metz (Moselle) [d3ntmwfra4-xzf0ospxj9io]","http://id.insee.fr/geo/departement/57 | http://data.ign.fr/id/geofla/departement/57 | http://data.alegoria-project.fr/id/ign/unitesadministratives/departement/57","Meurthe-et-Moselle (Lorraine, département) [d3ntb8bb9b--1cfhgub70xba6] | Bas-Rhin (Alsace, département) [d3ntb78834--1anjmzrakhdvu]",
"place/FRAN_RI_005-d3ntb8ej0i-1mhq8etaawzq8","d3ntb8ej0i-1mhq8etaawzq8","Nièvre (Bourgogne, département)",,"1790",,,"Bourgogne-Franche-Comté (2016-.... ; région administrative) [d-5hz0e8rtl-oyi86rp3dq0t] | Bourgogne (1982-2015 ; région administrative) [d3ntb5otij-1fcpt8sfdm8sx]","58","Nevers (Nièvre) [d3ntnuny6y--15lgf4jb6vel]","http://id.insee.fr/geo/departement/58 | http://data.ign.fr/id/geofla/departement/58 | http://data.alegoria-project.fr/id/ign/unitesadministratives/departement/58","Allier (Auvergne, département) [d3ntb713cs-uv28hws58a4c] | Yonne (Bourgogne, département) [d3ntb918mq--w6r60hxod5vb] | Saône-et-Loire (Bourgogne, département) [d3ntb8p5ms-l4smwbm63dp5] | Côte-d'Or (Bourgogne, département) [d3ntb7heyx--g2riisb6ka8j] | Loiret (Centre, département) [d3ntb85kbl-a9i9f62vvrla] | Cher (Centre, département) [d3ntb7g2gw--4rv27gfdzgqg]",
"place/FRAN_RI_005-d3ntb8eunk--t1uxigkbqayp","d3ntb8eunk--t1uxigkbqayp","Nord (Nord-Pas-de-Calais, département)",,"1790",,,"Hauts-de-France (2016-.... ; région administrative) [d-43iu15qv1-1k199wk94zszp] | Nord-Pas-de-Calais (1982-2015 ; région administrative) [d3ntb6xpcj--1xfzabks8jp7r]","59","Lille (Nord) [d3nto9f72a-12s7y0ippxtaj]","http://id.insee.fr/geo/departement/59 | http://data.ign.fr/id/geofla/departement/59 | http://data.alegoria-project.fr/id/ign/unitesadministratives/departement/59","Aisne (Picardie, département) [d3ntb70r2g--1uw0k9ewfsj4r] | Pas-de-Calais (Nord-Pas-de-Calais, département) [d3ntb8idu2-z9ot230s6xja] | Somme (Picardie, département) [d3ntb8u6x2-iq75f6vdwu0a]",
"place/FRAN_RI_005-d3ntb8gfch--1r1nlfgtk4z0r","d3ntb8gfch--1r1nlfgtk4z0r","Nouvelle-Calédonie (pays et territoires d'outre-mer)",,"1790",,,,,,,,
"place/FRAN_RI_005-d3ntb8gs2c-r7m1xcm91zhq","d3ntb8gs2c-r7m1xcm91zhq","Oise (Picardie, département)",,"1790",,,"Hauts-de-France (2016-.... ; région administrative) [d-43iu15qv1-1k199wk94zszp] | Picardie (1982-2015 ; région administrative) [d3ntb6yes9--1x9ljqkt7ybbt]","60","Beauvais (Oise) [d3ntos0ywi-zhdde7lm2pe3]","http://id.insee.fr/geo/departement/60 | http://data.ign.fr/id/geofla/departement/60 | http://data.alegoria-project.fr/id/ign/unitesadministratives/departement/60","Aisne (Picardie, département) [d3ntb70r2g--1uw0k9ewfsj4r] | Somme (Picardie, département) [d3ntb8u6x2-iq75f6vdwu0a] | Seine-et-Marne (Ile-de-France, département) [d3ntb8r1j8-pfqcs6tkazic] | Val-d'Oise (Ile-de-France, département) [d3ntb8ynxv--18mkd7r455huc] | Seine-Maritime (Haute-Normandie, département) [d3ntb8svpl-1sgeqirhtkz5g] | Eure (Haute-Normandie, département) [d3ntb7o8hq-1b5fuvt2evll9]",
"place/FRAN_RI_005-d3ntb8h3hm-1op25mg7yo8mm","d3ntb8h3hm-1op25mg7yo8mm","Ombrone (France, département, 1808-1814)",,"1808","1814",,,,,,,
"place/FRAN_RI_005-d-2h5ye4ik4-1txqsbxx002yl","d-2h5ye4ik4-1txqsbxx002yl","Oran (Algérie ; département ; 1848-1962)","Département d'Oran","1848","1962","Le département d'Oran est un département français d'Algérie, qui a existé entre 1848 et 1962. Considérée comme une province française, l'Algérie fut départementalisée le 9 décembre 1848. Les départements créés à cette date étaient la zone civile des trois provinces correspondant aux beyliks de l'État d'Alger récemment conquis. Par conséquent, la ville d'Oran est faite préfecture du département portant son nom, couvrant alors l'ouest de l'Algérie, laissant à l'est le département d'Alger, à l'ouest de celui de Constantine. (Source : https://fr.wikipedia.org/wiki/D%C3%A9partement_d%27Oran )",,,,"http://www.wikidata.org/entity/Q3044591",,"08/03/2021 : Lieu ajouté le [08/03/2021]"
"place/FRAN_RI_005-d3ntb8hf4o-hghezh7crum4","d3ntb8hf4o-hghezh7crum4","Orne (Basse-Normandie, département)",,"1790",,,"Normandie (2016-.... ; région administrative) [d-5gu7ge1ty-1luyvscxcammt] | Basse-Normandie (1982-2015 ; région administrative) [d3ntb5oh87-3l52f2cp6kyj]","61","Alençon (Orne) [d3ntozx24f--1efal243q83gh]","http://id.insee.fr/geo/departement/61 | http://data.ign.fr/id/geofla/departement/61 | http://data.alegoria-project.fr/id/ign/unitesadministratives/departement/61","Eure-et-Loir (Centre, département) [d3ntb7ok4s-1kvjezyly9q6g] | Eure (Haute-Normandie, département) [d3ntb7o8hq-1b5fuvt2evll9] | Manche (Basse-Normandie, département) [d3ntb87hy4--yhe8o30oxp1n] | Calvados (Basse-Normandie, département) [d3ntb7e7v0--10ymhckkidpkv] | Sarthe (Pays-de-la-Loire, département) [d3ntb8ps1u-1d4qaxfwhbf8n] | Mayenne (Pays-de-la-Loire, département) [d3ntb88sib--n92aramgtvqs]",
"place/FRAN_RI_005-d3ntb8hqrq--h132l304gp1v","d3ntb8hqrq--h132l304gp1v","Ourthe (France, département, 1795-1814)",,"1795","1814",,,,,,,
"place/FRAN_RI_005-d5bdp7f563-3i98jv8c3b0g-bis","d5bdp7f563-3i98jv8c3b0g-bis","Paris (Ile-de-France, département)",,"1968",,"1er janvier 1968 : Le chef-lieu du département de Paris est fixé à Paris.Le département de Paris est créé.Le département de la Seine est réparti entre les départements des Hauts-de-Seine, de Paris, de la Seine-Saint-Denis et du Val-de-Marne.","Ile-de-France (1982-.... ; région administrative) [d3ntb6umju--1cjhempe2foi4]",,"Paris (France) [d5bdppt147--176wwvjcctrx0]","http://id.insee.fr/geo/departement/75 | http://data.ign.fr/id/geofla/departement/75 | http://data.alegoria-project.fr/id/ign/unitesadministratives/departement/75","Hauts-de-Seine (Ile-de-France, département) [d3ntb7xgvv-17sbqf1hi4qgj] | Seine-Saint-Denis (Ile-de-France, département) [d3ntb8t74v--1wxzypxi8r7lm] | Val-de-Marne (Ile-de-France, département) [d3ntb8yzd6-1a3vkw5xig8h2]",
"place/FRAN_RI_005-d3ntb8idu2-z9ot230s6xja","d3ntb8idu2-z9ot230s6xja","Pas-de-Calais (Nord-Pas-de-Calais, département)",,"1790",,,"Hauts-de-France (2016-.... ; région administrative) [d-43iu15qv1-1k199wk94zszp] | Nord-Pas-de-Calais (1982-2015 ; région administrative) [d3ntb6xpcj--1xfzabks8jp7r]","62","Arras (Pas-de-Calais) [d3ntp65yyw--1ol6yn6nooej6]","http://id.insee.fr/geo/departement/62 | http://data.ign.fr/id/geofla/departement/62 | http://data.alegoria-project.fr/id/ign/unitesadministratives/departement/62","Nord (Nord-Pas-de-Calais, département) [d3ntb8eunk--t1uxigkbqayp] | Somme (Picardie, département) [d3ntb8u6x2-iq75f6vdwu0a]",
"place/FRAN_RI_005-d3ntb8iph3--k0s3zcxsxjgz","d3ntb8iph3--k0s3zcxsxjgz","Pô (France, département, 1802-1814)","Eridan","1802","1814",,,,,,,
"place/FRAN_RI_005-d5bdpe088x-lfg6zid2h8e7","d5bdpe088x-lfg6zid2h8e7","Polynésie-Française (pays et territoires d'outre-mer)",,"1790",,,,,,,,
"place/FRAN_RI_005-d3ntb8jcjf--14j38x9l75uuq","d3ntb8jcjf--14j38x9l75uuq","Puy-de-Dôme (Auvergne, département)",,"1790",,,"Auvergne-Rhône-Alpes (2016-.... ; région administrative) [d-5f0vj727s--1abiwfn04l9rn] | Auvergne (1982-2015 ; région administrative) [d3ntb5nsnj--jrkyz6vwvi4f]","63","Clermont-Ferrand (Puy-de-Dôme) [d3ntpi57ck-byearnmr8vgx]","http://id.insee.fr/geo/departement/63 | http://data.ign.fr/id/geofla/departement/63 | http://data.alegoria-project.fr/id/ign/unitesadministratives/departement/63","Haute-Loire (Auvergne, département) [d3ntb7ud84-8g9dowx5rt99] | Allier (Auvergne, département) [d3ntb713cs-uv28hws58a4c] | Loire (Rhône-Alpes, département) [d3ntb84vj6-1xuqcjld3ig9m] | Cantal (Auvergne, département) [d3ntb7ejxl-47nz85a9e01t] | Creuse (Limousin, département) [d3ntb7il7x--1vk7pyy7wolw8] | Corrèze (Limousin, département) [d3ntb7grwl-94z667d9uttv]",
"place/FRAN_RI_005-d3ntb8jnyq-1hio8y205xf6b","d3ntb8jnyq-1hio8y205xf6b","Pyrénées-Atlantiques (Aquitaine, département)","Basses-Pyrénées","1790",,"10 octobre 1969 : Le département des Basses-Pyrénées est renommé département des Pyrénées-Atlantiques.","Nouvelle-Aquitaine (2016-.... ; région administrative) [d-58pfliq32-z6atygawp5v3] | Aquitaine (1982-2015 ; région administrative) [d3ntb5nfpx-1hpcdq0uyfemt]","64","Pau (Pyrénées-Atlantiques) [d3ntpqmkga--m4hyt738u04n]","http://id.insee.fr/geo/departement/64 | http://data.ign.fr/id/geofla/departement/64 | http://data.alegoria-project.fr/id/ign/unitesadministratives/departement/64","Landes (Aquitaine, département) [d3ntb81vr3-1j3p6bkgmyobh] | Hautes-Pyrénées (Midi-Pyrénées, département) [d3ntb7x5gl-rdnnhynelg4] | Gers (Midi-Pyrénées, département) [d3ntb7r2ga-awwsbuqxyql]",
"place/FRAN_RI_005-d3ntb8jzlr--1ebkp4txjj0zn","d3ntb8jzlr--1ebkp4txjj0zn","Pyrénées-Orientales (Languedoc-Roussillon, département)",,"1790",,,"Occitanie (2016-.... ; région administrative) [d-57mwwmhl6--chnmk0p3vbgs] | Languedoc-Roussillon (1982-2015 ; région administrative) [d3ntb6vf7x--1wuxqw6640x4p]","66","Perpignan (Pyrénées-Orientales) [d3ntpz05r4-16mt363k2ya46]","http://id.insee.fr/geo/departement/66 | http://data.ign.fr/id/geofla/departement/66 | http://data.alegoria-project.fr/id/ign/unitesadministratives/departement/66","Ariège (Midi-Pyrénées, département) [d3ntb74ssb--j5jml422wi5p] | Aude (Languedoc-Roussillon, département) [d3ntb76w0m--snagmafhvgey]",
"place/FRAN_RI_005-d3ntb8kb8t--7rcnd5pdund1","d3ntb8kb8t--7rcnd5pdund1","Rhin-et-Moselle (France, département, 1797-1814)",,"1797","1814",,,,,,,
"place/FRAN_RI_005-d3ntb8kmo4-14vv2fdq38hkk","d3ntb8kmo4-14vv2fdq38hkk","Rhône (Rhône-Alpes, département)",,"1790",,,"Auvergne-Rhône-Alpes (2016-.... ; région administrative) [d-5f0vj727s--1abiwfn04l9rn] | Rhône-Alpes (1982-2015 ; région administrative) [d3ntb6zkth-auq4chs5b3rr]","69","Lyon (Rhône) [d3ntr30aef-iiuzlggrj026]","http://id.insee.fr/geo/departement/69 | http://data.ign.fr/id/geofla/departement/69 | http://data.alegoria-project.fr/id/ign/unitesadministratives/departement/69","Isère (Rhône-Alpes, département) [d3ntb7zns3-w0k2gr4p0iqu] | Ain (Rhône-Alpes, département) [d3ntb70dhk-1lf59tn8rsvbw] | Loire (Rhône-Alpes, département) [d3ntb84vj6-1xuqcjld3ig9m] | Saône-et-Loire (Bourgogne, département) [d3ntb8p5ms-l4smwbm63dp5]",
"place/FRAN_RI_005-d3ntb8mx0h-1tcpzikmyywvj","d3ntb8mx0h-1tcpzikmyywvj","Rhône-et-Loire (France, département, 1790-1793)",,"1790","1793",,,,,,,
"place/FRAN_RI_005-d3ntb8n9y3-60pstqgp5m2x","d3ntb8n9y3-60pstqgp5m2x","Roër (France, département, 1797-1814)","Rore","1797","1814",,,,,,,
"place/FRAN_RI_005-d3ntb8nll5-2ed9lrlfaku0","d3ntb8nll5-2ed9lrlfaku0","Rome (France, département, 1809-1814)","Tibre","1809","1814",,,,,,,
"place/FRAN_RI_005-d3ntb8nwso--jan1x3oy5lce","d3ntb8nwso--jan1x3oy5lce","Saint-Barthélémy (pays et territoires d'outre-mer)",,"1790",,,,,,,,
"place/FRAN_RI_005-d3ntb8o807-ueaxmxurmocn","d3ntb8o807-ueaxmxurmocn","Saint-Martin (pays et territoires d'outre-mer)",,"1790",,,,,,,,
"place/FRAN_RI_005-d3ntb8oj7q--fd4a3cguuz6b","d3ntb8oj7q--fd4a3cguuz6b","Saint-Pierre-et-Miquelon (pays et territoires d'outre-mer)",,"1976",,,,,,"http://id.insee.fr/geo/collectiviteDOutreMer/975",,
"place/FRAN_RI_005-d3ntb8oun0--suzutj89xfy5","d3ntb8oun0--suzutj89xfy5","Sambre-et-Meuse (France, département, 1795-1814)",,"1795","1814",,,,,,,
"place/FRAN_RI_005-d3ntb8p5ms-l4smwbm63dp5","d3ntb8p5ms-l4smwbm63dp5","Saône-et-Loire (Bourgogne, département)",,"1790",,,"Bourgogne-Franche-Comté (2016-.... ; région administrative) [d-5hz0e8rtl-oyi86rp3dq0t] | Bourgogne (1982-2015 ; région administrative) [d3ntb5otij-1fcpt8sfdm8sx]","71","Mâcon (Saône-et-Loire) [d3nts371wa-piar2u2v64bd]","http://id.insee.fr/geo/departement/71 | http://data.ign.fr/id/geofla/departement/71 | http://data.alegoria-project.fr/id/ign/unitesadministratives/departement/71","Allier (Auvergne, département) [d3ntb713cs-uv28hws58a4c] | Ain (Rhône-Alpes, département) [d3ntb70dhk-1lf59tn8rsvbw] | Loire (Rhône-Alpes, département) [d3ntb84vj6-1xuqcjld3ig9m] | Rhône (Rhône-Alpes, département) [d3ntb8kmo4-14vv2fdq38hkk] | Jura (Franche-Comté, département) [d5bdp3zrcm-e7nbba4rriom] | Côte-d'Or (Bourgogne, département) [d3ntb7heyx--g2riisb6ka8j] | Nièvre (Bourgogne, département) [d3ntb8ej0i-1mhq8etaawzq8]",
"place/FRAN_RI_005-d3ntb8pgmj-6k1zejd6a16x","d3ntb8pgmj-6k1zejd6a16x","Sarre (France, département, 1797-1814)",,"1797","1814",,,,,,,
"place/FRAN_RI_005-d3ntb8ps1u-1d4qaxfwhbf8n","d3ntb8ps1u-1d4qaxfwhbf8n","Sarthe (Pays-de-la-Loire, département)",,"1790",,,"Pays-de-la-Loire (1982-.... ; région administrative) [d3ntb6y2hx--8o4wf1ygvo3]","72","Le Mans (Sarthe) [d3nts8iuhe--1ts0uf5d1cdoi]","http://id.insee.fr/geo/departement/72 | http://data.ign.fr/id/geofla/departement/72 | http://data.alegoria-project.fr/id/ign/unitesadministratives/departement/72","Loir-et-Cher (Centre, département) [d3ntb83v3p-nt9a6swe87fm] | Indre-et-Loire (Centre, département) [d3ntb7z81l--133orriip2258] | Eure-et-Loir (Centre, département) [d3ntb7ok4s-1kvjezyly9q6g] | Orne (Basse-Normandie, département) [d3ntb8hf4o-hghezh7crum4] | Mayenne (Pays-de-la-Loire, département) [d3ntb88sib--n92aramgtvqs] | Maine-et-Loire (Pays-de-la-Loire, département) [d3ntb8763b-1xnp7km7qrb2k]",
"place/FRAN_RI_005-d3ntb8q3h4--1f9odtoezxb1g","d3ntb8q3h4--1f9odtoezxb1g","Savoie (Rhône-Alpes, département)",,"1790",,,"Auvergne-Rhône-Alpes (2016-.... ; région administrative) [d-5f0vj727s--1abiwfn04l9rn] | Rhône-Alpes (1982-2015 ; région administrative) [d3ntb6zkth-auq4chs5b3rr]","73","Chambéry (Savoie) [d3ntscvphu-vojho5qjnl9a]","http://id.insee.fr/geo/departement/73 | http://data.ign.fr/id/geofla/departement/73 | http://data.alegoria-project.fr/id/ign/unitesadministratives/departement/73","Isère (Rhône-Alpes, département) [d3ntb7zns3-w0k2gr4p0iqu] | Ain (Rhône-Alpes, département) [d3ntb70dhk-1lf59tn8rsvbw] | Haute-Savoie (Rhône-Alpes, département) [d3ntb7vvrg-hbpr0b4qr6af] | Hautes-Alpes (Provence-Alpes-Côte-d'Azur, département) [d3ntb7wtls-1hjgdcwweevc5]",
"place/FRAN_RI_005-d3ntb8qewe--181z11hx9jbld","d3ntb8qewe--181z11hx9jbld","Sègre (France, département, 1812-1813)",,"1812","1813",,,,,,,
"place/FRAN_RI_005-d3ntb8qqbp-1ecg20k7f8k2d","d3ntb8qqbp-1ecg20k7f8k2d","Sègre-Ter (France, département, 1813-1814)",,"1813","1814",,,,,,,
"place/FRAN_RI_005-d5bdp7f563-3i98jv8c3b0g","d5bdp7f563-3i98jv8c3b0g","Seine (France, département, 1790-1968)",,"1790","1968",,,,,,,
"place/FRAN_RI_005-d3ntb8r1j8-pfqcs6tkazic","d3ntb8r1j8-pfqcs6tkazic","Seine-et-Marne (Ile-de-France, département)",,"1790",,,"Ile-de-France (1982-.... ; région administrative) [d3ntb6umju--1cjhempe2foi4]","77","Melun (Seine-et-Marne) [d3nttg5hoi-1iyh8lpkj2f4m]","http://id.insee.fr/geo/departement/77 | http://data.ign.fr/id/geofla/departement/77 | http://data.alegoria-project.fr/id/ign/unitesadministratives/departement/77","Yonne (Bourgogne, département) [d3ntb918mq--w6r60hxod5vb] | Loiret (Centre, département) [d3ntb85kbl-a9i9f62vvrla] | Marne (Champagne-Ardenne, département) [d3ntb8850g-1p10efjw2vyw3] | Aube (Champagne-Ardenne, département) [d3ntb7616w-1ulrt8mz7jar1] | Aisne (Picardie, département) [d3ntb70r2g--1uw0k9ewfsj4r] | Oise (Picardie, département) [d3ntb8gs2c-r7m1xcm91zhq] | Val-d'Oise (Ile-de-France, département) [d3ntb8ynxv--18mkd7r455huc] | Essonne (Ile-de-France, département) [d3ntb7nvrw--x5v56woc2tqj] | Seine-Saint-Denis (Ile-de-France, département) [d3ntb8t74v--1wxzypxi8r7lm] | Val-de-Marne (Ile-de-France, département) [d3ntb8yzd6-1a3vkw5xig8h2]",
"place/FRAN_RI_005-d3ntb8sizq--czuh14pqglgb","d3ntb8sizq--czuh14pqglgb","Seine-et-Oise (France, département, 1790-1968)",,"1790","1968",,,,,,,
"place/FRAN_RI_005-d3ntb8svpl-1sgeqirhtkz5g","d3ntb8svpl-1sgeqirhtkz5g","Seine-Maritime (Haute-Normandie, département)","Seine-Inférieure","1790",,,"Normandie (2016-.... ; région administrative) [d-5gu7ge1ty-1luyvscxcammt] | Haute-Normandie (1982-2015 ; région administrative) [d3ntb5s6fy--lzhrre9om5h4]","76","Rouen (Seine-Maritime) [d3ntspntio-paw9mmh7emrq]","http://id.insee.fr/geo/departement/76 | http://data.ign.fr/id/geofla/departement/76 | http://data.alegoria-project.fr/id/ign/unitesadministratives/departement/76","Somme (Picardie, département) [d3ntb8u6x2-iq75f6vdwu0a] | Oise (Picardie, département) [d3ntb8gs2c-r7m1xcm91zhq] | Eure (Haute-Normandie, département) [d3ntb7o8hq-1b5fuvt2evll9]",
"place/FRAN_RI_005-d3ntb8t74v--1wxzypxi8r7lm","d3ntb8t74v--1wxzypxi8r7lm","Seine-Saint-Denis (Ile-de-France, département)",,"1968",,"1er janvier 1968 : Le chef-lieu du département de la Seine-Saint-Denis est fixé à Bobigny.Le département de la Seine est réparti entre les départements des Hauts-de-Seine, de Paris, de la Seine-Saint-Denis et du Val-de-Marne.Le département de la Seine-Saint-Denis est créé en reprenant une partie de l'ancien département de la Seine et une partie de l'ancien département de la Seine-et-Oise.Le département de la Seine-et-Oise est réparti entre les départements de l'Essonne, des Hauts-de-Seine, de la Seine-Saint-Denis, du Val-de-Marne, du Val-d'Oise et des Yvelines.","Ile-de-France (1982-.... ; région administrative) [d3ntb6umju--1cjhempe2foi4]","93","Bobigny (Seine-Saint-Denis) [d3ntxew0t5--15z9b729de6i0]","http://id.insee.fr/geo/departement/93 | http://data.ign.fr/id/geofla/departement/93 | http://data.alegoria-project.fr/id/ign/unitesadministratives/departement/93","Seine-et-Marne (Ile-de-France, département) [d3ntb8r1j8-pfqcs6tkazic] | Hauts-de-Seine (Ile-de-France, département) [d3ntb7xgvv-17sbqf1hi4qgj] | Val-d'Oise (Ile-de-France, département) [d3ntb8ynxv--18mkd7r455huc] | Paris (Ile-de-France, département) [d5bdp7f563-3i98jv8c3b0g-bis] | Val-de-Marne (Ile-de-France, département) [d3ntb8yzd6-1a3vkw5xig8h2]",
"place/FRAN_RI_005-d3ntb8tice-136ep1m9mcszi","d3ntb8tice-136ep1m9mcszi","Sésia (France, département, 1802-1814)",,"1802","1814",,,,,,,
"place/FRAN_RI_005-d3ntb8tu77--1luf35xyelbhe","d3ntb8tu77--1luf35xyelbhe","Simplon (France, département, 1810-1815)",,"1810","1815",,,,,,,
"place/FRAN_RI_005-d3ntb8u6x2-iq75f6vdwu0a","d3ntb8u6x2-iq75f6vdwu0a","Somme (Picardie, département)",,"1790",,,"Hauts-de-France (2016-.... ; région administrative) [d-43iu15qv1-1k199wk94zszp] | Picardie (1982-2015 ; région administrative) [d3ntb6yes9--1x9ljqkt7ybbt]","80","Amiens (Somme) [d3ntv10g7e-1uh5njglouik7]","http://id.insee.fr/geo/departement/80 | http://data.ign.fr/id/geofla/departement/80 | http://data.alegoria-project.fr/id/ign/unitesadministratives/departement/80","Nord (Nord-Pas-de-Calais, département) [d3ntb8eunk--t1uxigkbqayp] | Aisne (Picardie, département) [d3ntb70r2g--1uw0k9ewfsj4r] | Pas-de-Calais (Nord-Pas-de-Calais, département) [d3ntb8idu2-z9ot230s6xja] | Oise (Picardie, département) [d3ntb8gs2c-r7m1xcm91zhq] | Seine-Maritime (Haute-Normandie, département) [d3ntb8svpl-1sgeqirhtkz5g]",
"place/FRAN_RI_005-d3ntb8uicc--1pgcsaq0z3o4w","d3ntb8uicc--1pgcsaq0z3o4w","Stura (France, département, 1802-1814)",,"1802","1814",,,,,,,
"place/FRAN_RI_005-d3ntb8utjv--lpdg0s6bjxmj","d3ntb8utjv--lpdg0s6bjxmj","Tanaro (France, département, 1801-1805)",,"1801","1805",,,,,,,
"place/FRAN_RI_005-d3ntb8v56x-nqsxs299j7m5","d3ntb8v56x-nqsxs299j7m5","Tarn (Midi-Pyrénées, département)",,"1790",,,"Occitanie (2016-.... ; région administrative) [d-57mwwmhl6--chnmk0p3vbgs] | Midi-Pyrénées (1982-2015 ; région administrative) [d3ntb6xb4d-1815b33y709yf]","81","Albi (Tarn) [d3ntvhmcwe--154gib1ktvu28]","http://id.insee.fr/geo/departement/81 | http://data.ign.fr/id/geofla/departement/81 | http://data.alegoria-project.fr/id/ign/unitesadministratives/departement/81","Haute-Garonne (Midi-Pyrénées, département) [d3ntb7u15k--higdrdw7ywx8] | Hérault (Languedoc-Roussillon, département) [d3ntb7xsix--1qxf9xwajlkuk] | Aveyron (Midi-Pyrénées, département) [d3ntb779t9-158vlf2393hzx] | Aude (Languedoc-Roussillon, département) [d3ntb76w0m--snagmafhvgey] | Tarn-et-Garonne (Midi-Pyrénées, département) [d3ntb8vgm7--7hpct8y90uft]",
"place/FRAN_RI_005-d3ntb8vgm7--7hpct8y90uft","d3ntb8vgm7--7hpct8y90uft","Tarn-et-Garonne (Midi-Pyrénées, département)",,"1808",,,"Occitanie (2016-.... ; région administrative) [d-57mwwmhl6--chnmk0p3vbgs] | Midi-Pyrénées (1982-2015 ; région administrative) [d3ntb6xb4d-1815b33y709yf]","82","Montauban (Tarn-et-Garonne) [d3ntvm353q--14m9vh1dzijsp]","http://id.insee.fr/geo/departement/82 | http://data.ign.fr/id/geofla/departement/82 | http://data.alegoria-project.fr/id/ign/unitesadministratives/departement/82","Lot-et-Garonne (Aquitaine, département) [d3ntb867dx-f7q6miwyhst] | Haute-Garonne (Midi-Pyrénées, département) [d3ntb7u15k--higdrdw7ywx8] | Tarn (Midi-Pyrénées, département) [d3ntb8v56x-nqsxs299j7m5] | Gers (Midi-Pyrénées, département) [d3ntb7r2ga-awwsbuqxyql] | Aveyron (Midi-Pyrénées, département) [d3ntb779t9-158vlf2393hzx] | Lot (Midi-Pyrénées, département) [d3ntb85vqv--zhgojvxl8vik]",
"place/FRAN_RI_005-d3ntb8vs1h--1hlbvyzj0q178","d3ntb8vs1h--1hlbvyzj0q178","Taro (France, département, 1808-1814)",,"1808","1814",,,,,,,
"place/FRAN_RI_005-d3ntb8w3oj--1aqa4dhlkwleq","d3ntb8w3oj--1aqa4dhlkwleq","Ter (France, département, 1812-1813)",,"1812","1813",,,,,,,
"place/FRAN_RI_005-d3ntb8wf3t--3sy7nuiy6lqb","d3ntb8wf3t--3sy7nuiy6lqb","Terres-Australes-et-Antarctiques-Françaises (pays et territoires d'outre-mer)","TAAF","1790",,,,,,,,
"place/FRAN_RI_005-d5bdpcubz7--4epsjmdugqyc","d5bdpcubz7--4epsjmdugqyc","Territoire de Belfort (Franche-Comté, département)",,"1922",,,"Bourgogne-Franche-Comté (2016-.... ; région administrative) [d-5hz0e8rtl-oyi86rp3dq0t] | Franche-Comté (1982-2015 ; région administrative) [d3ntb5r73a--ewgdosvq0fl7]","90","Belfort (Territoire de Belfort) [d3ntxb6nfr-y0onhjxv6a77]","http://id.insee.fr/geo/departement/90 | http://data.ign.fr/id/geofla/departement/90 | http://data.alegoria-project.fr/id/ign/unitesadministratives/departement/90","Haute-Saône (Franche-Comté, département) [d5bdp11m4k--98gzyn8m8woz] | Doubs (Franche-Comté, département) [d3ntb7ldge-9pxjgbcvrjpg] | Vosges (Lorraine, département) [d3ntb90lcn-1da2tok8c3zo7] | Haut-Rhin (Alsace, département) [d3ntb7td0f--uft1tt83hfgx]",
"place/FRAN_RI_005-d3ntb8yasi-1loraigd82tva","d3ntb8yasi-1loraigd82tva","Trasimène (France, département, 1809-1814)",,"1809","1814",,,,,,,
"place/FRAN_RI_005-d3ntb8ynxv--18mkd7r455huc","d3ntb8ynxv--18mkd7r455huc","Val-d'Oise (Ile-de-France, département)",,"1968",,"1er janvier 1968 : Le chef-lieu du département du Val-d'Oise est fixé à Pontoise.Le département de la Seine-et-Oise est réparti entre les départements de l'Essonne, des Hauts-de-Seine, de la Seine-Saint-Denis, du Val-de-Marne, du Val-d'Oise et des Yvelines.Le département du Val-d'Oise est créé en reprenant une partie de l'ancien département de la Seine-et-Oise.","Ile-de-France (1982-.... ; région administrative) [d3ntb6umju--1cjhempe2foi4]","95","Pontoise (Val-d'Oise) [d3ntxh8tzt--90zeawksmktv]","http://id.insee.fr/geo/departement/95 | http://data.ign.fr/id/geofla/departement/95 | http://data.alegoria-project.fr/id/ign/unitesadministratives/departement/95","Oise (Picardie, département) [d3ntb8gs2c-r7m1xcm91zhq] | Seine-et-Marne (Ile-de-France, département) [d3ntb8r1j8-pfqcs6tkazic] | Hauts-de-Seine (Ile-de-France, département) [d3ntb7xgvv-17sbqf1hi4qgj] | Yvelines (Ile-de-France, département) [d3ntb91vp2-1x0gbusmn6zj4] | Seine-Saint-Denis (Ile-de-France, département) [d3ntb8t74v--1wxzypxi8r7lm] | Eure (Haute-Normandie, département) [d3ntb7o8hq-1b5fuvt2evll9]",
"place/FRAN_RI_005-d3ntb8yzd6-1a3vkw5xig8h2","d3ntb8yzd6-1a3vkw5xig8h2","Val-de-Marne (Ile-de-France, département)",,"1968",,"1er janvier 1968 : Le chef-lieu du département du Val-de-Marne est fixé à Créteil.Le département de la Seine est réparti entre les départements des Hauts-de-Seine, de Paris, de la Seine-Saint-Denis et du Val-de-Marne.Le département de la Seine-et-Oise est réparti entre les départements de l'Essonne, des Hauts-de-Seine, de la Seine-Saint-Denis, du Val-de-Marne, du Val-d'Oise et des Yvelines.Le département du Val-de-Marne est créé en reprenant une partie de l'ancien département de la Seine et une partie de l'ancien département de la Seine-et-Oise.","Ile-de-France (1982-.... ; région administrative) [d3ntb6umju--1cjhempe2foi4]","94","Créteil (Val-de-Marne) [d3ntxfegav--1l99w3yifu5tl]","http://id.insee.fr/geo/departement/94 | http://data.ign.fr/id/geofla/departement/94 | http://data.alegoria-project.fr/id/ign/unitesadministratives/departement/94","Seine-et-Marne (Ile-de-France, département) [d3ntb8r1j8-pfqcs6tkazic] | Hauts-de-Seine (Ile-de-France, département) [d3ntb7xgvv-17sbqf1hi4qgj] | Essonne (Ile-de-France, département) [d3ntb7nvrw--x5v56woc2tqj] | Seine-Saint-Denis (Ile-de-France, département) [d3ntb8t74v--1wxzypxi8r7lm] | Paris (Ile-de-France, département) [d5bdp7f563-3i98jv8c3b0g-bis]",
"place/FRAN_RI_005-d3ntb8zasg-egwm34z1nh4v","d3ntb8zasg-egwm34z1nh4v","Var (Provence-Alpes-Côte-d'Azur, département)",,"1790",,,"Provence-Alpes-Côte-d'Azur (1982-.... ; région administrative) [d3ntb6z7gc--1n390pvx9c09r]","83","Toulon (Var) [d3ntvonlzl--1pcv91eo5jp47]","http://id.insee.fr/geo/departement/83 | http://data.ign.fr/id/geofla/departement/83 | http://data.alegoria-project.fr/id/ign/unitesadministratives/departement/83","Vaucluse (Provence-Alpes-Côte-d'Azur, département) [d3ntb8zmn9-1hsz0e2skhfyr] | Alpes-Maritimes (Provence-Alpes-Côte-d'Azur, département) [d3ntb72c6w--1c18qe82chlnk] | Bouches-du-Rhône (Provence-Alpes-Côte-d'Azur, département) [d3ntb7dejn-1aou0oes1xewr] | Alpes-de-Haute-Provence (Provence-Alpes-Côte-d'Azur, département) [d3ntb71ye9-13lxy96a9y8yw]",
"place/FRAN_RI_005-d3ntb8zmn9-1hsz0e2skhfyr","d3ntb8zmn9-1hsz0e2skhfyr","Vaucluse (Provence-Alpes-Côte-d'Azur, département)",,"1790",,,"Provence-Alpes-Côte-d'Azur (1982-.... ; région administrative) [d3ntb6z7gc--1n390pvx9c09r]","84","Avignon (Vaucluse) [d3ntvoxo4n-oacem136ip2j]","http://id.insee.fr/geo/departement/84 | http://data.ign.fr/id/geofla/departement/84 | http://data.alegoria-project.fr/id/ign/unitesadministratives/departement/84","Ardèche (Rhône-Alpes, département) [d3ntb73jy7-1pnyw2kxo9ifh] | Drôme (Rhône-Alpes, département) [d3ntb7lpqq-1mxfdar3kkm5j] | Gard (Languedoc-Roussillon, département) [d3ntb7qeqo--1c0rjakf6f1n8] | Bouches-du-Rhône (Provence-Alpes-Côte-d'Azur, département) [d3ntb7dejn-1aou0oes1xewr] | Alpes-de-Haute-Provence (Provence-Alpes-Côte-d'Azur, département) [d3ntb71ye9-13lxy96a9y8yw] | Var (Provence-Alpes-Côte-d'Azur, département) [d3ntb8zasg-egwm34z1nh4v]",
"place/FRAN_RI_005-d3ntb8zyab--2c8c3pwikhah","d3ntb8zyab--2c8c3pwikhah","Vendée (Pays-de-la-Loire, département)",,"1790",,,"Pays-de-la-Loire (1982-.... ; région administrative) [d3ntb6y2hx--8o4wf1ygvo3]","85","La Roche-sur-Yon (Vendée) [d3ntw2mitx-7g5pkyoa56aq]","http://id.insee.fr/geo/departement/85 | http://data.ign.fr/id/geofla/departement/85 | http://data.alegoria-project.fr/id/ign/unitesadministratives/departement/85","Deux-Sèvres (Poitou-Charentes, département) [d3ntb7jsrh-vfhddufur92k] | Charente-Maritime (Poitou-Charentes, département) [d3ntb7f8ah--d0u6ovyjsoi0] | Maine-et-Loire (Pays-de-la-Loire, département) [d3ntb8763b-1xnp7km7qrb2k] | Loire-Atlantique (Pays-de-la-Loire, département) [d3ntb858oj--102rd3typfz3w]",
"place/FRAN_RI_005-d3ntb909xd-94mt6ylrfluo","d3ntb909xd-94mt6ylrfluo","Vienne (Poitou-Charentes, département)",,"1790",,,"Nouvelle-Aquitaine (2016-.... ; région administrative) [d-58pfliq32-z6atygawp5v3] | Poitou-Charentes (1982-2015 ; région administrative) [d3ntb6yqut-kz7tuycerksg]","86","Poitiers (Vienne) [d3ntw5t2p7-11ix4dp534p3l]","http://id.insee.fr/geo/departement/86 | http://data.ign.fr/id/geofla/departement/86 | http://data.alegoria-project.fr/id/ign/unitesadministratives/departement/86","Indre-et-Loire (Centre, département) [d3ntb7z81l--133orriip2258] | Indre (Centre, département) [d3ntb7ywek-1jk626ybdg665] | Deux-Sèvres (Poitou-Charentes, département) [d3ntb7jsrh-vfhddufur92k] | Charente (Poitou-Charentes, département) [d3ntb7ewfo--1d14rhava075d] | Haute-Vienne (Limousin, département) [d3ntb7w81r-miez66yyo6nw] | Maine-et-Loire (Pays-de-la-Loire, département) [d3ntb8763b-1xnp7km7qrb2k]",
"place/FRAN_RI_005-d3ntb90lcn-1da2tok8c3zo7","d3ntb90lcn-1da2tok8c3zo7","Vosges (Lorraine, département)",,"1790",,,"Grand Est (2016-.... ; région administrative) [d-2i7639zb5-1uyr7picq5c94] | Lorraine (1982-2015 ; région administrative) [d3ntb6w484--1izwljhl2qq7y]","88","Epinal (Vosges) [d3ntwx61dj-9maanjifz7bh]","http://id.insee.fr/geo/departement/88 | http://data.ign.fr/id/geofla/departement/88 | http://data.alegoria-project.fr/id/ign/unitesadministratives/departement/88","Haute-Saône (Franche-Comté, département) [d5bdp11m4k--98gzyn8m8woz] | Territoire de Belfort (Franche-Comté, département) [d5bdpcubz7--4epsjmdugqyc] | Meurthe-et-Moselle (Lorraine, département) [d3ntb8bb9b--1cfhgub70xba6] | Haut-Rhin (Alsace, département) [d3ntb7td0f--uft1tt83hfgx] | Haute-Marne (Champagne-Ardenne, département) [d3ntb7uov6--ysbcy23g4kr9] | Bas-Rhin (Alsace, département) [d3ntb78834--1anjmzrakhdvu] | Meuse (Lorraine, département) [d3ntb8bmom-1adeafepkz7op]",
"place/FRAN_RI_005-d3ntb90wzp-63rftqrh0nr9","d3ntb90wzp-63rftqrh0nr9","Wallis-et-Futuna (pays et territoires d'outre-mer)",,"1790",,,,,,,,
"place/FRAN_RI_005-d3ntb918mq--w6r60hxod5vb","d3ntb918mq--w6r60hxod5vb","Yonne (Bourgogne, département)",,"1790",,,"Bourgogne-Franche-Comté (2016-.... ; région administrative) [d-5hz0e8rtl-oyi86rp3dq0t] | Bourgogne (1982-2015 ; région administrative) [d3ntb5otij-1fcpt8sfdm8sx]","89","Auxerre (Yonne) [d3ntx2kdkp--1awfo18pcrl3g]","http://id.insee.fr/geo/departement/89 | http://data.ign.fr/id/geofla/departement/89 | http://data.alegoria-project.fr/id/ign/unitesadministratives/departement/89","Côte-d'Or (Bourgogne, département) [d3ntb7heyx--g2riisb6ka8j] | Nièvre (Bourgogne, département) [d3ntb8ej0i-1mhq8etaawzq8] | Loiret (Centre, département) [d3ntb85kbl-a9i9f62vvrla] | Aube (Champagne-Ardenne, département) [d3ntb7616w-1ulrt8mz7jar1] | Seine-et-Marne (Ile-de-France, département) [d3ntb8r1j8-pfqcs6tkazic]",
"place/FRAN_RI_005-d3ntb91k9s--pu8ifwhl9n3b","d3ntb91k9s--pu8ifwhl9n3b","Yssel-Supérieur (France, département, 1811-1814)",,"1811","1814",,,,,,,
"place/FRAN_RI_005-d3ntb91vp2-1x0gbusmn6zj4","d3ntb91vp2-1x0gbusmn6zj4","Yvelines (Ile-de-France, département)",,"1968",,"1er janvier 1968 : Le chef-lieu du département des Yvelines est fixé à Versailles.Le département de la Seine-et-Oise est réparti entre les départements de l'Essonne, des Hauts-de-Seine, de la Seine-Saint-Denis, du Val-de-Marne, du Val-d'Oise et des Yvelines.Le département des Yvelines est créé.","Ile-de-France (1982-.... ; région administrative) [d3ntb6umju--1cjhempe2foi4]","78","Versailles (Yvelines) [d3ntu51cee--wrvelxp49su1]","http://id.insee.fr/geo/departement/78 | http://data.ign.fr/id/geofla/departement/78 | http://data.alegoria-project.fr/id/ign/unitesadministratives/departement/78","Eure-et-Loir (Centre, département) [d3ntb7ok4s-1kvjezyly9q6g] | Hauts-de-Seine (Ile-de-France, département) [d3ntb7xgvv-17sbqf1hi4qgj] | Val-d'Oise (Ile-de-France, département) [d3ntb8ynxv--18mkd7r455huc] | Essonne (Ile-de-France, département) [d3ntb7nvrw--x5v56woc2tqj] | Eure (Haute-Normandie, département) [d3ntb7o8hq-1b5fuvt2evll9]",
"place/FRAN_RI_005-d3ntb92876-50rlfv966wjv","d3ntb92876-50rlfv966wjv","Zuiderzée (France, département, 1811-1814)","Zuyderzée","1811","1814",,,,,,,