"URI (segment de base  http://data.archives-nationales.culture.gouv.fr/","Identifiant du lieu dans la version du référentiel interne au SIA (RI_005)","Dénomination préférée (skos:prefLabel)","Dénominations alternatives (skos:altLabel)","Type de lieu (rico:hasOrHadPlaceType)","Description (rico:descriptiveNote)","Nom et id du lieu dans lequel le lieu-dit est situé","Lieux équivalents dans d’autres référentiels (owl:sameAs)","Notes sur les modifications effectuées pour ce concept (skos:changeNote)"
"place/FRAN_RI_005-d-8lux7yll8-1abkoyzb4im5p","d-8lux7yll8-1abkoyzb4im5p","Aber-Ildut (Finistère ; cours d'eau)",,"cours d'eau","L’Aber-Ildut (Aber Ildud en breton) est un des trois abers du Léon, dans le Finistère, en Bretagne. Formé de l'Ildut, un petit fleuve côtier et de sa basse vallée inondée par la mer, cet aber, le plus petit du Léon, est connu pour ses anciennes productions de granite et de cassitérite. (Source : https://fr.wikipedia.org/wiki/Aber-Ildut )","Finistère (Bretagne, département) [d3ntb7ow7c--5vehi4l7x7op]","http://www.wikidata.org/entity/Q2821561 | https://sws.geonames.org/3012878/","11/08/2020 : Lieu ajouté le [11/08/2020]"
"place/FRAN_RI_005-d-8niyn2h27-wh0uzbmkqj1u","d-8niyn2h27-wh0uzbmkqj1u","Aber-Wrac'h (Finistère ; cours d'eau)",,"cours d'eau","L’Aber-Wrac'h est un fleuve côtier, puis dans sa partie aval, une ria du pays de Léon dans le nord-ouest du Finistère, en Bretagne. L'Aber-Wrac'h est la plus longue ria (aber en breton) et le plus septentrional de la Côte des Abers. C'est également le nom du hameau de Landéda abritant le port du même nom.(Source : https://fr.wikipedia.org/wiki/Aber-Wrac%27h )","Finistère (Bretagne, département) [d3ntb7ow7c--5vehi4l7x7op]","http://www.wikidata.org/entity/Q319298 | https://sws.geonames.org/3011077/","11/08/2020 : Lieu ajouté le [11/08/2020]"
"place/FRAN_RI_005-d5bdpjdz3u-1ru64ktyhzzhr","d5bdpjdz3u-1ru64ktyhzzhr","Adour (cours d'eau)",,"élément d'hydrographie",,,,
"place/FRAN_RI_005-d3m08zfjxum-1pixlyo3llvb","d3m08zfjxum-1pixlyo3llvb","Adriatique (mer)",,"élément d'hydrographie",,,,
"place/FRAN_RI_005-d3ntxq4djk-1rybftgsgwr84","d3ntxq4djk-1rybftgsgwr84","Afrique",,"aire géographique naturelle",,,,
"place/FRAN_RI_005-d5bdpco7oc--1kdg486da9pxd","d5bdpco7oc--1kdg486da9pxd","Afrique subsaharienne","Afrique Noire","aire géographique naturelle",,,,
"place/FRAN_RI_005-d3m08zrb686-5erbofvr0whp","d3m08zrb686-5erbofvr0whp","Agenais (France)",,"zone naturelle",,"France [d3ntxkl6yf-1f01iiij7xnld]",,
"place/FRAN_RI_005-d-1g86cblvo-1cfvhxy8dz6cg","d-1g86cblvo-1cfvhxy8dz6cg","Aiguilles d'Arves (France ; sommet)",,"sommet","Les aiguilles d'Arves constituent le sommet dominant du massif des Arves, au sud de la Maurienne, à la frontière des départements de la Savoie et des Hautes-Alpes. (Source : https://fr.wikipedia.org/wiki/Aiguilles_d%27Arves )","France [d3ntxkl6yf-1f01iiij7xnld]","http://www.wikidata.org/entity/Q1607125 | https://sws.geonames.org/3036626/","27/04/2020 : Lieu ajouté le [27/04/2020]"
"place/FRAN_RI_005-d3m08z5w14p--18b0s8321zztl","d3m08z5w14p--18b0s8321zztl","Aisne (cours d'eau)",,"élément d'hydrographie",,,,
"place/FRAN_RI_005-d-8pvy02hr0--1ujyo93aido2s","d-8pvy02hr0--1ujyo93aido2s","Alfeld, lac d' (Haut-Rhin ; lac)",,"lac","Le lac d'Alfeld est un lac de barrage qui se trouve dans le Haut-Rhin sur la commune de Sewen, sur le versant oriental du Ballon d'Alsace. La retenue a une superficie d'environ 10 hectares. (Source : https://fr.wikipedia.org/wiki/Lac_d'Alfeld )","Haut-Rhin (Alsace, département) [d3ntb7td0f--uft1tt83hfgx]","http://www.wikidata.org/entity/Q3215300","11/08/2020 : Lieu ajouté le [11/08/2020]"
"place/FRAN_RI_005-d3ntxq5e6s-3b4l4rx947ol","d3ntxq5e6s-3b4l4rx947ol","Alpes (massif)",,"zone naturelle",,,,
"place/FRAN_RI_005-d5bdpgh8r7-18s92t23fmn7l","d5bdpgh8r7-18s92t23fmn7l","Amérique",,"aire géographique naturelle",,,,
"place/FRAN_RI_005-d5bdpjnj51-1g374yez6f6sn","d5bdpjnj51-1g374yez6f6sn","Amérique centrale",,"aire géographique naturelle","Panama, Costa Rica, Nicaragua, Honduras, Salvador, Belize, Guatémala (Bnf).",,,
"place/FRAN_RI_005-d5bdp0et9y-177iei8dozevk","d5bdp0et9y-177iei8dozevk","Amérique du Nord",,"aire géographique naturelle",,,,
"place/FRAN_RI_005-d5bdpa8gv8-1tb1oz49vgyi6","d5bdpa8gv8-1tb1oz49vgyi6","Amérique du Sud",,"aire géographique naturelle",,,,
"place/FRAN_RI_005-d-1g86cclls--15hrn1skfb4um","d-1g86cclls--15hrn1skfb4um","Anéou, cirque d' (Pyrénées-Atlantiques ; massif)",,"massif","Le cirque d’Anéou (1700m) appartient au Parc National des Pyrénées. C’est un vaste plateau de montagne, qui propose une vue dégagée sur de nombreux sommets, tels le Pic du Midi d’Ossau, les Pics de Canaourouye et Peyreget, les cols de l’Iou, d’Anéou, le Soum de Pombie. Il se situe à 1 km du Col du Pourtalet, passage frontalier avec l’Espagne. (Source : https://www.ossau-pyrenees.com/fr/le-cirque-daneou )","Pyrénées-Atlantiques (Aquitaine, département) [d3ntb8jnyq-1hio8y205xf6b]",,"07/05/2020 : Lieu ajouté le [07/05/2020]"
"place/FRAN_RI_005-d3m08z40b7r--5uz0eus6id66","d3m08z40b7r--5uz0eus6id66","Anglo-normandes (îles)",,"zone naturelle","Comprend les îles d'Aurigny, Jersey, Guernesey, Herm et Sercq.",,,
"place/FRAN_RI_005-d5bdp7tw3c--q1qemhappb4r","d5bdp7tw3c--q1qemhappb4r","Annecy (lac)",,"élément d'hydrographie",,,,
"place/FRAN_RI_005-d-49yu2l4rb--u62011br7dxs","d-49yu2l4rb--u62011br7dxs","Ansabère, pic d' (Pyrénées-Atlantique ; pic)",,"sommet","Le pic d'Ansabère, appelé aussi pic de Pétragème, est un sommet pyrénéen situé dans la vallée d'Aspe (Pyrénées-Atlantiques). (Source : https://fr.wikipedia.org/wiki/Pic_d%27Ansab%C3%A8re )",,"http://www.wikidata.org/entity/Q3382346 | https://sws.geonames.org/3037496/",
"place/FRAN_RI_005-d5bdpnxku7--1pct5vuyjvj9c","d5bdpnxku7--1pct5vuyjvj9c","Antarctique",,"aire géographique naturelle",,,,
"place/FRAN_RI_005-d3m08zev2y0--rjfmsyjitfvt","d3m08zev2y0--rjfmsyjitfvt","Antilles","Caraïbes","aire géographique naturelle",,,,
"place/FRAN_RI_005-d3m08z337zk--1onltags0rlor","d3m08z337zk--1onltags0rlor","Ardennais (massif)",,"zone naturelle",,,,
"place/FRAN_RI_005-d3m08za3v85--11b531rnjpotb","d3m08za3v85--11b531rnjpotb","Armagnac (France)",,"zone naturelle",,"France [d3ntxkl6yf-1f01iiij7xnld]",,
"place/FRAN_RI_005-d-87zvxfbo7--k9u663kfi8tr","d-87zvxfbo7--k9u663kfi8tr","Armorique, pointe de l' (Finistère ; cap)",,"cap","La pointe de l'Armorique est située à l'extrémité ouest-sud-ouest de la presqu'île de Plougastel ; elle fait partie de la commune de Plougastel-Daoulas. Faisant face à l'île Longue, elle subdivise en deux parties nord et sud la rade de Brest. (Source : https://fr.wikipedia.org/wiki/Pointe_de_l%27Armorique)","Finistère (Bretagne, département) [d3ntb7ow7c--5vehi4l7x7op]","http://www.wikidata.org/entity/Q3393662 | https://sws.geonames.org/3036884/","11/08/2020 : Lieu ajouté le [11/08/2020]"
"place/FRAN_RI_005-d-1g86cbqic--1kha1vdq64i9a","d-1g86cbqic--1kha1vdq64i9a","Arve, vallée de l' (Haute-Savoie ; vallée)",,"vallée","La vallée de l'Arve est une vallée alpine située en France dans le département de la Haute-Savoie, où s'écoule l'Arve. Elle correspond à une petite région naturelle, l'une des six régions historiques de la Savoie, appelée Faucigny. (Source : https://fr.wikipedia.org/wiki/Vall%C3%A9e_de_l%27Arve )","Haute-Savoie (Rhône-Alpes, département) [d3ntb7vvrg-hbpr0b4qr6af]","http://www.wikidata.org/entity/Q3554016","27/04/2020 : Lieu ajouté le [27/04/2020]"
"place/FRAN_RI_005-d5bdpcct1a--1ko9qqz1zxkju","d5bdpcct1a--1ko9qqz1zxkju","Asie",,"aire géographique naturelle",,,,
"place/FRAN_RI_005-d3ntxq319a--10olszrou0nhs","d3ntxq319a--10olszrou0nhs","Atlantique (océan)",,"élément d'hydrographie",,,,
"place/FRAN_RI_005-d-2jwmv8dmv--1nk7ti03it1dc","d-2jwmv8dmv--1nk7ti03it1dc","Baie de Morlaix (Finistère)",,"baie","Située à l'ouest de la Bretagne et à l'entrée sud de la Manche, la baie de Morlaix est une vaste échancrure dans la côte nord du Finistère entre le Léon et le Trégor, dans laquelle aboutissent la rivière de Morlaix et la Penzé. (Source : https://fr.wikipedia.org/wiki/Baie_de_Morlaix )",,"http://www.wikidata.org/entity/Q2424064 | https://sws.geonames.org/2991770/","11/08/2020 : Lieu ajouté le [11/08/2020]"
"place/FRAN_RI_005-d-3cinkfg2i--mfgigy0fw9bd","d-3cinkfg2i--mfgigy0fw9bd","Balbonne, Étang de (Ariège, France)",,"élément d'hydrographie",,"France [d3ntxkl6yf-1f01iiij7xnld] | Ariège (Midi-Pyrénées, département) [d3ntb74ssb--j5jml422wi5p]","http://www.wikidata.org/entity/Q3591664",
"place/FRAN_RI_005-d3m08ze95ey--16jlz4t7xex5m","d3m08ze95ey--16jlz4t7xex5m","Baléares (îles)",,"zone naturelle","Comprend les îles de Minorque, Majorque et Ibiza.",,,
"place/FRAN_RI_005-d5bdpq4p8q-170b42u3y3f5s","d5bdpq4p8q-170b42u3y3f5s","Baltique (mer)",,"élément d'hydrographie",,,,
"place/FRAN_RI_005-d3m08yqoh1b-192pgvfvqhrqv","d3m08yqoh1b-192pgvfvqhrqv","Bassigny (France)",,"zone naturelle",,"France [d3ntxkl6yf-1f01iiij7xnld]",,
"place/FRAN_RI_005-d3m08ynmuz1--1c7bh5lkr85d0","d3m08ynmuz1--1c7bh5lkr85d0","Bazadais (France)",,"zone naturelle",,"France [d3ntxkl6yf-1f01iiij7xnld]",,
"place/FRAN_RI_005-d3m08zvtvpy-3omyyzrfum4y","d3m08zvtvpy-3omyyzrfum4y","Beauce (France)",,"zone naturelle",,"France [d3ntxkl6yf-1f01iiij7xnld]",,
"place/FRAN_RI_005-d3m08yzhkj7--1i7p66pxe0hsw","d3m08yzhkj7--1i7p66pxe0hsw","Beaujolais (France)",,"zone naturelle",,"France [d3ntxkl6yf-1f01iiij7xnld]",,
"place/FRAN_RI_005-d-5j6h2ggi4--1838fc64kvr4w","d-5j6h2ggi4--1838fc64kvr4w","Belle-Île-en-Mer (Morbihan)",,"île","Belle-Île-en-Mer, appelée plus couramment « Belle-Île », est une île française rocheuse située dans l'océan Atlantique (golfe de Gascogne), au sud de la Bretagne dans le département du Morbihan, à 12,3 km au sud de Quiberon, et à la même latitude que Le Croisic à 50 km. C'est la troisième plus grande île des côtes de la France métropolitaine après la Corse et Oléron. (Source : https://fr.wikipedia.org/wiki/Belle-%C3%8Ele-en-Mer)",,"http://www.wikidata.org/entity/Q815838 | https://sws.geonames.org/3033682/","11/08/2020 : Lieu ajouté le [11/08/2020]"
"place/FRAN_RI_005-d-7ru6fjocw-165d9c54ak1ea","d-7ru6fjocw-165d9c54ak1ea","Berder, île de (Lamor-Baden ; île)",,"île","L’île de Berder, plus couramment appelée Berder ou île Berder, est une petite île de 23 hectares située dans le département du Morbihan (Bretagne), et dépendant de la commune de Larmor-Baden. (Source : https://fr.wikipedia.org/wiki/%C3%8Ele_de_Berder)","Larmor-Baden (Morbihan) [d3ntlh3jtm--10d63cpolpdmv]","http://www.wikidata.org/entity/Q3593337 | https://sws.geonames.org/3033409/","11/08/2020 : Lieu ajouté le [11/08/2020]"
"place/FRAN_RI_005-d5bdphoh3f-1e5v5agzw6t16","d5bdphoh3f-1e5v5agzw6t16","Berre (étang)",,"élément d'hydrographie",,,,
"place/FRAN_RI_005-d-3f3tm5ldy-153dkr9uez3or","d-3f3tm5ldy-153dkr9uez3or","Bethmale, Lac de (Ariège, France)",,"lac",,"France [d3ntxkl6yf-1f01iiij7xnld] | Ariège (Midi-Pyrénées, département) [d3ntb74ssb--j5jml422wi5p]","http://www.wikidata.org/entity/Q3215365",
"place/FRAN_RI_005-d5bdpdz4db-1agtsfbzrmly8","d5bdpdz4db-1agtsfbzrmly8","Bièvre (cours d'eau)",,"élément d'hydrographie",,,,
"place/FRAN_RI_005-d3m08zmakla--jfj1oesnfl2n","d3m08zmakla--jfj1oesnfl2n","Blois (forêt)",,"zone naturelle",,,,
"place/FRAN_RI_005-d3m08zq0kx7-l3kr2i9cmxqt","d3m08zq0kx7-l3kr2i9cmxqt","Bonne-Espérance (cap)",,"zone naturelle",,,,
"place/FRAN_RI_005-d-7b2wo51gg-flwr84h4ngl4","d-7b2wo51gg-flwr84h4ngl4","Bosméléac, lac de (Côtes-d'Armor ; lac)",,"élément d'hydrographie","Le lac de Bosméléac se situe sur le territoire des communes d'Allineuc, de Merléac et de Saint-Martin-des-Prés (Source : https://fr.wikipedia.org/wiki/Lac_de_Bosm%C3%A9l%C3%A9ac)","Côtes-d'Armor (Bretagne, département) [d3ntb7hqlz-1wtyohr4yjr84]","http://www.wikidata.org/entity/Q3215380",
"place/FRAN_RI_005-d-81w7zfbpk-1bqqpgqoy41bx","d-81w7zfbpk-1bqqpgqoy41bx","Bouillabaisse, plage de la (Var)",,"plage","La Bouillabaisse est un ruisseau qui a donné son nom à une plage qui s'étend sur les communes de Gassin et Saint-Tropez dans le département du Var. (Source : https://fr.wikipedia.org/wiki/La_Bouillabaisse_(plage) )",,"http://www.wikidata.org/entity/Q28496833 | https://sws.geonames.org/3010906/","11/08/2020 : Lieu ajouté le [11/08/2020]"
"place/FRAN_RI_005-d5bdpff3fc-iwdbeih9vjj9","d5bdpff3fc-iwdbeih9vjj9","Bourget (lac)",,"élément d'hydrographie",,,,
"place/FRAN_RI_005-d-1g86cad7c-1n1grvr2i2qm0","d-1g86cad7c-1n1grvr2i2qm0","Bouzey, réservoir de (Vosges ; lac)",,"lac","Le réservoir de Bouzey est un vaste plan d'eau de 127 hectares servant de réservoir au canal de l'Est qui lui est voisin un peu plus au nord, via la rigole d’alimentation de Bouzey1. Situé en périphérie immédiate d’Épinal, il supporte aujourd'hui de multiples activités de plein air. (Source : https://fr.wikipedia.org/wiki/R%C3%A9servoir_de_Bouzey)","Vosges (Lorraine, département) [d3ntb90lcn-1da2tok8c3zo7]","http://www.wikidata.org/entity/Q1458431","27/04/2020 : Lieu ajouté le [27/04/2020]"
"place/FRAN_RI_005-d-5hh2vt4x5--1hnq9xzkcmqwf","d-5hh2vt4x5--1hnq9xzkcmqwf","Bréhec, plage de (Plouha ; plage)",,"plage","La plage de Bréhec est située dans la commune de Plouha.","Plouha (Côtes-d'Armor) [d3ntftoj75-13tce69z0xqb7]","https://sws.geonames.org/3030396/",
"place/FRAN_RI_005-d3m08zj26w8-s1adlfi6k6f7","d3m08zj26w8-s1adlfi6k6f7","Brenne (France)",,"zone naturelle",,"France [d3ntxkl6yf-1f01iiij7xnld]",,
"place/FRAN_RI_005-d3m08z5zwkq--y8hjvzih2j0e","d3m08z5zwkq--y8hjvzih2j0e","Bresse (France)",,"zone naturelle",,"France [d3ntxkl6yf-1f01iiij7xnld]",,
"place/FRAN_RI_005-d3m08z79qjn-xm9k8lozie15","d3m08z79qjn-xm9k8lozie15","Brie (France)",,"zone naturelle",,"France [d3ntxkl6yf-1f01iiij7xnld]",,
"place/FRAN_RI_005-d3m08zl0slo--154ycqw8d43hh","d3m08zl0slo--154ycqw8d43hh","Bugey (France)",,"zone naturelle",,"France [d3ntxkl6yf-1f01iiij7xnld]",,
"place/FRAN_RI_005-d-1g86cc898-14g8nef6gougx","d-1g86cc898-14g8nef6gougx","Bussang, col de (France)",,"col","Le col de Bussang est l'un des cols les plus fréquentés du massif des Vosges, en France. Situé dans la région Grand Est à 727 m d'altitude, il relie la Lorraine et l'Alsace par la route nationale 66 (également route européenne 512). Les deux communes de ce col dans un socle sédimentaire friable et cassant sont Bussang du côté lorrain et Urbès du côté alsacien. (Source : https://fr.wikipedia.org/wiki/Col_de_Bussang)","France [d3ntxkl6yf-1f01iiij7xnld]","http://www.wikidata.org/entity/Q493994 | https://sws.geonames.org/3029461/","27/04/2020 : Lieu ajouté le [27/04/2020]"
"place/FRAN_RI_005-d3m08zre20o-16s0abo3h3sbq","d3m08zre20o-16s0abo3h3sbq","Camargue (France)",,"zone naturelle",,"France [d3ntxkl6yf-1f01iiij7xnld]",,
"place/FRAN_RI_005-d-8iimngsr3--pdsl2b9vagqs","d-8iimngsr3--pdsl2b9vagqs","Cap de Long, lac de (Hautes-Pyrénées ; lac)",,"lac","Le lac de Cap de Long est un lac de barrage des Pyrénées françaises situé à une altitude de 2 160 m. C'est, après le lac de Lanoux, la seconde plus grande retenue des Pyrénées françaises. (Source : https://fr.wikipedia.org/wiki/Lac_de_Cap_de_Long )","Hautes-Pyrénées (Midi-Pyrénées, département) [d3ntb7x5gl-rdnnhynelg4]","http://www.wikidata.org/entity/Q3215399 | https://sws.geonames.org/3028740/","11/08/2020 : Lieu ajouté le [11/08/2020]"
"place/FRAN_RI_005-d-5bi8xgzep-1d4hpc42y44hm","d-5bi8xgzep-1d4hpc42y44hm","Caurières, bois des (Bezonvaux, Meuse)",,"forêt","Le bois des Caurières, situé dans la commune de Bezonvaux (Meuse) selon divers fonds d'archives francais, est le lieu de bombardements et combats pendant la 1ère guerre mondiale, notamment pendant la bataille de Verdun de 1917. Le village de Bezonvaux est vidé de ses habitants en février 2016, puis abandonné. (Bibliographie : https://fr.wikipedia.org/wiki/Bataille_de_Verdun_(1917) | FranceArchives : https://francearchives.fr/fr/location/30323890",,,"17/08/2020 : ajouté le [17/08/2020]"
"place/FRAN_RI_005-d3m08ypuvsa-1cgdjk8moadsg","d3m08ypuvsa-1cgdjk8moadsg","Cévennes (massif)",,"zone naturelle",,,,
"place/FRAN_RI_005-d-7yqyhualu-1k3x4my85ko2d","d-7yqyhualu-1k3x4my85ko2d","Cézembre (Saint-Malo ; île)",,"île","Cézembre est une île côtière située en baie de Saint-Malo (en Ille-et-Vilaine, au nord-est de la Bretagne). D'une superficie de 9,5 hectares, elle est inhabitée, à l'exception d'un hôtel-restaurant ouvert durant la saison estivale. L'île est située sur le territoire communal de Saint-Malo. (Source : https://fr.wikipedia.org/wiki/C%C3%A9zembre)","Saint-Malo (Ille-et-Vilaine) [d3nthsfdhq--klfvh2futlu9]","http://www.wikidata.org/entity/Q3010567 | https://sws.geonames.org/3027732/","11/08/2020 : Lieu ajouté le [11/08/2020]"
"place/FRAN_RI_005-d-6zlc9j6oq-14md0woziu145","d-6zlc9j6oq-14md0woziu145","Chalain, lac de (Jura)",,"lac","Le lac de Chalain est un lac glaciaire du massif du Jura (Source : https://fr.wikipedia.org/wiki/Lac_de_Chalain )",,"http://www.wikidata.org/entity/Q1799622 | https://sws.geonames.org/3027580/",
"place/FRAN_RI_005-d3m08zql2k0--1u4cebikwix8w","d3m08zql2k0--1u4cebikwix8w","Chausey (îles)",,"zone naturelle",,,,
"place/FRAN_RI_005-d3m08zb6ckf--7vj3t2omin30","d3m08zb6ckf--7vj3t2omin30","Combrailles (France)",,"zone naturelle",,"France [d3ntxkl6yf-1f01iiij7xnld]",,
"place/FRAN_RI_005-d3m08z4lbv4-m4oqyejz4gn2","d3m08z4lbv4-m4oqyejz4gn2","Comminges (France)",,"zone naturelle",,"France [d3ntxkl6yf-1f01iiij7xnld]",,
"place/FRAN_RI_005-d3m08ymrf62-cyt016uxhwyj","d3m08ymrf62-cyt016uxhwyj","Compiègne (forêt)",,"zone naturelle",,,,
"place/FRAN_RI_005-d3m08zmdopa--14jqywevw1ao8","d3m08zmdopa--14jqywevw1ao8","Corse (île)",,"zone naturelle",,,,
"place/FRAN_RI_005-d3m08ziw50f-gll2qowyex2d","d3m08ziw50f-gll2qowyex2d","Cotentin (France)",,"zone naturelle",,"France [d3ntxkl6yf-1f01iiij7xnld]",,
"place/FRAN_RI_005-d3m08zebil6--1bie3n2avu29j","d3m08zebil6--1bie3n2avu29j","Couserans (France)",,"zone naturelle",,"France [d3ntxkl6yf-1f01iiij7xnld]",,
"place/FRAN_RI_005-d-5qnc6b1r3--5aov6o8y0wse","d-5qnc6b1r3--5aov6o8y0wse","Croix-Haute, col de la (France)",,"col","Le col de la Croix-Haute à 1 176 mètres d'altitude est à la frontière entre l'Isère et la Drôme, et relie les villes de Clelles et Mens (dans le Trièves) au nord à Lus-la-Croix-Haute (dans le Bochaine) au sud. On le définit comme une des frontières entre les Alpes du Nord et les Alpes du Sud. (Source : https://fr.wikipedia.org/wiki/Col_de_la_Croix-Haute)","France [d3ntxkl6yf-1f01iiij7xnld]","http://www.wikidata.org/entity/Q1107422 | https://sws.geonames.org/3022341/","11/08/2020 : Lieu ajouté le [11/08/2020]"
"place/FRAN_RI_005-d5bdpp4yzy-1a5brsjlkgkd2","d5bdpp4yzy-1a5brsjlkgkd2","Croult (cours d'eau)",,"élément d'hydrographie",,,,
"place/FRAN_RI_005-d5bdp5kdwa--10jxj86uiosum","d5bdp5kdwa--10jxj86uiosum","Danube (cours d'eau)",,"élément d'hydrographie",,,,
"place/FRAN_RI_005-d-7ispjeqgr--mtk81i5mbaw3","d-7ispjeqgr--mtk81i5mbaw3","Dentelles de Montmirail (Vaucluse)",,"montagne","Les Dentelles de Montmirail, situées dans le département français de Vaucluse, sont une chaîne de montagne qui marque la limite occidentale des monts de Vaucluse. Elles sont situées au nord de Carpentras, au sud de Vaison-la-Romaine et à l'ouest du mont Ventoux. Leur point culminant est la crête de Saint-Amand à 722 mètres d'altitude. (Source : https://fr.wikipedia.org/wiki/Dentelles_de_Montmirail)",,"http://www.wikidata.org/entity/Q1189890","11/08/2020 : Lieu ajouté le [11/08/2020]"
"place/FRAN_RI_005-d3m08yqir1d-pm6r77kb76td","d3m08yqir1d-pm6r77kb76td","Der (forêt)",,"zone naturelle",,,,
"place/FRAN_RI_005-d3m08znutpt--vitb7q9selop","d3m08znutpt--vitb7q9selop","Dombes (France)",,"zone naturelle",,"France [d3ntxkl6yf-1f01iiij7xnld]",,
"place/FRAN_RI_005-d-82tz7qw6r-1bn01mmlewdb4","d-82tz7qw6r-1bn01mmlewdb4","Donon (Bas-Rhin ; sommet)",,"sommet","Le Donon est le plus méridional des sommets majeurs des Vosges gréseuses. Si on considère l'ensemble du massif vosgien, c'est également le deuxième sommet le plus septentrional de plus 1 000 mètres d'altitude. (Source : https://fr.wikipedia.org/wiki/Donon )","Bas-Rhin (Alsace, département) [d3ntb78834--1anjmzrakhdvu]","http://www.wikidata.org/entity/Q1242068 | https://sws.geonames.org/3004336/","11/08/2020 : Lieu ajouté le [11/08/2020]"
"place/FRAN_RI_005-d5bdpqdglt--wcowvvh0dkt0","d5bdpqdglt--wcowvvh0dkt0","Dordogne (cours d'eau)",,"élément d'hydrographie",,,,
"place/FRAN_RI_005-d5bdp4y5iv--daqmqv4i9rzk","d5bdp4y5iv--daqmqv4i9rzk","Durance (cours d'eau)",,"élément d'hydrographie",,,,
"place/FRAN_RI_005-d3m08zepjoi--140ob3l3j0337","d3m08zepjoi--140ob3l3j0337","Escaut (cours d'eau)",,"élément d'hydrographie",,,,
"place/FRAN_RI_005-d3m08zchc4t--1xzvv5f9jgfqg","d3m08zchc4t--1xzvv5f9jgfqg","Eu (forêt)",,"zone naturelle",,,,
"place/FRAN_RI_005-d-83llb70pi-u76a4g72e8lc","d-83llb70pi-u76a4g72e8lc","Eure (France ; cours d'eau)",,"cours d'eau","L'Eure est une rivière française qui prend sa source dans la région naturelle du Perche et qui coule dans les départements de l'Orne, d'Eure-et-Loir, de l'Eure et de la Seine-Maritime, dans les deux régions Centre-Val de Loire et Normandie. C'est un affluent direct de la Seine en rive gauche. (Source : https://fr.wikipedia.org/wiki/Eure_(rivi%C3%A8re))","France [d3ntxkl6yf-1f01iiij7xnld]","http://www.wikidata.org/entity/Q23798 | https://sws.geonames.org/3019318/",
"place/FRAN_RI_005-d3ntxq4q9e--5d07f9ydg7yr","d3ntxq4q9e--5d07f9ydg7yr","Europe",,"aire géographique naturelle",,,,
"place/FRAN_RI_005-d-1g86ccq5o--vorbrecqq2wk","d-1g86ccq5o--vorbrecqq2wk","Fédrun, île de (Loire-Atlantique ; île)",,"île","Fédrun est une des huit îles que compte la commune de Saint-Joachim, dans le département français de la Loire-Atlantique. (Source : https://fr.wikipedia.org/wiki/%C3%8Ele_de_F%C3%A9drun)","Loire-Atlantique (Pays-de-la-Loire, département) [d3ntb858oj--102rd3typfz3w]","http://www.wikidata.org/entity/Q61985013","07/05/2020 : Lieu ajouté le [07/05/2020]"
"place/FRAN_RI_005-d3m08zdnft4--1efq6aeqt5gp9","d3m08zdnft4--1efq6aeqt5gp9","Fontainebleau (forêt)","Bière (forêt)","zone naturelle",,,,
"place/FRAN_RI_005-d3m08z529xq-5m8wrt8ztzop","d3m08z529xq-5m8wrt8ztzop","Forez (massif)",,"zone naturelle",,,,
"place/FRAN_RI_005-d-5w7ckds8i--l2uhyjtpswoy","d-5w7ckds8i--l2uhyjtpswoy","Fréhel, cap (Plévenon ; cap)",,"cap","Le cap Fréhel est une pointe de grès rose au relief tourmenté qui sépare à l'est la baie de Saint-Brieuc de la Baie de St Malo, sur la côte de la Manche. Il est situé sur la commune de Plévenon et non sur celle de Fréhel. (Source : https://fr.wikipedia.org/wiki/Cap_Fr%C3%A9hel)","Plévenon (Côtes-d'Armor) [d3ntftg802--10qqoivctv6se]","http://www.wikidata.org/entity/Q175676 | https://sws.geonames.org/3017260/",
"place/FRAN_RI_005-d-803tfm5w1--1pw8e7hckg15s","d-803tfm5w1--1pw8e7hckg15s","Gardon, gorges du (Gard)",,"gorge","Les gorges du Gardon sont un canyon creusé par la rivière Gardon, affluent du Rhône qui prend sa source dans les hautes Cévennes. Elles se situent au nord de Nîmes, au cœur du département du Gard, en région Occitanie. (Source : https://fr.wikipedia.org/wiki/Gorges_du_Gardon)",,"http://www.wikidata.org/entity/Q1338868 | https://sws.geonames.org/3016652/","11/08/2020 : Lieu ajouté le [11/08/2020]"
"place/FRAN_RI_005-d5bdpj5mtz-1ev54azaskmgu","d5bdpj5mtz-1ev54azaskmgu","Garonne (cours d'eau)",,"élément d'hydrographie",,,,
"place/FRAN_RI_005-d5bdox440w--1lqxusrzbpuh7","d5bdox440w--1lqxusrzbpuh7","Gascogne (golfe)",,"zone naturelle",,,,
"place/FRAN_RI_005-d3m08z7lwak--1udgquex21r8d","d3m08z7lwak--1udgquex21r8d","Gâtinais (France)",,"zone naturelle",,"France [d3ntxkl6yf-1f01iiij7xnld]",,
"place/FRAN_RI_005-d-9hudi4z2v-1o9i0wl4y057j","d-9hudi4z2v-1o9i0wl4y057j","Gergovie, plateau de (Puy-de-Dôme ; plateau)",,"plateau","Le plateau de Gergovie (autrefois appelé « plaine de Merdogne ») est un plateau de 70 hectares et 744 mètres d'altitude, situé à une dizaine de kilomètres au sud de Clermont-Ferrand, dans le Puy-de-Dôme en Auvergne-Rhône-Alpes. C'est le lieu où se trouvait l'oppidum gaulois de Gergovie. (Source : https://fr.wikipedia.org/wiki/Plateau_de_Gergovie )","Puy-de-Dôme (Auvergne, département) [d3ntb8jcjf--14j38x9l75uuq]","http://www.wikidata.org/entity/Q13582280 | https://sws.geonames.org/3016250/",
"place/FRAN_RI_005-d3m08ztlqjt--1di3729gtgv3s","d3m08ztlqjt--1di3729gtgv3s","Gévaudan (France)",,"zone naturelle",,"France [d3ntxkl6yf-1f01iiij7xnld]",,
"place/FRAN_RI_005-d-4xcotqn0v-1t8u46ozh6iea","d-4xcotqn0v-1t8u46ozh6iea","Gnioure, Lac de (Ariège, France)",,"lac",,"France [d3ntxkl6yf-1f01iiij7xnld] | Ariège (Midi-Pyrénées, département) [d3ntb74ssb--j5jml422wi5p]","http://www.wikidata.org/entity/Q3591691",
"place/FRAN_RI_005-d3m08zhunbo--9kp5dkeicq47","d3m08zhunbo--9kp5dkeicq47","Gorée (île)",,"zone naturelle",,,,
"place/FRAN_RI_005-d3m08zvwavg-4vqhbmyrch8s","d3m08zvwavg-4vqhbmyrch8s","Grand-Lieu (lac)",,"élément d'hydrographie",,,,
"place/FRAN_RI_005-d-1g86cbsqw--1kutj8qyj7hcl","d-1g86cbsqw--1kutj8qyj7hcl","Grand pic de Belledonne (Isère ; pic)",,"pic","Le Grand pic de Belledonne est le point culminant du massif de Belledonne avec ses 2 977 m. Il se situe dans le département français de l'Isère. (Source : https://fr.wikipedia.org/wiki/Grand_pic_de_Belledonne)","Isère (Rhône-Alpes, département) [d3ntb7zns3-w0k2gr4p0iqu]","http://www.wikidata.org/entity/Q3113702","27/04/2020 : Lieu ajouté le [27/04/2020]"
"place/FRAN_RI_005-d-1g86cbzgk--1q6nkp98292h1","d-1g86cbzgk--1q6nkp98292h1","Grand Veymont (Isère ; sommet)",,"sommet","Le Grand Veymont, situé sur la commune de Gresse-en-Vercors, est le point culminant (2 341 mètres) du massif du Vercors. (Source : https://fr.wikipedia.org/wiki/Grand_Veymont)","Isère (Rhône-Alpes, département) [d3ntb7zns3-w0k2gr4p0iqu]","http://www.wikidata.org/entity/Q2105265 | https://sws.geonames.org/3014932/","27/04/2020 : Lieu ajouté le [27/04/2020]"
"place/FRAN_RI_005-d-86j6du6t0-y2tffr5b4cmt","d-86j6du6t0-y2tffr5b4cmt","Grave, pointe de (Gironde ; cap)",,"cap","La pointe de Grave (en occitan : punta de Grava) est un cap marquant l'extrémité septentrionale du Médoc et du département de la Gironde. C'est également la limite nord des Landes de Gascogne, de la Gascogne, de la forêt des Landes et de la côte d'Argent. Dépendant administrativement de la commune du Verdon-sur-Mer, ce verrou naturel faisant face à Royan et à la presqu'île d'Arvert est une des « portes » de l'estuaire de la Gironde, qui baigne sa côte orientale, tandis que sa rive occidentale est bordée par l'océan Atlantique. (Source : https://fr.wikipedia.org/wiki/Pointe_de_Grave )","Gironde (Aquitaine, département) [d3ntb7rwey-p9op5y5cz1c6]","http://www.wikidata.org/entity/Q3393614 | https://sws.geonames.org/3014817/","11/08/2020 : Lieu ajouté le [11/08/2020]"
"place/FRAN_RI_005-d-1g86ccahs--g4bwtluwfuvw","d-1g86ccahs--g4bwtluwfuvw","Gris-Nez, cap (Pas-de-Calais ; cap)",,"cap","Le cap Gris-Nez est un cap situé à Audinghen dans le Pas-de-Calais, à environ 15 km au nord de Boulogne-sur-Mer et 25 km au sud-ouest de Calais. Il s'agit du point du littoral français le plus proche de l'Angleterre (seulement 30,3 km).(Source : https://fr.wikipedia.org/wiki/Cap_Gris-Nez)","Pas-de-Calais (Nord-Pas-de-Calais, département) [d3ntb8idu2-z9ot230s6xja]","http://www.wikidata.org/entity/Q531030 | https://sws.geonames.org/3014607/","27/04/2020 : Lieu ajouté le [27/04/2020]"
"place/FRAN_RI_005-d-6ojt95z8k--vhl28cjhgy9f","d-6ojt95z8k--vhl28cjhgy9f","Guerlédan, lac de (Bretagne ; lac)",,"lac","Le lac de Guerlédan est un lac artificiel français situé d'une part sur les communes de Saint-Aignan et Sainte-Brigitte dans le Morbihan et, d'autre part, celles de Mûr-de-Bretagne, Caurel et Saint-Gelven dans les Côtes-d'Armor (Source : https://fr.wikipedia.org/wiki/Lac_de_Guerl%C3%A9dan)",,"http://www.wikidata.org/entity/Q3215459 | https://sws.geonames.org/6621428/",
"place/FRAN_RI_005-d-83shnrs3f-15pyq29eu1yim","d-83shnrs3f-15pyq29eu1yim","Heidenkopf (Bas-Rhin ; sommet)",,"sommet","Le Heidenkopf est un sommet vosgien qui culmine à 787 mètres d'altitude, à l'ouest de Klingenthal sur le territoire de la commune de Bœrsch dans le Bas-Rhin. (Source : https://fr.wikipedia.org/wiki/Heidenkopf )","Bas-Rhin (Alsace, département) [d3ntb78834--1anjmzrakhdvu]","http://www.wikidata.org/entity/Q1588309 | https://sws.geonames.org/3013591/","11/08/2020 : Lieu ajouté le [11/08/2020]"
"place/FRAN_RI_005-d3m08z4kgyq--29sxdbff6og1","d3m08z4kgyq--29sxdbff6og1","Hispaniola (île)","Saint-Domingue (île)","zone naturelle","Partagée entre Haïti et la république dominicaine.",,,
"place/FRAN_RI_005-d3m08zjs9ru-hgorlx7ujsys","d3m08zjs9ru-hgorlx7ujsys","Horn (cap)",,"zone naturelle",,,,
"place/FRAN_RI_005-d-829xiu5ij-1qeci7sfpmxos","d-829xiu5ij-1qeci7sfpmxos","Île-Grande (Pleumeur-Bodou ; île)",,"île","Île-Grande est une île constituant un village de la commune de Pleumeur-Bodou. (Source : https://fr.wikipedia.org/wiki/%C3%8Ele-Grande)","Pleumeur-Bodou (Côtes-d'Armor) [d3ntfte62c-1ut7x4ux3k1x0]","http://www.wikidata.org/entity/Q291908",
"place/FRAN_RI_005-d5bdpdsjgw-wnkl8spjhlfg","d5bdpdsjgw-wnkl8spjhlfg","Indien (océan)",,"élément d'hydrographie",,,,
"place/FRAN_RI_005-d3m08z0oq8l--iora5ijlstl4","d3m08z0oq8l--iora5ijlstl4","Indochine",,"aire géographique naturelle",,,,
"place/FRAN_RI_005-d3m08zy6sfa--1vurhe1dhr86v","d3m08zy6sfa--1vurhe1dhr86v","Ioniennes (îles)",,"zone naturelle","Comprend les îles de Corfou, Zante, Céphalonie, Ithaque...",,,
"place/FRAN_RI_005-d-8fhod8ich--1pcfglqn4obom","d-8fhod8ich--1pcfglqn4obom","Isère (Auvergne-Rhône-Alpes ; cours d'eau)",,"cours d'eau","L'Isère est une rivière du Sud-Est de la France, affluent important en rive gauche du Rhône. Elle prend sa source dans le massif des Alpes, en Savoie, dans le Parc national de la Vanoise, sur la commune de Val d'Isère, au glacier des sources de l'Isère sous la Grande aiguille Rousse. Elle se jette dans le Rhône à quelques kilomètres au nord de Valence. (Source : https://fr.wikipedia.org/wiki/Is%C3%A8re_(rivi%C3%A8re))",,"http://www.wikidata.org/entity/Q201341 | https://sws.geonames.org/3012716/","11/08/2020 : Lieu ajouté le [11/08/2020]"
"place/FRAN_RI_005-d-69765uo6u--1uc8lcnzjzk7x","d-69765uo6u--1uc8lcnzjzk7x","Janet, cap (Bouches-du-Rhône ; cap)",,"cap",,"Bouches-du-Rhône (Provence-Alpes-Côte-d'Azur, département) [d3ntb7dejn-1aou0oes1xewr]","https://sws.geonames.org/3012510/",
"place/FRAN_RI_005-d-878xlsuqu--szuo4ruk3km9","d-878xlsuqu--szuo4ruk3km9","Kerpenhir, pointe de (Morbihan ; cap)",,"cap","La pointe de Kerpenhir est une presqu'île, située sur la commune de Locmariaquer (Morbihan), qui, avec le phare de Port-Navalo, marque l'entrée du golfe du Morbihan. (Source : https://fr.wikipedia.org/wiki/Pointe_de_Kerpenhir )","Morbihan (Bretagne, département) [d3ntb8dvqf--1pj7ao1fla0wd]","http://www.wikidata.org/entity/Q3393613","11/08/2020 : Lieu ajouté le [11/08/2020]"
"place/FRAN_RI_005-d-10jjux8g4--1whaeodmxbkpz","d-10jjux8g4--1whaeodmxbkpz","La Faucille, Col de (Ain, France)",,"col","BnF : https://catalogue.bnf.fr/ark:/12148/cb15324453f","France [d3ntxkl6yf-1f01iiij7xnld] | Ain (Rhône-Alpes, département) [d3ntb70dhk-1lf59tn8rsvbw]","http://www.wikidata.org/entity/Q1107433 | https://sws.geonames.org/3018975//",
"place/FRAN_RI_005-d-1g86cbv28--1cqe6odjrywgr","d-1g86cbv28--1cqe6odjrywgr","La Meije (France ; sommet)",,"sommet","La Meije est une montagne du bassin de l'Oisans, en bordure nord-ouest du massif des Écrins. Elle est située à la limite des départements des Hautes-Alpes et de l'Isère. (Source : https://fr.wikipedia.org/wiki/La_Meije)","France [d3ntxkl6yf-1f01iiij7xnld]","http://www.wikidata.org/entity/Q1605356 | https://sws.geonames.org/3008187/","27/04/2020 : Lieu ajouté le [27/04/2020]"
"place/FRAN_RI_005-d-b0wecxeln--1s6v7yf3168xy","d-b0wecxeln--1s6v7yf3168xy","La Rhue (France ; cours d'eau)",,"cours d'eau","La Rhue est une rivière française du Massif central, affluent de la Dordogne en rive gauche. (Source : https://fr.wikipedia.org/wiki/Rhue)","France [d3ntxkl6yf-1f01iiij7xnld]","http://www.wikidata.org/entity/Q897492 | https://sws.geonames.org/2983742/",
"place/FRAN_RI_005-d5bdpexijk--1hyvdhsxtwm37","d5bdpexijk--1hyvdhsxtwm37","Larzac (plateau)",,"zone naturelle",,,,
"place/FRAN_RI_005-d-8jtqtnmib--1wriqrkua9trm","d-8jtqtnmib--1wriqrkua9trm","Lauch, lac de la (Haut-Rhin ; lac)",,"lac","Le lac de la Lauch est un lac artificiel du versant alsacien des Vosges dans le fond de la haute vallée de la Lauch. (Source : https://fr.wikipedia.org/wiki/Lac_de_la_Lauch)","Haut-Rhin (Alsace, département) [d3ntb7td0f--uft1tt83hfgx]","http://www.wikidata.org/entity/Q3215613 | https://sws.geonames.org/11967809/","11/08/2020 : Lieu ajouté le [11/08/2020]"
"place/FRAN_RI_005-d-4pfh0paun--1ccsuxv8x0iol","d-4pfh0paun--1ccsuxv8x0iol","Laurenti, Étang de (Ariège, France)",,"élément d'hydrographie",,"France [d3ntxkl6yf-1f01iiij7xnld] | Ariège (Midi-Pyrénées, département) [d3ntb74ssb--j5jml422wi5p]","http://www.wikidata.org/entity/Q16507852",
"place/FRAN_RI_005-d-437v12vt4-e4etsvqsk595","d-437v12vt4-e4etsvqsk595","Lautaret, Col du (Hautes-Alpes, France)",,"col","BnF : https://catalogue.bnf.fr/ark:/12148/cb152972756 | RAMEAU : https://catalogue.bnf.fr/ark:/12148/cb150693739","France [d3ntxkl6yf-1f01iiij7xnld] | Hautes-Alpes (Provence-Alpes-Côte-d'Azur, département) [d3ntb7wtls-1hjgdcwweevc5]","http://www.wikidata.org/entity/Q1107509 | https://sws.geonames.org/3005951//",
"place/FRAN_RI_005-d5bdp9tbpt-11cqa5fxmload","d5bdp9tbpt-11cqa5fxmload","Léman (lac)",,"élément d'hydrographie",,,,
"place/FRAN_RI_005-d-5ob7gs4th--svciz2xjsge8","d-5ob7gs4th--svciz2xjsge8","Linge, collet du (Haut-Rhin)",,"col","Le collet du Linge — plus rarement col du Linge — est un col des Vosges, situé dans le Haut-Rhin, en France, à 987 mètres d'altitude. (Source : https://fr.wikipedia.org/wiki/Collet_du_Linge)",,"http://www.wikidata.org/entity/Q2983017","11/08/2020 : Lieu ajouté le [11/08/2020]"
"place/FRAN_RI_005-d5bdp86ml5-24s24axwgglo","d5bdp86ml5-24s24axwgglo","Loire (cours d'eau)",,"élément d'hydrographie",,,,
"place/FRAN_RI_005-d5bdpehmnw-1nhc5a2uy6xpk","d5bdpehmnw-1nhc5a2uy6xpk","Lot (cours d'eau)",,"élément d'hydrographie",,,,
"place/FRAN_RI_005-d5bdpqmho4--2rlbjtzrweo7","d5bdpqmho4--2rlbjtzrweo7","Maghreb","Afrique du Nord","aire géographique naturelle",,,,
"place/FRAN_RI_005-d-8bw6nqlqt-1wb7xk1sm249g","d-8bw6nqlqt-1wb7xk1sm249g","Maine (Maine-et-Loire ; cours d'eau)",,"élément d'hydrographie","Tye : cours d'eau | La Maine est une rivière française de Maine-et-Loire (Source : https://fr.wikipedia.org/wiki/Maine_(rivi%C3%A8re))","Maine-et-Loire (Pays-de-la-Loire, département) [d3ntb8763b-1xnp7km7qrb2k]","http://www.wikidata.org/entity/Q756886 | https://sws.geonames.org/2996667/",
"place/FRAN_RI_005-d-1g86cafio--5uchwxsgp6lw","d-1g86cafio--5uchwxsgp6lw","Maix, lac de la (Vosges ; lac)",,"lac","Le lac de la Maix est situé dans le massif du Donon, sur le territoire de la commune de Vexaincourt dans les Vosges. Il s'agit de l'un des derniers lacs naturels de formation glaciaire du massif vosgien. (Source : https://fr.wikipedia.org/wiki/Lac_de_la_Maix)","Vosges (Lorraine, département) [d3ntb90lcn-1da2tok8c3zo7]","http://www.wikidata.org/entity/Q1799635","27/04/2020 : Lieu ajouté le [27/04/2020]"
"place/FRAN_RI_005-d3m08ynduiw--1f9uoeklf53q3","d3m08ynduiw--1f9uoeklf53q3","Majeur (lac)",,"élément d'hydrographie",,,,
"place/FRAN_RI_005-d5bdp8mf0n--n1dfptwb88wa","d5bdp8mf0n--n1dfptwb88wa","Manche (mer)",,"élément d'hydrographie",,,,
"place/FRAN_RI_005-d3m08z3dnxo--wue8tj97g41a","d3m08z3dnxo--wue8tj97g41a","Marly (forêt)",,"zone naturelle",,,,
"place/FRAN_RI_005-d5bdpmh4bl-cg0hmoti3vqy","d5bdpmh4bl-cg0hmoti3vqy","Marne (cours d'eau)",,"élément d'hydrographie",,,,
"place/FRAN_RI_005-d3m08zbs6xe-1skmo53uxplig","d3m08zbs6xe-1skmo53uxplig","Maroni (cours d'eau)",,"élément d'hydrographie",,,,
"place/FRAN_RI_005-d-977smmlxj--156kgn1cszbgi","d-977smmlxj--156kgn1cszbgi","Marseilleveyre, massif de (Bouches-du-Rhône ; massif)",,"massif","Le massif de Marseilleveyre est un chaînon de calcaire karstique situé sur le littoral sud de Marseille. (Source : https://fr.wikipedia.org/wiki/Massif_de_Marseilleveyre)","Bouches-du-Rhône (Provence-Alpes-Côte-d'Azur, département) [d3ntb7dejn-1aou0oes1xewr]","http://www.wikidata.org/entity/Q1284311",
"place/FRAN_RI_005-d-58ki6768c--v7379t2v4mc9","d-58ki6768c--v7379t2v4mc9","Martimpré, col de (massif des Vosges, France)",,"col","Le col de Martimpré est un col routier du massif des Vosges, culminant à 798 m. Le col est emprunté par une route qui relie deux communes du département des Vosges, Anould et Gérardmer.","France [d3ntxkl6yf-1f01iiij7xnld]","http://www.wikidata.org/entity/Q2982078","09/06/2020 : Lieu ajouté le [09/06/2020]"
"place/FRAN_RI_005-d5bdp4jai7--1qr41r3wnpwkq","d5bdp4jai7--1qr41r3wnpwkq","Massif central (massif)",,"zone naturelle",,,,
"place/FRAN_RI_005-d5bdpl9rvx-5jkisx57fz3y","d5bdpl9rvx-5jkisx57fz3y","Méditerranée (mer)",,"élément d'hydrographie",,,,
"place/FRAN_RI_005-d-84n6k2tc9--17v6e49cd3rv3","d-84n6k2tc9--17v6e49cd3rv3","Melon, île (Porspoder ; île)",,"île","L'île Melon est une petite île inhabitée de la commune de Porspoder dans le Finistère proche de la presqu'île Saint-Laurent. (Source : https://fr.wikipedia.org/wiki/%C3%8Ele_Melon )","Porspoder (Finistère) [d3ntgt7tp9-1nncgvh7rn1lb]","http://www.wikidata.org/entity/Q47155 | https://sws.geonames.org/2994654/","11/08/2020 : Lieu ajouté le [11/08/2020]"
"place/FRAN_RI_005-d5bdp1l831-19aiu305tl7eb","d5bdp1l831-19aiu305tl7eb","Mercantour (massif)",,"zone naturelle",,,,
"place/FRAN_RI_005-d5bdp7yrcc-b1bir3mkzalc","d5bdp7yrcc-b1bir3mkzalc","Meurthe (cours d'eau)",,"élément d'hydrographie",,,,
"place/FRAN_RI_005-d5bdozuw3y-1tu2ny5hvgyg","d5bdozuw3y-1tu2ny5hvgyg","Meuse (cours d'eau)",,"élément d'hydrographie",,,,
"place/FRAN_RI_005-d3m08ymnwso--12jnkeq4ymb1u","d3m08ymnwso--12jnkeq4ymb1u","Mississipi (cours d'eau)",,"élément d'hydrographie",,,,
"place/FRAN_RI_005-d-5sryr6hag-yq17l6dcjyy8","d-5sryr6hag-yq17l6dcjyy8","Mont Aigoual (France ; sommet)",,"sommet","Le mont Aigoual est un sommet situé dans le sud du Massif central, à la limite entre les départements du Gard et de la Lozère. Il culmine à 1 565 mètres d'altitude. (Source : https://fr.wikipedia.org/wiki/Mont_Aigoual)","France [d3ntxkl6yf-1f01iiij7xnld]","http://www.wikidata.org/entity/Q1836325 | https://sws.geonames.org/3038525/","11/08/2020 : Lieu ajouté le [11/08/2020]"
"place/FRAN_RI_005-d-1g86cbo70-1psbla6l9gg4r","d-1g86cbo70-1psbla6l9gg4r","Mont-Blanc (massif)",,"massif","Le massif du Mont-Blanc est un massif des Alpes partagé entre la France, l'Italie et la Suisse. Il abrite le mont Blanc, plus haut sommet d'Europe occidentale qui culmine à 4 809 mètres (altitude relevée en 2015). Il est traversé par le tunnel du Mont-Blanc, entre Chamonix dans la vallée de l'Arve et Courmayeur dans la vallée d'Aoste. (Source : https://fr.wikipedia.org/wiki/Massif_du_Mont-Blanc)",,"http://www.wikidata.org/entity/Q671343","27/04/2020 : Lieu ajouté le [27/04/2020]"
"place/FRAN_RI_005-d5bdp6nw5p-1b29mhjtpmp65","d5bdp6nw5p-1b29mhjtpmp65","Mont-Blanc (mont)",,"zone naturelle",,,,
"place/FRAN_RI_005-d-1g86cc3uw--1b20cl1n0b4be","d-1g86cc3uw--1b20cl1n0b4be","Mont-Cervin (sommet)",,"sommet","Le Cervin est, avec une altitude de 4 478 mètres, le 12e sommet le plus élevé des Alpes. Il est situé sur la frontière italo-suisse, entre le canton du Valais et la Vallée d'Aoste. (Source : https://fr.wikipedia.org/wiki/Cervin)",,"http://www.wikidata.org/entity/Q1374 | https://sws.geonames.org/2659729/","27/04/2020 : Lieu ajouté le [27/04/2020]"
"place/FRAN_RI_005-d-7fotc91vm--x65ehgaoudbj","d-7fotc91vm--x65ehgaoudbj","Mont des Alouettes (Vendée)",,"montagne","Le mont des Alouettes est une colline de Vendée culminant à 232 mètres d'altitude, non loin du Puy du Fou, sur la commune des Herbiers. Il offre un vaste panorama sur cette dernière et sur les localités environnantes. (Source : https://fr.wikipedia.org/wiki/Mont_des_Alouettes)",,"http://www.wikidata.org/entity/Q956593","11/08/2020 : Lieu ajouté le [11/08/2020]"
"place/FRAN_RI_005-d-1g86ccjag--1ef4c1ji1x2bv","d-1g86ccjag--1ef4c1ji1x2bv","Mont des Cats (Nord)",,"zone naturelle","Le mont des Cats (en néerlandais : Katsberg1) est une hauteur située sur le territoire des communes de Berthen, Godewaersvelde et Méteren, en Flandre française, dans la région Hauts-de-France. Son altitude est de 164 m. (Source :https://fr.wikipedia.org/wiki/Mont_des_Cats )",,"http://www.wikidata.org/entity/Q2326371","27/04/2020 : Lieu ajouté le [27/04/2020]"
"place/FRAN_RI_005-d3m08z7vuew--1bn9vcgfzdijo","d3m08z7vuew--1bn9vcgfzdijo","Montmorency (forêt)",,"zone naturelle",,,,
"place/FRAN_RI_005-d-1g86cc60o--zo2jaav795cl","d-1g86cc60o--zo2jaav795cl","Mont-Rose (massif)",,"massif","Le mont Rose, situé à la frontière entre la Suisse et l'Italie, est le deuxième plus haut massif des Alpes après celui du Mont-Blanc. (Source :https://fr.wikipedia.org/wiki/Mont_Rose)",,"http://www.wikidata.org/entity/Q14668 | https://sws.geonames.org/2658971/","27/04/2020 : Lieu ajouté le [27/04/2020]"
"place/FRAN_RI_005-d-7jikgsih3--1fccjtej7l8o2","d-7jikgsih3--1fccjtej7l8o2","Mont Saint-Michel de Brasparts (Finistère)",,"montagne","Le mont Saint-Michel de Brasparts (menez Mikael-an-Are ou localement menez Sant-Mikael ou Tuchenn Mikael) est l'un des sommets de la chaîne des monts d'Arrée située en Bretagne sur la commune de Saint-Rivoal (Finistère). Il fait partie du parc naturel régional d'Armorique et domine la cuvette du marais du Yeun Elez. Il culmine à 380 mètres d'altitude et sur son sommet se trouve la chapelle Saint-Michel datant du XVIIe siècle. (Source : https://fr.wikipedia.org/wiki/Mont_Saint-Michel_de_Brasparts)",,"http://www.wikidata.org/entity/Q2164399 | https://sws.geonames.org/2978007/","11/08/2020 : Lieu ajouté le [11/08/2020]"
"place/FRAN_RI_005-d5bdp6f0he--8yhlrfe0fvbq","d5bdp6f0he--8yhlrfe0fvbq","Mont-Valérien (Hauts-de-Seine)",,"zone naturelle",,,,
"place/FRAN_RI_005-d5bdp7j86i--1cpg1y6zvo5zj","d5bdp7j86i--1cpg1y6zvo5zj","Moselle (cours d'eau)",,"élément d'hydrographie",,,,
"place/FRAN_RI_005-d5bdpqbrdx--izofhypis2i5","d5bdpqbrdx--izofhypis2i5","Moyen-Orient",,"aire géographique naturelle","Proche-Orient + Jordanie, Irak, péninsule arabique, Iran et Afghanistan (Bnf).",,,
"place/FRAN_RI_005-d-1g86ccnx4--174i836b7g7i1","d-1g86ccnx4--174i836b7g7i1","Nez de Jobourg (Manche ; cap)",,"cap","Le nez de Jobourg est un promontoire rocheux de gneiss icartiens, situé à l'extrémité méridionale du cap de la Hague, sur la commune de Jobourg. Il s'agit de la zone géologique la plus ancienne du Cotentin. (Source : https://fr.wikipedia.org/wiki/Nez_de_Jobourg )","Manche (Basse-Normandie, département) [d3ntb87hy4--yhe8o30oxp1n]","http://www.wikidata.org/entity/Q3339229","07/05/2020 : Lieu ajouté le [07/05/2020]"
"place/FRAN_RI_005-d3m08yzdzs8--1ihnpnpp465ra","d3m08yzdzs8--1ihnpnpp465ra","Nil (cours d'eau)",,"élément d'hydrographie",,,,
"place/FRAN_RI_005-d-7p5l06bym-fi3mvdcfzy5i","d-7p5l06bym-fi3mvdcfzy5i","Nive (Pyrénées-Atlantique ; cours d'eau)",,"cours d'eau","La Nive est une rivière française du Pays basque, dans le département des Pyrénées-Atlantiques, affluent en rive gauche de l'Adour. (Source : https://fr.wikipedia.org/wiki/Nive)",,"http://www.wikidata.org/entity/Q974519 | https://sws.geonames.org/2990339/",
"place/FRAN_RI_005-d5bdp2lv3c-p5n6bls44c60","d5bdp2lv3c-p5n6bls44c60","Nord (mer)",,"élément d'hydrographie",,,,
"place/FRAN_RI_005-d5bdpf6r5g-s72d4ru0jl9n","d5bdpf6r5g-s72d4ru0jl9n","Océanie",,"aire géographique naturelle",,,,
"place/FRAN_RI_005-d-8kp5fasks-bc46ynpzp6hv","d-8kp5fasks-bc46ynpzp6hv","Odet (Finistère ; cours d'eau)",,"cours d'eau","L'Odet (Oded en breton) est un fleuve côtier breton long de 62,7 km qui prend sa source dans les montagnes Noires à Saint-Goazec, au lieu-dit Yeun-ar-Vouster, et aboutit dans l'Atlantique entre Sainte-Marine et Bénodet – en breton Ben"" = « embouchure » et donc « embouchure de l'Odet ». (Source : https://fr.wikipedia.org/wiki/Odet)","Finistère (Bretagne, département) [d3ntb7ow7c--5vehi4l7x7op]","http://www.wikidata.org/entity/Q1244790 | https://sws.geonames.org/2989746/","11/08/2020 : Lieu ajouté le [11/08/2020]"
"place/FRAN_RI_005-d5bdphx45b--1a4zett1vwphn","d5bdphx45b--1a4zett1vwphn","Oise (cours d'eau)",,"élément d'hydrographie",,,,
"place/FRAN_RI_005-d5bdp8l6ea-15q10hrauboam","d5bdp8l6ea-15q10hrauboam","Oléron (île)",,"zone naturelle",,,,
"place/FRAN_RI_005-d3m08zx6kou--wqu6366op5wr","d3m08zx6kou--wqu6366op5wr","Oneida (lac)",,"élément d'hydrographie",,,,
"place/FRAN_RI_005-d3m08zr7b6e--6enntxhz6ha2","d3m08zr7b6e--6enntxhz6ha2","Orléans (forêt)",,"zone naturelle",,,,
"place/FRAN_RI_005-d-8743imxyy--136omz1g3w4v8","d-8743imxyy--136omz1g3w4v8","Orne (Normandie ; cours d'eau)",,"cours d'eau","L'Orne est un fleuve côtier du Nord-Ouest de la France. C'est le deuxième plus important des cours d'eau normands, après la Seine. (Source : https://fr.wikipedia.org/wiki/Orne_(fleuve))",,"http://www.wikidata.org/entity/Q659526 | https://sws.geonames.org/2989248/",
"place/FRAN_RI_005-d5bdpc59v0-1qp9557v4c8wx","d5bdpc59v0-1qp9557v4c8wx","Pacifique (océan)",,"élément d'hydrographie",,,,
"place/FRAN_RI_005-d-1g86ca76o--1w2cbapyqsnpz","d-1g86ca76o--1w2cbapyqsnpz","Pannecière, Lac de (Nièvre ; lac)",,"lac","Le lac de Pannecière ou lac-réservoir de Pannecière-Chaumard est un lac artificiel situé dans le département de la Nièvre, en Bourgogne-Franche-Comté, dans la partie ouest de la région naturelle du Morvan. Sa superficie est de 520 hectares, pour une capacité de 82,5 hm3. Il se trouve à la confluence de l'Yonne et de l'Houssière. Le lac et son barrage ont été construits entre 1937 et 1949 pour protéger indirectement, par le biais de son affluent de l'Yonne, la ville de Paris des inondations causées par la Seine, comme celle de 1910. (Source : https://fr.wikipedia.org/wiki/Lac_de_Panneci%C3%A8re)","Nièvre (Bourgogne, département) [d3ntb8ej0i-1mhq8etaawzq8]","http://www.wikidata.org/entity/Q3215504 | https://sws.geonames.org/6545014/","27/04/2020 : Lieu ajouté le [27/04/2020]"
"place/FRAN_RI_005-d3m08zgqkjh-13hj623r2tco1","d3m08zgqkjh-13hj623r2tco1","Pays d'Auge (France)",,"zone naturelle",,"France [d3ntxkl6yf-1f01iiij7xnld]",,
"place/FRAN_RI_005-d3m08z3opo6--1oejv1cclgsu0","d3m08z3opo6--1oejv1cclgsu0","Pays de Caux (France)",,"zone naturelle",,"France [d3ntxkl6yf-1f01iiij7xnld]",,
"place/FRAN_RI_005-d-8bakyrzgg-6fvtvotpzs56","d-8bakyrzgg-6fvtvotpzs56","Pen-Hir, pointe de (Finistère ; cap)",,"cap","La pointe de Pen-Hir (en breton Beg Penn Hir) est une pointe de terre qui se trouve dans la presqu'île de Crozon, en Bretagne. Elle est située au sud-ouest sur le territoire de la commune de Camaret-sur-Mer. (Source : https://fr.wikipedia.org/wiki/Pointe_de_Pen-Hir )","Finistère (Bretagne, département) [d3ntb7ow7c--5vehi4l7x7op]","http://www.wikidata.org/entity/Q1424577 | https://sws.geonames.org/2988107/","11/08/2020 : Lieu ajouté le [11/08/2020]"
"place/FRAN_RI_005-d-8civp1um5-1mdobulvhl2dc","d-8civp1um5-1mdobulvhl2dc","Penvins, pointe de (Morbihan ; cap)",,"cap","La pointe de Penvins est une presqu'île de la commune de Sarzeau (Morbihan). (Source : https://fr.wikipedia.org/wiki/Pointe_de_Penvins )","Morbihan (Bretagne, département) [d3ntb8dvqf--1pj7ao1fla0wd]","http://www.wikidata.org/entity/Q18785766 | https://sws.geonames.org/2988049/","11/08/2020 : Lieu ajouté le [11/08/2020]"
"place/FRAN_RI_005-d3m08yspn1o--2spbtuggayoy","d3m08yspn1o--2spbtuggayoy","Perche (France)",,"zone naturelle",,"France [d3ntxkl6yf-1f01iiij7xnld]",,
"place/FRAN_RI_005-d3m08zzasfn-f5pvo307upds","d3m08zzasfn-f5pvo307upds","Périgord (France)",,"zone naturelle",,"France [d3ntxkl6yf-1f01iiij7xnld]",,
"place/FRAN_RI_005-d3m08z9n88u--1h3mkrzg8i576","d3m08z9n88u--1h3mkrzg8i576","Perthois (France)",,"zone naturelle",,"France [d3ntxkl6yf-1f01iiij7xnld]",,
"place/FRAN_RI_005-d3m08zv3czu--17wkym5o8p7eq","d3m08zv3czu--17wkym5o8p7eq","Petit-Saint-Bernard (col)",,"zone naturelle",,,,
"place/FRAN_RI_005-d-7kbps14s0--xpdf046364pn","d-7kbps14s0--xpdf046364pn","Pic du Midi de Bigorre (Hautes-Pyrénées ; sommet)",,"sommet","Le pic du Midi de Bigorre est situé dans les Hautes-Pyrénées, et atteint une altitude de 2 876 mètres. Il est connu entre autres pour la présence d'un observatoire astronomique et d'un relais de télévision, installés à son sommet. (Source : https://fr.wikipedia.org/wiki/Pic_du_Midi_de_Bigorre)","Hautes-Pyrénées (Midi-Pyrénées, département) [d3ntb7x5gl-rdnnhynelg4]","http://www.wikidata.org/entity/Q1139060 | https://sws.geonames.org/2993957/","11/08/2020 : Lieu ajouté le [11/08/2020]"
"place/FRAN_RI_005-d-80zojg4za--1tg4s9rg1p87p","d-80zojg4za--1tg4s9rg1p87p","Pierre Saint-Martin, Gouffre de la (Pyrénées-Atlantiques)",,"grotte","Le gouffre de La Pierre Saint-Martin, nommé aussi gouffre Lépineux (Pozo Lepineux en espagnol), est l'entrée historique d'une cavité souterraine majeure située dans le Massif de La Pierre Saint-Martin (massif de Larra-Belagua pour les Espagnols), sur la commune française d'Arette dans les Pyrénées-Atlantiques, en région Nouvelle-Aquitaine, à proximité immédiate de la frontière espagnole au-delà de laquelle se développe une partie du réseau souterrain. (Source : https://fr.wikipedia.org/wiki/Gouffre_de_La_Pierre_Saint-Martin )",,"http://www.wikidata.org/entity/Q2599455","11/08/2020 : Lieu ajouté le [11/08/2020]"
"place/FRAN_RI_005-d3m08zvxxwf-jqsrwco42fx0","d3m08zvxxwf-jqsrwco42fx0","Pô (cours d'eau)",,"élément d'hydrographie",,,,
"place/FRAN_RI_005-d3m08zx2k3f--1e6p4x2r1dm1j","d3m08zx2k3f--1e6p4x2r1dm1j","Poitevin (marais)",,"zone naturelle",,,,
"place/FRAN_RI_005-d3m08yzx14j-itod9uxd5ahy","d3m08yzx14j-itod9uxd5ahy","Ponthieu (France)",,"zone naturelle",,"France [d3ntxkl6yf-1f01iiij7xnld]",,
"place/FRAN_RI_005-d3m08zuw4q3--qz4xtarrulxl","d3m08zuw4q3--qz4xtarrulxl","Porquerolles (île)",,"zone naturelle",,,,
"place/FRAN_RI_005-d5bdp61xhi-1154ndtq23j6b","d5bdp61xhi-1154ndtq23j6b","Proche-Orient",,"aire géographique naturelle","Ensemble des pays riverains de la méditerranée orientale : Turquie, Syrie, Liban, Israël, Egypte (Bnf)",,,
"place/FRAN_RI_005-d3m08zsfrmn-1wckmhe5j1q87","d3m08zsfrmn-1wckmhe5j1q87","Puisaye (France)",,"zone naturelle",,"France [d3ntxkl6yf-1f01iiij7xnld]",,
"place/FRAN_RI_005-d-9dm8ta8fg-1s9gx05stzokz","d-9dm8ta8fg-1s9gx05stzokz","Puy de Côme (Puy-de-Dôme ; volcan)",,"volcan","Le puy de Côme est un volcan endormi de type strombolien de la chaîne des Puys, dans le Massif central. (Source : Wikipédia : https://fr.wikipedia.org/wiki/Puy_de_C%C3%B4me)","Puy-de-Dôme (Auvergne, département) [d3ntb8jcjf--14j38x9l75uuq]","http://www.wikidata.org/entity/Q3411087 | https://sws.geonames.org/3024106/","09/04/2021 : Lieu ajouté le [09/04/2021]"
"place/FRAN_RI_005-d-1g86cbj3o-1keeoc9stqqhr","d-1g86cbj3o-1keeoc9stqqhr","Puy de Dôme (Puy-de-Dôme ; volcan)",,"volcan","Le puy de Dôme est un volcan endormi de la chaîne des Puys, dans le Massif central. Il se trouve à une quinzaine de kilomètres de Clermont-Ferrand et a donné son nom au département du Puy-de-Dôme. (Source : Wikipédia : https://fr.wikipedia.org/wiki/Puy_de_D%C3%B4me)","Puy-de-Dôme (Auvergne, département) [d3ntb8jcjf--14j38x9l75uuq]","http://www.wikidata.org/entity/Q607372 | https://sws.geonames.org/3021215/","27/04/2020 : Lieu ajouté le [27/04/2020]"
"place/FRAN_RI_005-d-beadluhdd-ledpyc6nx97c","d-beadluhdd-ledpyc6nx97c","Puy Mary (Cantal, France)",,"volcan",,"France [d3ntxkl6yf-1f01iiij7xnld] | Cantal (Auvergne, département) [d3ntb7ejxl-47nz85a9e01t]","http://www.wikidata.org/entity/Q2119428",
"place/FRAN_RI_005-d5bdozn61d-1xdljp3kxz3gh","d5bdozn61d-1xdljp3kxz3gh","Pyrénées (massif)",,"zone naturelle",,,,
"place/FRAN_RI_005-d3m08z51ncu--lmsznm7sxh1n","d3m08z51ncu--lmsznm7sxh1n","Rambouillet (forêt)",,"zone naturelle",,,,
"place/FRAN_RI_005-d5bdoy8wez-5ln6jb1azfu7","d5bdoy8wez-5ln6jb1azfu7","Rance (cours d'eau)",,"élément d'hydrographie",,,,
"place/FRAN_RI_005-d-2he1nts0z--u9c1zmipozcb","d-2he1nts0z--u9c1zmipozcb","Raz, pointe du (Finistère ; cap)",,"cap","La pointe du Raz (nom local en breton Beg ar Raz) est un promontoire rocheux constituant la partie la plus avancée vers l'ouest du cap Sizun, face à la mer d'Iroise au sud-ouest du Finistère. Située à l'ouest de la commune de Plogoff, elle forme une « proue » d'une hauteur de 72 mètres dominant le Raz de Sein. C'est l'un des sites les plus emblématiques des côtes granitiques de la Bretagne. (Source : https://fr.wikipedia.org/wiki/Pointe_du_Raz)","Finistère (Bretagne, département) [d3ntb7ow7c--5vehi4l7x7op]","http://www.wikidata.org/entity/Q1500472 | https://sws.geonames.org/2984323/","13/08/2020 : Lieu ajouté le [13/08/2020]"
"place/FRAN_RI_005-d5bdpazfbe--h68lr5xxbdv8","d5bdpazfbe--h68lr5xxbdv8","Ré (île)",,"zone naturelle",,,,
"place/FRAN_RI_005-d5bdpmv3nj--xzfwty05bn7u","d5bdpmv3nj--xzfwty05bn7u","Rhin (cours d'eau)",,"élément d'hydrographie",,,,
"place/FRAN_RI_005-d3ntxq3djm-xcj8d86m5jhj","d3ntxq3djm-xcj8d86m5jhj","Rhône (cours d'eau)",,"élément d'hydrographie",,,,
"place/FRAN_RI_005-d-1g86cc1mc--1bxy4i7v0k0w","d-1g86cc1mc--1bxy4i7v0k0w","Rif (Maroc ; massif)",,"massif","Le Rif, est la région septentrionale du Maroc, bordée par la mer Méditerranée au nord, l'Algérie à l'est, les plaines le séparant du Moyen Atlas au sud et l'océan Atlantique à l'ouest. Composé de montagnes et de plaines, le Rif s'étend sur près de 500 km de Tanger jusqu'à la Moulouya. (Source : https://fr.wikipedia.org/wiki/Rif)",,"http://www.wikidata.org/entity/Q275491 | https://sws.geonames.org/2549315/","27/04/2020 : Lieu ajouté le [27/04/2020]"
"place/FRAN_RI_005-d-387kwp92e--1k01f7we3nhos","d-387kwp92e--1k01f7we3nhos","Roc'h Trevezel (Finistère)",,"zone naturelle","Le Roc'h Trevezel est le second point culminant de la partie bretonne du Massif armoricain dans les monts d'Arrée. Tout comme le Ménez Kador, il atteint 385 mètres d'altitude. (Source : https://fr.wikipedia.org/wiki/Roc%27h_Trevezel )",,"http://www.wikidata.org/entity/Q460386 | https://sws.geonames.org/2971737/","14/08/2020 : Lieu ajouté le [14/08/2020]"
"place/FRAN_RI_005-d-1g86cch4o-g0qjkz625iee","d-1g86cch4o-g0qjkz625iee","Roche-d'Oëtre (Orne)",,"zone naturelle","La Roche d'Oëtre est située en plein cœur de la Suisse normande, sur la commune de Saint-Philbert-sur-Orne, non loin de la limite départementale du Calvados et de l'Orne, presque à égale distance de Thury-Harcourt et d'Écouché. C'est un des plus prestigieux belvédères naturels de l’Ouest de la France. (Source : https://fr.wikipedia.org/wiki/Roche_d'Oëtre )",,"http://www.wikidata.org/entity/Q1794115","27/04/2020 : Lieu ajouté le [27/04/2020]"
"place/FRAN_RI_005-d-9ilgakjwc-1r7b6h97muo33","d-9ilgakjwc-1r7b6h97muo33","Roselier, pointe du (Plérin ; cap)",,"cap",,"Plérin (Côtes-d'Armor) [d3ntftaicw--n9a8p4yruv56]","https://sws.geonames.org/2982801/",
"place/FRAN_RI_005-d5bdpehfjt-i35y7mwfd82w","d5bdpehfjt-i35y7mwfd82w","Sahara (désert)",,"zone naturelle",,,,
"place/FRAN_RI_005-d5bdp78e0o-yrd21ora6iuj","d5bdp78e0o-yrd21ora6iuj","Sahel (désert)",,"zone naturelle",,,,
"place/FRAN_RI_005-d-92krzdk65-1d0z9n2c598qe","d-92krzdk65-1d0z9n2c598qe","Sainte-Baume (Provence-Alpes-Côte d'Azur ; massif)",,"massif","Le massif de la Sainte-Baume, ou plus simplement la Sainte-Baume, est un massif provençal qui s'étend entre les départements des Bouches-du-Rhône et du Var. (Source : )",,"http://www.wikidata.org/entity/Q581005 | https://sws.geonames.org/2980743/",
"place/FRAN_RI_005-d3m08z1dw8j--1fvk0e4rtatq","d3m08z1dw8j--1fvk0e4rtatq","Saint-Germain-en-Laye (forêt)",,"zone naturelle",,,,
"place/FRAN_RI_005-d3m08ym0qwb--lfsxdunglmcx","d3m08ym0qwb--lfsxdunglmcx","Saint-Laurent (cours d'eau)",,"élément d'hydrographie",,,,
"place/FRAN_RI_005-d5bdpictk6--wuzx42nwulhj","d5bdpictk6--wuzx42nwulhj","Saint-Odile (mont)",,"zone naturelle",,,,
"place/FRAN_RI_005-d-8qvgmfbwo-159hbf1qwuz8e","d-8qvgmfbwo-159hbf1qwuz8e","Saint-Point, lac de (Doubs ; lac)",,"lac","Le lac de Saint-Point fait partie des plus vastes lacs naturels de France. Il se situe dans le département du Doubs, au sein du massif du Jura, à une quinzaine de kilomètres de la ville de Pontarlier. (Source : https://fr.wikipedia.org/wiki/Lac_de_Saint-Point )","Doubs (Franche-Comté, département) [d3ntb7ldge-9pxjgbcvrjpg]","http://www.wikidata.org/entity/Q498738 | https://sws.geonames.org/2977394/","11/08/2020 : Lieu ajouté le [11/08/2020]"
"place/FRAN_RI_005-d-5g3a01a4s-1780qw8pxzcw3","d-5g3a01a4s-1780qw8pxzcw3","Saint-Riom, île (Côtes-d'Armor ; île)",,"île","L'île Saint-Riom est une petite île bretonne située dans la baie de Saint-Brieuc (Source : https://fr.wikipedia.org/wiki/%C3%8Ele_Saint-Riom)","Côtes-d'Armor (Bretagne, département) [d3ntb7hqlz-1wtyohr4yjr84]","http://www.wikidata.org/entity/Q3593211",
"place/FRAN_RI_005-d-8jn1kc645--4sye1f5y01oi","d-8jn1kc645--4sye1f5y01oi","Sambre (France / Belgique ; cours d'eau)",,"cours d'eau","La Sambre est une rivière franco-belge, affluente de la Meuse. (Source : https://fr.wikipedia.org/wiki/Sambre)","France [d3ntxkl6yf-1f01iiij7xnld]","http://www.wikidata.org/entity/Q208267 | https://sws.geonames.org/2787281/",
"place/FRAN_RI_005-d5bdpejuf5-1ju6bzr0q3ypo","d5bdpejuf5-1ju6bzr0q3ypo","Saône (cours d'eau)",,"élément d'hydrographie",,,,
"place/FRAN_RI_005-d5bdpj0wbp-ib9oeyffoa4r","d5bdpj0wbp-ib9oeyffoa4r","Sarre (cours d'eau)",,"élément d'hydrographie",,,,
"place/FRAN_RI_005-d-5mnkmc6f2--m3sv637vimhp","d-5mnkmc6f2--m3sv637vimhp","Saverne, col de (Bas-Rhin)",,"col","Le col de Saverne est un col du massif des Vosges situé dans le département du Bas-Rhin, entre les communes de Saverne et d'Ottersthal. (Source : https://fr.wikipedia.org/wiki/Col_de_Saverne )",,"http://www.wikidata.org/entity/Q138948 | https://sws.geonames.org/11880018/","11/08/2020 : Lieu ajouté le [11/08/2020]"
"place/FRAN_RI_005-d3m08zi5bzj-jthpafhjab6e","d3m08zi5bzj-jthpafhjab6e","Scandinavie",,"aire géographique naturelle","Comprend : Norvège, Suède, Finlande, Danemark.",,,
"place/FRAN_RI_005-d-7w4a3seyi--1fs7ndwdjy7d8","d-7w4a3seyi--1fs7ndwdjy7d8","Scarpe (Hauts-de-France ; cours d'eau)",,"élément d'hydrographie","Tye : cours d'eau | La Scarpe est une rivière de la région Hauts-de-France et un affluent de l'Escaut. (Source : https://fr.wikipedia.org/wiki/Scarpe)","France [d3ntxkl6yf-1f01iiij7xnld]","http://www.wikidata.org/entity/Q1818615 | https://sws.geonames.org/2975475/",
"place/FRAN_RI_005-d-1g86cceyw-1xq9ba6o8dd16","d-1g86cceyw-1xq9ba6o8dd16","Schlucht, col de la (France)",,"col","Le col de la Schlucht est l'un des principaux cols du massif des Vosges, situé entre les communes du Valtin (Vosges) et de Stosswihr (Haut-Rhin), assurant les liaisons entre ces deux départements. (Source : https://fr.wikipedia.org/wiki/Col_de_la_Schlucht )","France [d3ntxkl6yf-1f01iiij7xnld]","http://www.wikidata.org/entity/Q1107460 | https://sws.geonames.org/2975439/","27/04/2020 : Lieu ajouté le [27/04/2020]"
"place/FRAN_RI_005-d3ntxq3pef--1jkzir20fih6g","d3ntxq3pef--1jkzir20fih6g","Seine (cours d'eau)",,"élément d'hydrographie",,,,
"place/FRAN_RI_005-d3m08zlm7wp-10g1mcj8x5xrq","d3m08zlm7wp-10g1mcj8x5xrq","Sénart (forêt)",,"zone naturelle",,,,
"place/FRAN_RI_005-d3m08yir9zd-1l3qhy3u7mmqy","d3m08yir9zd-1l3qhy3u7mmqy","Sénégal (cours d'eau)",,"élément d'hydrographie",,,,
"place/FRAN_RI_005-d3m08zm3cbi--10t4l5aq4jqh","d3m08zm3cbi--10t4l5aq4jqh","Serein (cours d'eau)",,"élément d'hydrographie",,,,
"place/FRAN_RI_005-d-1g86caays--rclef2estpwz","d-1g86caays--rclef2estpwz","Settons, Lac des (Nièvre ; lac)",,"lac","Le lac des Settons est un lac artificiel de 366 hectares, alimenté principalement par les eaux de la Cure, et situé au cœur du parc naturel régional du Morvan dans la Nièvre. (Source : https://fr.wikipedia.org/wiki/Lac_des_Settons)","Nièvre (Bourgogne, département) [d3ntb8ej0i-1mhq8etaawzq8]","http://www.wikidata.org/entity/Q392278 | https://sws.geonames.org/2974723/","27/04/2020 : Lieu ajouté le [27/04/2020]"
"place/FRAN_RI_005-d-7mdnp6zba--i80t2lplirlr","d-7mdnp6zba--i80t2lplirlr","Sieck, île de (Finistère ; île)",,"île","L'île de Sieck, Enes Hieg en léonard, est un îlot du Léon, dans le nord ouest du Finistère, auquel on accède à marée basse depuis la plage du Dossen, écart de la commune de Santec. Elle se situe à quatre kilomètres et six cents mètres au sud de l'entrée ouest du chenal de l'île de Batz. (Source : https://fr.wikipedia.org/wiki/%C3%8Ele_de_Sieck)","Finistère (Bretagne, département) [d3ntb7ow7c--5vehi4l7x7op]","http://www.wikidata.org/entity/Q3593414","11/08/2020 : Lieu ajouté le [11/08/2020]"
"place/FRAN_RI_005-d3m08zzgaid--1um1a0exl283v","d3m08zzgaid--1um1a0exl283v","Silésie",,"aire géographique naturelle",,,,
"place/FRAN_RI_005-d3m08zf6z6n-6v6i4fkmvf4w","d3m08zf6z6n-6v6i4fkmvf4w","Sologne (France)",,"zone naturelle",,"France [d3ntxkl6yf-1f01iiij7xnld]",,
"place/FRAN_RI_005-d-1g86cccqc-64428mj4g958","d-1g86cccqc-64428mj4g958","Suzac, pointe de (Charente-Maritime ; cap)",,"cap","La pointe de Suzac est un cap rocheux s'avançant dans l'estuaire de la Gironde. Elle est divisée administrativement entre les communes de Saint-Georges-de-Didonne et de Meschers-sur-Gironde, dans le département de la Charente-Maritime. (Source : https://fr.wikipedia.org/wiki/Pointe_de_Suzac)","Charente-Maritime (Poitou-Charentes, département) [d3ntb7f8ah--d0u6ovyjsoi0]","http://www.wikidata.org/entity/Q3393646 | https://sws.geonames.org/2973635//","27/04/2020 : Lieu ajouté le [27/04/2020]"
"place/FRAN_RI_005-d-4yx16qhtk--nwuf5dgccjq2","d-4yx16qhtk--nwuf5dgccjq2","Tarbézou, Pic de (Ariège, France)",,"pic",,"France [d3ntxkl6yf-1f01iiij7xnld] | Ariège (Midi-Pyrénées, département) [d3ntb74ssb--j5jml422wi5p]","https://sws.geonames.org/2973383/",
"place/FRAN_RI_005-d5bdp02u5o--1gsjamqfmpb66","d5bdp02u5o--1gsjamqfmpb66","Thau (étang)",,"élément d'hydrographie",,,,
"place/FRAN_RI_005-d3m08yiup6o-3bxnmm30dg5j","d3m08yiup6o-3bxnmm30dg5j","Thiérache (France)",,"zone naturelle",,"France [d3ntxkl6yf-1f01iiij7xnld]",,
"place/FRAN_RI_005-d3m08yyrubx--ufkwf1yoe44j","d3m08yyrubx--ufkwf1yoe44j","Thymerais (France)",,"zone naturelle",,"France [d3ntxkl6yf-1f01iiij7xnld]",,
"place/FRAN_RI_005-d3m08ykml8n--btr91p0swx2q","d3m08ykml8n--btr91p0swx2q","Tibre (cours d'eau)",,"élément d'hydrographie",,,,
"place/FRAN_RI_005-d-2mtnasa5c-1iirszj3x5c03","d-2mtnasa5c-1iirszj3x5c03","Toulinguet, pointe du (Finistère ; cap)",,"cap","La pointe de Toulinguet est une pointe de Bretagne. Elle se situe à l'extrémité de la Presqu'île de Crozon sur la commune de Camaret-sur-Mer en Bretagne. (Source : https://fr.wikipedia.org/wiki/Pointe_du_Toulinguet )","Finistère (Bretagne, département) [d3ntb7ow7c--5vehi4l7x7op]","http://www.wikidata.org/entity/Q3393734 | https://sws.geonames.org/2972332/","13/08/2020 : Lieu ajouté le [13/08/2020]"
"place/FRAN_RI_005-d-89qnjymwr--aalo5bo164ei","d-89qnjymwr--aalo5bo164ei","Touques (Normandie ; cours d'eau)",,"cours d'eau","La Touques est un fleuve côtier de Normandie (Source : https://fr.wikipedia.org/wiki/Touques_(fleuve))",,"http://www.wikidata.org/entity/Q969618 | https://sws.geonames.org/2972306/",
"place/FRAN_RI_005-d-5pku8agyz-1ugbz4zdcy5y6","d-5pku8agyz-1ugbz4zdcy5y6","Tourmalet, col du (Hautes-Pyrénées)",,"col","Le col du Tourmalet est un col de montagne des Pyrénées centrales françaises, à une cinquantaine de kilomètres au sud de Tarbes, dans le département des Hautes-Pyrénées en région Occitanie. (Source : https://fr.wikipedia.org/wiki/Col_du_Tourmalet)",,"http://www.wikidata.org/entity/Q942322 | https://sws.geonames.org/2972267/","11/08/2020 : Lieu ajouté le [11/08/2020]"
"place/FRAN_RI_005-d-326u8yit3-1hmoe8pza7q2l","d-326u8yit3-1hmoe8pza7q2l","Tronçais, Forêt de (Allier, France)",,"forêt",,"France [d3ntxkl6yf-1f01iiij7xnld] | Allier (Auvergne, département) [d3ntb713cs-uv28hws58a4c]","http://www.wikidata.org/entity/Q761970 | https://sws.geonames.org/2971599/",
"place/FRAN_RI_005-d5bdp4g850--8gq8q0x5nvpp","d5bdp4g850--8gq8q0x5nvpp","Tudy (île)",,"zone naturelle",,,,
"place/FRAN_RI_005-d3m08yiml7z-utuq73eph9na","d3m08yiml7z-utuq73eph9na","Valois (France)",,"zone naturelle",,"France [d3ntxkl6yf-1f01iiij7xnld]",,
"place/FRAN_RI_005-d-7shy55810-1susa8c4tn9qd","d-7shy55810-1susa8c4tn9qd","Var (Provence-Alpes-Côte d'Azur ; cours d'eau)",,"élément d'hydrographie","Tye : cours d'eau | Le Var est un fleuve côtier du Sud-Est de la France se jetant dans la mer Méditerranée après avoir coulé dans les deux départements des Alpes-de-Haute-Provence et Alpes-Maritimes, dans la région Provence-Alpes-Côte d'Azur. | Source : https://fr.wikipedia.org/wiki/Var_(fleuve)",,"http://www.wikidata.org/entity/Q933979",
"place/FRAN_RI_005-d-1g86cbx80-1tq27kpfrjz3n","d-1g86cbx80-1tq27kpfrjz3n","Vercors (France ; massif)",,"massif","Le massif du Vercors est un massif montagneux des Préalpes, à cheval sur les départements français de l'Isère et de la Drôme, culminant à 2 341 mètres d'altitude au Grand Veymont. (Source : https://fr.wikipedia.org/wiki/Massif_du_Vercors)","France [d3ntxkl6yf-1f01iiij7xnld]","http://www.wikidata.org/entity/Q1435063 | https://sws.geonames.org/2970000/","27/04/2020 : Lieu ajouté le [27/04/2020]"
"place/FRAN_RI_005-d3m08zlad94-xs0ma4ihe1eb","d3m08zlad94-xs0ma4ihe1eb","Vexin (France)",,"zone naturelle",,"France [d3ntxkl6yf-1f01iiij7xnld]",,
"place/FRAN_RI_005-d3m08zuyptj-hblmihv2bvav","d3m08zuyptj-hblmihv2bvav","Vierges (îles)",,"zone naturelle",,,,
"place/FRAN_RI_005-d3m08zbrw8c-a5qs2pm7pdkz","d3m08zbrw8c-a5qs2pm7pdkz","Vimeu (France)",,"zone naturelle",,"France [d3ntxkl6yf-1f01iiij7xnld]",,
"place/FRAN_RI_005-d3m08z2eklx--13l9wxns8b3y9","d3m08z2eklx--13l9wxns8b3y9","Wight (île)",,"zone naturelle",,,,
"place/FRAN_RI_005-d-22qir3x6o--t1bmnqegxogj","d-22qir3x6o--t1bmnqegxogj","Yerres (Île-de-France ; cours d'eau)",,"cours d'eau","L'Yerres est une rivière d'Île-de-France, affluent de la rive droite de la Seine, qui traverse la campagne et quelques villes dont une reprenant son nom située en Essonne. (Source : https://fr.wikipedia.org/wiki/Yerres_(rivi%C3%A8re))","France [d3ntxkl6yf-1f01iiij7xnld]","http://www.wikidata.org/entity/Q1545456",
"place/FRAN_RI_005-d5bdppwe1n--56rym0nd852r","d5bdppwe1n--56rym0nd852r","Yonne (cours d'eau)",,"élément d'hydrographie",,,,
"place/FRAN_RI_005-d3m08yvroyf-pwxb40rac69q","d3m08yvroyf-pwxb40rac69q","Yvette (cours d'eau)",,"élément d'hydrographie",,,,