"URI (segment de base  http://data.archives-nationales.culture.gouv.fr/","Identifiant de la ville ou du territoire dans la version du référentiel interne au SIA (RI_005)","Dénomination préférée (skos:prefLabel)","Dénominations alternatives (skos:altLabel)","Date de début  d’existence (rico:beginningDate)","Date de fin  d’existence (rico:endDate)","Description (rico:descriptiveNote)","Nom et id du pays dans lequel la ville ou le territoire est situé","Lieux équivalents dans d’autres référentiels (owl:sameAs)","Notes sur les modifications effectuées pour ce lieu (skos:changeNote)"
"place/FRAN_RI_005-d3m08zpxah1-190bwee41vjy9","d3m08zpxah1-190bwee41vjy9","Aarau (Suisse)",,,,,"Suisse [d3ntxlqozz--1f3x6hvqucf3g]",,
"place/FRAN_RI_005-d3m090098dz-10e3syl2u14cw","d3m090098dz-10e3syl2u14cw","Aarschot (Belgique)",,,,,"Belgique [d3ntxk30in--c94xo1un1ah3]",,
"place/FRAN_RI_005-d3m08zpbqt4--1mlun66c3s1bp","d3m08zpbqt4--1mlun66c3s1bp","Aberdeen (Royaume-Uni)",,,,,"Royaume-Uni [d3ntxlh9hr-pry10srrczvg]",,
"place/FRAN_RI_005-d3m08zmsonn-c08kv9i9ersn","d3m08zmsonn-c08kv9i9ersn","Aboukir (Egypte)",,,,,"Egypte [d5bdp2m9bi--7qyiku2nrvrt]",,
"place/FRAN_RI_005-d5bdpjf19e--e0vhmv05pfbf","d5bdpjf19e--e0vhmv05pfbf","Afrique Equatoriale Française (1910-1958)","AEF","1910","1958","1910-1958 : correspondait aux colonies françaises d’Afrique subsaharienne situées à l’est du lac Tchad : Gabon Moyen-Congo. Oubangui-Chari Tchad, capitale Brazzaville.",,,
"place/FRAN_RI_005-d5bdp4q7h6-ul70lkju24s3","d5bdp4q7h6-ul70lkju24s3","Afrique Occidentale Française (1895-1958)","AOF","1895","1958","1895-1958 : correspondait aux colonies françaises d’Afrique subsaharienne situées à l’Ouest du lac Tchad : Cote d’Ivoire Dahomey, Haute-Volta, Mauritanie, Niger, Soudan, Guinée et Sénégal, capitale Dakar.",,,
"place/FRAN_RI_005-d3m08zruvc6-1vuarsmn4thim","d3m08zruvc6-1vuarsmn4thim","Agrano (Italie)",,,,,"Italie [d3ntxku8g8--8c7e9zxf15do]",,
"place/FRAN_RI_005-d3ntxm9iac--18tuqblaxgt3d","d3ntxm9iac--18tuqblaxgt3d","Aix-la-Chapelle (Allemagne)",,,,,"Allemagne [d3ntxjxyl2-de3n2j7xfcc0]",,
"place/FRAN_RI_005-d3m08ztu4tb-3ykhsr6bepme","d3m08ztu4tb-3ykhsr6bepme","Albany (Etats-Unis)",,,,,"Etats-Unis [d5bdpnc6n8--6t8agr79pl90]",,
"place/FRAN_RI_005-d3m08yxinqf--ftgt4f0vhnaz","d3m08yxinqf--ftgt4f0vhnaz","Alep (Syrie)",,,,,"Syrie [d3ntxltulk--gas4jyk9me5c]",,
"place/FRAN_RI_005-d5bdpig13l-10u47m53bsl9b","d5bdpig13l-10u47m53bsl9b","Alexandrie (Egypte)",,,,,"Egypte [d5bdp2m9bi--7qyiku2nrvrt]",,
"place/FRAN_RI_005-d3m08ztmrse--6zdsj98psux1","d3m08ztmrse--6zdsj98psux1","Alexandrie (Italie)",,,,,"Italie [d3ntxku8g8--8c7e9zxf15do]",,
"place/FRAN_RI_005-d3ntxmai2j-1byj6kut47bub","d3ntxmai2j-1byj6kut47bub","Alger (Algérie)",,,,,"Algérie [d3ntxjxn5s-6kuyi0i46073]",,
"place/FRAN_RI_005-d3m08ys91nf-p3w9f0ajmcxo","d3m08ys91nf-p3w9f0ajmcxo","Alicante (Espagne)",,,,,"Espagne [d3ntxkj150-14qdrjsm01noe]",,
"place/FRAN_RI_005-d3m08zzsokr--gxz5u9xz8pkr","d3m08zzsokr--gxz5u9xz8pkr","Alost (Belgique)",,,,,"Belgique [d3ntxk30in--c94xo1un1ah3]",,
"place/FRAN_RI_005-d3m08ymexjc--19fs20c1yxenp","d3m08ymexjc--19fs20c1yxenp","Altembourg (Allemagne)",,,,,"Allemagne [d3ntxjxyl2-de3n2j7xfcc0]",,
"place/FRAN_RI_005-d3m08z55xgj--9ft843t4rph5","d3m08z55xgj--9ft843t4rph5","Ambretsir (Inde)",,,,,"Inde [d3ntxkrkiz--1shnvwc1hre55]",,
"place/FRAN_RI_005-d3ntxmbxdf-jdodf5is5emb","d3ntxmbxdf-jdodf5is5emb","Amsterdam (Pays-Bas)",,,,,"Pays-Bas [d3ntxld6p3-1nlqlzrn1cur0]",,
"place/FRAN_RI_005-d3m08zis40q--vfc6c0dnkko1","d3m08zis40q--vfc6c0dnkko1","Anderlecht (Belgique)",,,,,"Belgique [d3ntxk30in--c94xo1un1ah3]",,
"place/FRAN_RI_005-d3m08zyukwj--12tvqias1nunm","d3m08zyukwj--12tvqias1nunm","Angleterre (Royaume-Uni)",,,,,"Royaume-Uni [d3ntxlh9hr-pry10srrczvg]",,
"place/FRAN_RI_005-d3m08ypftgd--1i1d8plm5etdf","d3m08ypftgd--1i1d8plm5etdf","Angleur (Belgique)",,,,,"Belgique [d3ntxk30in--c94xo1un1ah3]",,
"place/FRAN_RI_005-d3ntxmdg4i-j0102ivpk9dr","d3ntxmdg4i-j0102ivpk9dr","Annaba (Algérie)","Bône (Algérie)",,,,"Algérie [d3ntxjxn5s-6kuyi0i46073]",,
"place/FRAN_RI_005-d3ntxmef1n-f9nz10ywj4gt","d3ntxmef1n-f9nz10ywj4gt","Anvers (Belgique)",,,,,"Belgique [d3ntxk30in--c94xo1un1ah3]",,
"place/FRAN_RI_005-d3m08yvcu5g-1q0rj4vez9ff8","d3m08yvcu5g-1q0rj4vez9ff8","Arezzo (Italie)",,,,,"Italie [d3ntxku8g8--8c7e9zxf15do]",,
"place/FRAN_RI_005-d3m08yt77ay--1hxugvig5qg42","d3m08yt77ay--1hxugvig5qg42","Argovie (Suisse)",,,,,"Suisse [d3ntxlqozz--1f3x6hvqucf3g]",,
"place/FRAN_RI_005-d3m08zg9a6r-4bdv4xp0a1ku","d3m08zg9a6r-4bdv4xp0a1ku","Arnhem (Pays-Bas)",,,,,"Pays-Bas [d3ntxld6p3-1nlqlzrn1cur0]",,
"place/FRAN_RI_005-d3m08yvw1fp-tsvii6fdqx8h","d3m08yvw1fp-tsvii6fdqx8h","Arno (Italie)",,,,,"Italie [d3ntxku8g8--8c7e9zxf15do]",,
"place/FRAN_RI_005-d3m08zs57bo--1tkam9bwml4g3","d3m08zs57bo--1tkam9bwml4g3","Aschaffenbourg (Allemagne)",,,,,"Allemagne [d3ntxjxyl2-de3n2j7xfcc0]",,
"place/FRAN_RI_005-d3m08ysl9rw--1xsbd4kkkvi9s","d3m08ysl9rw--1xsbd4kkkvi9s","Asse (Belgique)",,,,,"Belgique [d3ntxk30in--c94xo1un1ah3]",,
"place/FRAN_RI_005-d3m08zxwf8z--1bs7b46nasch2","d3m08zxwf8z--1bs7b46nasch2","Ath (Belgique)",,,,,"Belgique [d3ntxk30in--c94xo1un1ah3]",,
"place/FRAN_RI_005-d3m08yqd864-tkkudug30xng","d3m08yqd864-tkkudug30xng","Athènes (Grèce)",,,,,"Grèce [d3ntxknnzd--1o618nl5gdmcb]",,
"place/FRAN_RI_005-d3m08z7d7c0--1h67esepbw4a3","d3m08z7d7c0--1h67esepbw4a3","Aubonne (Suisse)",,,,,"Suisse [d3ntxlqozz--1f3x6hvqucf3g]",,
"place/FRAN_RI_005-d3m08zxt1mq-4gwwg820xt9e","d3m08zxt1mq-4gwwg820xt9e","Audenarde (Belgique)",,,,,"Belgique [d3ntxk30in--c94xo1un1ah3]",,
"place/FRAN_RI_005-d3m08yqfk5j--9hqpwnhafevp","d3m08yqfk5j--9hqpwnhafevp","Augsbourg (Allemagne)",,,,,"Allemagne [d3ntxjxyl2-de3n2j7xfcc0]",,
"place/FRAN_RI_005-d3m08ytdbkb--har4bmcqz6vn","d3m08ytdbkb--har4bmcqz6vn","Augusta (Etats-Unis)",,,,,"Etats-Unis [d5bdpnc6n8--6t8agr79pl90]",,
"place/FRAN_RI_005-d3m08zxdzp2--1vbr5ng1kexh","d3m08zxdzp2--1vbr5ng1kexh","Avila (Espagne)",,,,,"Espagne [d3ntxkj150-14qdrjsm01noe]",,
"place/FRAN_RI_005-d3m08yvu639--wdwqr2vo7k13","d3m08yvu639--wdwqr2vo7k13","Axel (Pays-Bas)",,,,,"Pays-Bas [d3ntxld6p3-1nlqlzrn1cur0]",,
"place/FRAN_RI_005-d3m08yo8f17-due4b3knm8w5","d3m08yo8f17-due4b3knm8w5","Ayr (Royaume-Uni)",,,,,"Royaume-Uni [d3ntxlh9hr-pry10srrczvg]",,
"place/FRAN_RI_005-d3m08z2oblk-1hf8krw7ylzwo","d3m08z2oblk-1hf8krw7ylzwo","Babylone (Irak)",,,,,"Irak [d3ntxksdml--6ntmosvkxtsf]",,
"place/FRAN_RI_005-d3m08zglu72--osoww8zarc5t","d3m08zglu72--osoww8zarc5t","Bade (Allemagne)",,,,,"Allemagne [d3ntxjxyl2-de3n2j7xfcc0]",,
"place/FRAN_RI_005-d3m08z5kmpu-rr50af7arb9h","d3m08z5kmpu-rr50af7arb9h","Bad Ems (Allemagne)",,,,,"Allemagne [d3ntxjxyl2-de3n2j7xfcc0]",,
"place/FRAN_RI_005-d3m08ztt6ck-15iem3ijnz6j","d3m08ztt6ck-15iem3ijnz6j","Baden-Baden (Allemagne)",,,,,"Allemagne [d3ntxjxyl2-de3n2j7xfcc0]",,
"place/FRAN_RI_005-d5bdpgxg9w--iqfebzei97wb","d5bdpgxg9w--iqfebzei97wb","Bade-Wurtemberg (Allemagne)",,,,,"Allemagne [d3ntxjxyl2-de3n2j7xfcc0]",,
"place/FRAN_RI_005-d3m08z6tgmz-ufm0w8y32047","d3m08z6tgmz-ufm0w8y32047","Bagrationovsk (Russie)",,,,,"Russie [d3ntxlhlzu--xk25nxgg86yz]",,
"place/FRAN_RI_005-d3m08yxfnl1--1brzoz107kair","d3m08yxfnl1--1brzoz107kair","Bâle (Suisse)",,,,,"Suisse [d3ntxlqozz--1f3x6hvqucf3g]",,
"place/FRAN_RI_005-d3m08ywznkw-bpnmyv6br0bo","d3m08ywznkw-bpnmyv6br0bo","Ballynacally (Irlande)",,,,,"Irlande [d3ntxkt0ox-16bmp6ylm8933]",,
"place/FRAN_RI_005-d3m08zonihe-xlx57szvl8wx","d3m08zonihe-xlx57szvl8wx","Baltimore (Etats-Unis)",,,,,"Etats-Unis [d5bdpnc6n8--6t8agr79pl90]",,
"place/FRAN_RI_005-d3m08yob4vs--pqqbnu3bw9ag","d3m08yob4vs--pqqbnu3bw9ag","Bamberg (Allemagne)",,,,,"Allemagne [d3ntxjxyl2-de3n2j7xfcc0]",,
"place/FRAN_RI_005-d3ntxmloqh-yndtidyyd24w","d3ntxmloqh-yndtidyyd24w","Barcelone (Espagne)",,,,,"Espagne [d3ntxkj150-14qdrjsm01noe]",,
"place/FRAN_RI_005-d3m08zec8c5--rm6dafr4l5q9","d3m08zec8c5--rm6dafr4l5q9","Barolo (Italie)",,,,,"Italie [d3ntxku8g8--8c7e9zxf15do]",,
"place/FRAN_RI_005-d3m08zevvv3--7s6vrzcgrrx0","d3m08zevvv3--7s6vrzcgrrx0","Bassano (Italie)",,,,,"Italie [d3ntxku8g8--8c7e9zxf15do]",,
"place/FRAN_RI_005-d3m08z985in-545grrfe0ob3","d3m08z985in-545grrfe0ob3","Bâton-Rouge (Etats-Unis)",,,,,"Etats-Unis [d5bdpnc6n8--6t8agr79pl90]",,
"place/FRAN_RI_005-d3m08zmlgdv-1day1rajbubum","d3m08zmlgdv-1day1rajbubum","Bavière (Allemagne)",,,,,"Allemagne [d3ntxjxyl2-de3n2j7xfcc0]",,
"place/FRAN_RI_005-d3m08zxcyur--5gx00br8ngqy","d3m08zxcyur--5gx00br8ngqy","Beaumont (Belgique)",,,,,"Belgique [d3ntxk30in--c94xo1un1ah3]",,
"place/FRAN_RI_005-d3m08zxejwe-are6plckxzwo","d3m08zxejwe-are6plckxzwo","Béjaïa (Algérie)","Bougie (Algérie)",,,,"Algérie [d3ntxjxn5s-6kuyi0i46073]",,
"place/FRAN_RI_005-d3m08zr1hm3--164ywt32rflju","d3m08zr1hm3--164ywt32rflju","Belgrade (Serbie)",,,,,"Serbie [d3ntxlmdso--t1w66c8igp2r]",,
"place/FRAN_RI_005-d3m08z17axx-brbu1ye3182e","d3m08z17axx-brbu1ye3182e","Bellegarde (Suisse)",,,,,"Suisse [d3ntxlqozz--1f3x6hvqucf3g]",,
"place/FRAN_RI_005-d3m08zor4tf-1kps69y9crgoa","d3m08zor4tf-1kps69y9crgoa","Bellesme (Suisse)",,,,,"Suisse [d3ntxlqozz--1f3x6hvqucf3g]",,
"place/FRAN_RI_005-d3m08zw4z1h--laaoqftmjr4n","d3m08zw4z1h--laaoqftmjr4n","Bellingham (Royaume-Uni)",,,,,"Royaume-Uni [d3ntxlh9hr-pry10srrczvg]",,
"place/FRAN_RI_005-d3m08zix90u-1snbz73n2s7o0","d3m08zix90u-1snbz73n2s7o0","Bergame (Italie)",,,,,"Italie [d3ntxku8g8--8c7e9zxf15do]",,
"place/FRAN_RI_005-d3m08yqh4sx-y4r6jdho658c","d3m08yqh4sx-y4r6jdho658c","Bergen op Zoom (Pays-Bas)",,,,,"Pays-Bas [d3ntxld6p3-1nlqlzrn1cur0]",,
"place/FRAN_RI_005-d3m08znjivb-komgnx6fqnp","d3m08znjivb-komgnx6fqnp","Beringen (Belgique)",,,,,"Belgique [d3ntxk30in--c94xo1un1ah3]",,
"place/FRAN_RI_005-d3ntxmncns-1jfxw04wm1vg7","d3ntxmncns-1jfxw04wm1vg7","Berlin (Allemagne)",,,,,"Allemagne [d3ntxjxyl2-de3n2j7xfcc0]",,
"place/FRAN_RI_005-d3m08z8kfez--1qmn58h3h27c7","d3m08z8kfez--1qmn58h3h27c7","Berne (Suisse)",,,,,"Suisse [d3ntxlqozz--1f3x6hvqucf3g]",,
"place/FRAN_RI_005-d-5phefjuv5--13zh3kbsk9fi8","d-5phefjuv5--13zh3kbsk9fi8","Beveren (Belgique)",,,,"Beveren est une commune néerlandophone de Belgique située en province de Flandre-Orientale. (Source : https://fr.wikipedia.org/wiki/Beveren_(Flandre-Orientale))","Belgique [d3ntxk30in--c94xo1un1ah3]","http://www.wikidata.org/entity/Q270644 | https://sws.geonames.org/2802031/","12/08/2020 : Lieu ajouté le [12/08/2020]"
"place/FRAN_RI_005-d3m08z6rdrk--mx0qbrc0x59l","d3m08z6rdrk--mx0qbrc0x59l","Beyrouth (Liban)",,,,,"Liban [d3ntxkyxg7--15s67wc6l2wca]",,
"place/FRAN_RI_005-d3m08z1rcqa--1a4d8nr4hu4ck","d3m08z1rcqa--1a4d8nr4hu4ck","Bilbao (Espagne)",,,,,"Espagne [d3ntxkj150-14qdrjsm01noe]",,
"place/FRAN_RI_005-d3m08z8b52b-ras7soww3pla","d3m08z8b52b-ras7soww3pla","Biscaye (Espagne)",,,,,"Espagne [d3ntxkj150-14qdrjsm01noe]",,
"place/FRAN_RI_005-d-5qi42cwq1--2osmvvt9u8k","d-5qi42cwq1--2osmvvt9u8k","Bizerte (Tunisie)",,,,"Bizerte ou Banzart est une ville du nord de la Tunisie située entre la mer Méditerranée et le lac de Bizerte. (Source : https://fr.wikipedia.org/wiki/Bizerte)","Tunisie [d3ntxly60m--alytytl85l0a]","http://www.wikidata.org/entity/Q189546 | https://sws.geonames.org/2472706/","12/08/2020 : Lieu ajouté le [12/08/2020]"
"place/FRAN_RI_005-d3m08yscyoh--30uhgpdyf6et","d3m08yscyoh--30uhgpdyf6et","Blaugies (Belgique)",,,,,"Belgique [d3ntxk30in--c94xo1un1ah3]",,
"place/FRAN_RI_005-d3m08z1h7vh-1seqcqphd8aeb","d3m08z1h7vh-1seqcqphd8aeb","Blida (Algérie)",,,,,"Algérie [d3ntxjxn5s-6kuyi0i46073]",,
"place/FRAN_RI_005-d3m08zg0cig-de6ljnxlwsjj","d3m08zg0cig-de6ljnxlwsjj","Boekhoute (Belgique)",,,,,"Belgique [d3ntxk30in--c94xo1un1ah3]",,
"place/FRAN_RI_005-d3m08z9bjj6--16p51xfhkc5u8","d3m08z9bjj6--16p51xfhkc5u8","Bois-le-Duc (Pays-Bas)",,,,,"Pays-Bas [d3ntxld6p3-1nlqlzrn1cur0]",,
"place/FRAN_RI_005-d3m08zsaqzf-14i5iopvg4wzz","d3m08zsaqzf-14i5iopvg4wzz","Bologne (Belgique)",,,,,"Belgique [d3ntxk30in--c94xo1un1ah3]",,
"place/FRAN_RI_005-d3m08zyxjgu--qemk19lkls4o","d3m08zyxjgu--qemk19lkls4o","Bologne (Italie)",,,,,"Italie [d3ntxku8g8--8c7e9zxf15do]",,
"place/FRAN_RI_005-d3m08zjf3kw-wz8hekq1blkj","d3m08zjf3kw-wz8hekq1blkj","Bombay (Inde)",,,,,"Inde [d3ntxkrkiz--1shnvwc1hre55]",,
"place/FRAN_RI_005-d3m08zcpih2-37i76opu852b","d3m08zcpih2-37i76opu852b","Bonn (Allemagne)",,,,,"Allemagne [d3ntxjxyl2-de3n2j7xfcc0]",,
"place/FRAN_RI_005-d3m08z4yk1d-y2v4uszz8xm","d3m08z4yk1d-y2v4uszz8xm","Borgomaro (Italie)",,,,,"Italie [d3ntxku8g8--8c7e9zxf15do]",,
"place/FRAN_RI_005-d3m08zwa7lx-yiv3sqtzniii","d3m08zwa7lx-yiv3sqtzniii","Borgo Val di Taro (Italie)",,,,,"Italie [d3ntxku8g8--8c7e9zxf15do]",,
"place/FRAN_RI_005-d3m08z3tagy--14422s6pol7n3","d3m08z3tagy--14422s6pol7n3","Boston (Etats-Unis)",,,,,"Etats-Unis [d5bdpnc6n8--6t8agr79pl90]",,
"place/FRAN_RI_005-d-616zwwhbk-1wkgj2omrrwe7","d-616zwwhbk-1wkgj2omrrwe7","Boulemane (Maroc)",,,,"Boulemane est une ville du Maroc. Elle est située dans la région de Fès-Meknès. (Source : https://fr.wikipedia.org/wiki/Boulemane)","Maroc [d3ntxl3s9o-18z3mton10zrv]","http://www.wikidata.org/entity/Q2745175 | https://sws.geonames.org/2554387/","12/08/2020 : Lieu ajouté le [12/08/2020]"
"place/FRAN_RI_005-d-74u3knsrq--1s4r0f3f49von","d-74u3knsrq--1s4r0f3f49von","Bourached (Algérie)",,,,"Bourached est une commune de la wilaya de Aïn Defla en Algérie. (Source : https://fr.wikipedia.org/wiki/Bourached )","Algérie [d3ntxjxn5s-6kuyi0i46073]","http://www.wikidata.org/entity/Q2922230",
"place/FRAN_RI_005-d3m08yssehb--1x7eitb48v53m","d3m08yssehb--1x7eitb48v53m","Bourg-Léopold (Belgique)",,,,,"Belgique [d3ntxk30in--c94xo1un1ah3]",,
"place/FRAN_RI_005-d3m08z72l1p--udbv0rc3qpme","d3m08z72l1p--udbv0rc3qpme","Boussu (Belgique)",,,,,"Belgique [d3ntxk30in--c94xo1un1ah3]",,
"place/FRAN_RI_005-d3m08ywpa0d--cxo4cfi4icjj","d3m08ywpa0d--cxo4cfi4icjj","Brabant (Belgique)",,,,,"Belgique [d3ntxk30in--c94xo1un1ah3]",,
"place/FRAN_RI_005-d3ntxmt5jd-nlpv98bg4lk2","d3ntxmt5jd-nlpv98bg4lk2","Brazzaville (Congo)",,,,,"Congo [d3ntxkclmm-fprizcfa4o4s]",,
"place/FRAN_RI_005-d3m08yt5jvq-f1uo03onltsa","d3m08yt5jvq-f1uo03onltsa","Bréda (Pays-Bas)",,,,,"Pays-Bas [d3ntxld6p3-1nlqlzrn1cur0]",,
"place/FRAN_RI_005-d3m08zexxjq--1absuqrsm97vj","d3m08zexxjq--1absuqrsm97vj","Brême (Allemagne)",,,,,"Allemagne [d3ntxjxyl2-de3n2j7xfcc0]",,
"place/FRAN_RI_005-d3m08z4zlo7-1kqiqgnk1ueew","d3m08z4zlo7-1kqiqgnk1ueew","Brielle (Pays-Bas)",,,,,"Pays-Bas [d3ntxld6p3-1nlqlzrn1cur0]",,
"place/FRAN_RI_005-d3m08yj2oe8--oawvam32x785","d3m08yj2oe8--oawvam32x785","Brighton (Etats-Unis)",,,,,"Etats-Unis [d5bdpnc6n8--6t8agr79pl90]",,
"place/FRAN_RI_005-d3m08ylwljr--1jdk0h86d7klv","d3m08ylwljr--1jdk0h86d7klv","Brighton (Royaume-Uni)",,,,,"Royaume-Uni [d3ntxlh9hr-pry10srrczvg]",,
"place/FRAN_RI_005-d3m08ykqsys--1t1lkr3r2qdyj","d3m08ykqsys--1t1lkr3r2qdyj","Bristol (Royaume-Uni)",,,,,"Royaume-Uni [d3ntxlh9hr-pry10srrczvg]",,
"place/FRAN_RI_005-d3m08zjrhna-7pvv42u2kr19","d3m08zjrhna-7pvv42u2kr19","Briviesca (Espagne)",,,,,"Espagne [d3ntxkj150-14qdrjsm01noe]",,
"place/FRAN_RI_005-d3m08ys6uf4--d48bbluyrk01","d3m08ys6uf4--d48bbluyrk01","Brno (République Tchèque)",,,,,,,
"place/FRAN_RI_005-d3m08zluqj2-1vcl0suw12k7h","d3m08zluqj2-1vcl0suw12k7h","Bromberg (Pologne)",,,,,"Pologne [d3ntxle8f4--7cm271muwi1d]",,
"place/FRAN_RI_005-d3m08zcnrvr--orvb3vvl0nxr","d3m08zcnrvr--orvb3vvl0nxr","Bruges (Belgique)",,,,,"Belgique [d3ntxk30in--c94xo1un1ah3]",,
"place/FRAN_RI_005-d3m08zngp24-11ut1z2ob7ava","d3m08zngp24-11ut1z2ob7ava","Brunswick (Allemagne)",,,,,"Allemagne [d3ntxjxyl2-de3n2j7xfcc0]",,
"place/FRAN_RI_005-d3ntxmupd8-1vca7ig0t7deb","d3ntxmupd8-1vca7ig0t7deb","Bruxelles (Belgique)",,,,,"Belgique [d3ntxk30in--c94xo1un1ah3]",,
"place/FRAN_RI_005-d3m08zwqd5q--1kvv8o6zm4vb3","d3m08zwqd5q--1kvv8o6zm4vb3","Bucarest (Roumanie)",,,,,"Roumanie [d3ntxlgwk5--1es7xt1ruo381]",,
"place/FRAN_RI_005-d3m08zm11iv--mnz2f9kw57jv","d3m08zm11iv--mnz2f9kw57jv","Budapest (Hongrie)",,,,,"Hongrie [d3ntxkqkyk-1uo2do8p3bx0b]",,
"place/FRAN_RI_005-d3m08zzr2cb-8ykgoip5bszy","d3m08zzr2cb-8ykgoip5bszy","Burgos (Espagne)",,,,,"Espagne [d3ntxkj150-14qdrjsm01noe]",,
"place/FRAN_RI_005-d3m08zwo4ce-1piiu02tptvj5","d3m08zwo4ce-1piiu02tptvj5","Burlington (Etats-Unis)",,,,,"Etats-Unis [d5bdpnc6n8--6t8agr79pl90]",,
"place/FRAN_RI_005-d3m08yzq9w0-o93cmooi04s7","d3m08yzq9w0-o93cmooi04s7","Bury (Royaume-Uni)",,,,,"Royaume-Uni [d3ntxlh9hr-pry10srrczvg]",,
"place/FRAN_RI_005-d3m08zrk1x6--1pofazxfbilgb","d3m08zrk1x6--1pofazxfbilgb","Cadix (Espagne)",,,,,"Espagne [d3ntxkj150-14qdrjsm01noe]",,
"place/FRAN_RI_005-d3m08zs9c9z-xre0ke6v1xgq","d3m08zs9c9z-xre0ke6v1xgq","Calcutta (Inde)",,,,,"Inde [d3ntxkrkiz--1shnvwc1hre55]",,
"place/FRAN_RI_005-d3m08yzyyuj-e9jea4l87u8f","d3m08yzyyuj-e9jea4l87u8f","Californie (Etats-Unis)",,,,,"Etats-Unis [d5bdpnc6n8--6t8agr79pl90]",,
"place/FRAN_RI_005-d3m08znhkcr-bkommguccu68","d3m08znhkcr-bkommguccu68","Cambridge (Royaume-Uni)",,,,,"Royaume-Uni [d3ntxlh9hr-pry10srrczvg]",,
"place/FRAN_RI_005-d3m08zeh09m-hdd5nvzb6cb6","d3m08zeh09m-hdd5nvzb6cb6","Canterbury (Royaume-Uni)",,,,,"Royaume-Uni [d3ntxlh9hr-pry10srrczvg]",,
"place/FRAN_RI_005-d3m08yocqpy-ryp7dzwf94jt","d3m08yocqpy-ryp7dzwf94jt","Canton (Chine)",,,,,"Chine [d3ntxkac5a-8e4epe80c9ko]",,
"place/FRAN_RI_005-d3m08z7by67-tpvtpwmv2cvp","d3m08z7by67-tpvtpwmv2cvp","Cap-Haïtien (Haïti)","Cap-Français (Haïti)",,,,"Haïti [d3ntxkpxgp--1v0m0nu0itvsu]",,
"place/FRAN_RI_005-d3m08yvaug5-1wc8j23wett2f","d3m08yvaug5-1wc8j23wett2f","Caracas (Venezuela)",,,,,,,
"place/FRAN_RI_005-d3m08z6us6c--z9o3qh8cmsvu","d3m08z6us6c--z9o3qh8cmsvu","Carthage (Tunisie)",,,,,"Tunisie [d3ntxly60m--alytytl85l0a]",,
"place/FRAN_RI_005-d3m08yk0npl-1jei84uwqwda9","d3m08yk0npl-1jei84uwqwda9","Carthagène (Espagne)",,,,,"Espagne [d3ntxkj150-14qdrjsm01noe]",,
"place/FRAN_RI_005-d3m08yvfv3d--1gy5yn9j2zqka","d3m08yvfv3d--1gy5yn9j2zqka","Carupano (Venezuela)",,,,,,,
"place/FRAN_RI_005-d3m08znh2j0--1vbke9yc8xvkd","d3m08znh2j0--1vbke9yc8xvkd","Casabelle (Italie)",,,,,"Italie [d3ntxku8g8--8c7e9zxf15do]",,
"place/FRAN_RI_005-d-23hkkiy7z--77omzw25iae5","d-23hkkiy7z--77omzw25iae5","Casablanca (Maroc)",,,,,"Maroc [d3ntxl3s9o-18z3mton10zrv]","http://www.wikidata.org/entity/Q7903 | https://sws.geonames.org/2553604/",
"place/FRAN_RI_005-d3m08zaxj90--1j6k5xgqm0lzg","d3m08zaxj90--1j6k5xgqm0lzg","Casteldelfino (Italie)",,,,,"Italie [d3ntxku8g8--8c7e9zxf15do]",,
"place/FRAN_RI_005-d3m08z8x1el-h6kn980idga0","d3m08z8x1el-h6kn980idga0","Castelfranco (Italie)",,,,,"Italie [d3ntxku8g8--8c7e9zxf15do]",,
"place/FRAN_RI_005-d3m08zvhv4g--vyaj8s0w2ie8","d3m08zvhv4g--vyaj8s0w2ie8","Castelgomberto (Italie)",,,,,"Italie [d3ntxku8g8--8c7e9zxf15do]",,
"place/FRAN_RI_005-d3m08z3s3ag-4srw4u1rgmgp","d3m08z3s3ag-4srw4u1rgmgp","Castel Rosso (Italie)",,,,,"Italie [d3ntxku8g8--8c7e9zxf15do]",,
"place/FRAN_RI_005-d3m08yhq9bv-uenr0jmw3wjb","d3m08yhq9bv-uenr0jmw3wjb","Castiglione d'Orcia (Italie)",,,,,"Italie [d3ntxku8g8--8c7e9zxf15do]",,
"place/FRAN_RI_005-d3m08zybu9a-878c0olle2xp","d3m08zybu9a-878c0olle2xp","Catalogne (Espagne)",,,,,"Espagne [d3ntxkj150-14qdrjsm01noe]",,
"place/FRAN_RI_005-d3m08z8coix-50fx25rup338","d3m08z8coix-50fx25rup338","Céphalonie (Grèce)",,,,,"Grèce [d3ntxknnzd--1o618nl5gdmcb]",,
"place/FRAN_RI_005-d3m08z6dmkr-wb4lxby7tbcf","d3m08z6dmkr-wb4lxby7tbcf","Chantraine (Belgique)",,,,,"Belgique [d3ntxk30in--c94xo1un1ah3]",,
"place/FRAN_RI_005-d3m08zmbl1c-3tecd11t595y","d3m08zmbl1c-3tecd11t595y","Charleroi (Belgique)",,,,,"Belgique [d3ntxk30in--c94xo1un1ah3]",,
"place/FRAN_RI_005-d3m08z9g8ot--45gk5aa7sf01","d3m08z9g8ot--45gk5aa7sf01","Charleston (Etats-Unis)",,,,,"Etats-Unis [d5bdpnc6n8--6t8agr79pl90]",,
"place/FRAN_RI_005-d3m08zlfsk1-1v04p96wsfok3","d3m08zlfsk1-1v04p96wsfok3","Châtillon (Belgique)",,,,,"Belgique [d3ntxk30in--c94xo1un1ah3]",,
"place/FRAN_RI_005-d3m08zqn8lj-1594jumpjpchr","d3m08zqn8lj-1594jumpjpchr","Chelsea (Royaume-Uni)",,,,,"Royaume-Uni [d3ntxlh9hr-pry10srrczvg]",,
"place/FRAN_RI_005-d3m08yz4yxu-180qjms2rszxi","d3m08yz4yxu-180qjms2rszxi","Chemnitz (Allemagne)",,,,,"Allemagne [d3ntxjxyl2-de3n2j7xfcc0]",,
"place/FRAN_RI_005-d-7664vbly1--fr027mgbx4yq","d-7664vbly1--fr027mgbx4yq","Chesham Bois (Royaume-Uni)",,,,"Chesham Bois est un village du Comté de Buckinghamshire, Angleterre. (Source : https://en.wikipedia.org/wiki/Chesham_Bois)","Royaume-Uni [d3ntxlh9hr-pry10srrczvg]","http://www.wikidata.org/entity/Q637711 | https://sws.geonames.org/11550849/","12/08/2020 : Lieu ajouté le [12/08/2020]"
"place/FRAN_RI_005-d3m08zrtaos-1bywzmz3jnuds","d3m08zrtaos-1bywzmz3jnuds","Chester (Royaume-Uni)",,,,,"Royaume-Uni [d3ntxlh9hr-pry10srrczvg]",,
"place/FRAN_RI_005-d3m08zwufqh--11l3iivd5pmb7","d3m08zwufqh--11l3iivd5pmb7","Chiclana de la Frontera (Espagne)",,,,,"Espagne [d3ntxkj150-14qdrjsm01noe]",,
"place/FRAN_RI_005-d3m08zf7s3q--12jaomt03dwjo","d3m08zf7s3q--12jaomt03dwjo","Chieri (Italie)","Quiers (Italie)",,,,"Italie [d3ntxku8g8--8c7e9zxf15do]",,
"place/FRAN_RI_005-d3m08yj6s5r--1urfkv38hzdb9","d3m08yj6s5r--1urfkv38hzdb9","Chimay (Belgique)",,,,,"Belgique [d3ntxk30in--c94xo1un1ah3]",,
"place/FRAN_RI_005-d3m08yz070d--an9xpmxi9mjx","d3m08yz070d--an9xpmxi9mjx","Claremont (Royaume-Uni)",,,,,"Royaume-Uni [d3ntxlh9hr-pry10srrczvg]",,
"place/FRAN_RI_005-d3m08ze61p8--1s3er1aqzyu10","d3m08ze61p8--1s3er1aqzyu10","Clifton (Royaume-Uni)",,,,,"Royaume-Uni [d3ntxlh9hr-pry10srrczvg]",,
"place/FRAN_RI_005-d3m08yi5lkb-1nugi0sn7okk3","d3m08yi5lkb-1nugi0sn7okk3","Coblence (Allemagne)",,,,,"Allemagne [d3ntxjxyl2-de3n2j7xfcc0]",,
"place/FRAN_RI_005-d3m08zwtuqm--1tnkbsogk2urh","d3m08zwtuqm--1tnkbsogk2urh","Cointrin (Suisse)",,,,,"Suisse [d3ntxlqozz--1f3x6hvqucf3g]",,
"place/FRAN_RI_005-d3m08z6qpzv-1xrvjtxmsopu1","d3m08z6qpzv-1xrvjtxmsopu1","Collex-Bossy (Suisse)",,,,,"Suisse [d3ntxlqozz--1f3x6hvqucf3g]",,
"place/FRAN_RI_005-d3m08ztzoh2--1tgfzbiht5mwd","d3m08ztzoh2--1tgfzbiht5mwd","Cologne (Allemagne)",,,,,"Allemagne [d3ntxjxyl2-de3n2j7xfcc0]",,
"place/FRAN_RI_005-d3m08zs8wts-1666y7cqui8kr","d3m08zs8wts-1666y7cqui8kr","Colombo (Sri Lanka)",,,,,"Sri Lanka [d3ntxlpn26-19ohab3qvbnnh]",,
"place/FRAN_RI_005-d3m08zcgaw8-esfia2htjnob","d3m08zcgaw8-esfia2htjnob","Côme (Italie)",,,,,"Italie [d3ntxku8g8--8c7e9zxf15do]",,
"place/FRAN_RI_005-d-62oktci5c--xzfi281pza75","d-62oktci5c--xzfi281pza75","Comines-Warneton (Belgique)",,,,"Comines-Warneton est une ville francophone à facilités linguistiques de Belgique située en Région wallonne dans la province de Hainaut. (Source : https://fr.wikipedia.org/wiki/Comines-Warneton)","Belgique [d3ntxk30in--c94xo1un1ah3]","http://www.wikidata.org/entity/Q665761 | https://sws.geonames.org/2800196/","12/08/2020 : Lieu ajouté le [12/08/2020]"
"place/FRAN_RI_005-d3m08yit2y9-p4gz2755fteo","d3m08yit2y9-p4gz2755fteo","Constantine (Algérie)",,,,,"Algérie [d3ntxjxn5s-6kuyi0i46073]",,
"place/FRAN_RI_005-d3m08yn3914-11sjye95rslu3","d3m08yn3914-11sjye95rslu3","Copenhague (Danemark)",,,,,"Danemark [d3ntxkfgvq--1ml7hma97e0bo]",,
"place/FRAN_RI_005-d3m08z8ofm5--15k5uq4djan4f","d3m08z8ofm5--15k5uq4djan4f","Coppet (Suisse)",,,,,"Suisse [d3ntxlqozz--1f3x6hvqucf3g]",,
"place/FRAN_RI_005-d3m08z0g2gu-p40lwgqhwtet","d3m08z0g2gu-p40lwgqhwtet","Cork (Irlande)",,,,,"Irlande [d3ntxkt0ox-16bmp6ylm8933]",,
"place/FRAN_RI_005-d3m08zdoxoo-1snfns0v72pr4","d3m08zdoxoo-1snfns0v72pr4","Courlande (Lettonie)",,,,,"Lettonie [d3ntxkym0w--dgz2ly2z4p4u]",,
"place/FRAN_RI_005-d3m08yu8syb--qq39x8b7eh46","d3m08yu8syb--qq39x8b7eh46","Courroux (Suisse)",,,,,"Suisse [d3ntxlqozz--1f3x6hvqucf3g]",,
"place/FRAN_RI_005-d3m08zshqxp-1lbo2t2n1ajwb","d3m08zshqxp-1lbo2t2n1ajwb","Courtrai (Belgique)",,,,,"Belgique [d3ntxk30in--c94xo1un1ah3]",,
"place/FRAN_RI_005-d-74ofmkaro--1fv7hqkfm5z6w","d-74ofmkaro--1fv7hqkfm5z6w","Coxyde (Belgique)",,,,"Coxyde (en néerlandais : Koksijde) est une commune néerlandophone de Belgique située en Région flamande dans la province de Flandre-Occidentale, sur la côte belge, dont elle est une des stations balnéaires. (Source : https://fr.wikipedia.org/wiki/Coxyde)","Belgique [d3ntxk30in--c94xo1un1ah3]","http://www.wikidata.org/entity/Q465545 | https://sws.geonames.org/2794167/","12/08/2020 : Lieu ajouté le [12/08/2020]"
"place/FRAN_RI_005-d3m08zx99qw-34vr540l8yjz","d3m08zx99qw-34vr540l8yjz","Cracovie (Pologne)",,,,,"Pologne [d3ntxle8f4--7cm271muwi1d]",,
"place/FRAN_RI_005-d3m08zx44qt--1pbquqeayhqmt","d3m08zx44qt--1pbquqeayhqmt","Craveggia (Italie)",,,,,"Italie [d3ntxku8g8--8c7e9zxf15do]",,
"place/FRAN_RI_005-d3m08zajijx-1iaa2bn407w60","d3m08zajijx-1iaa2bn407w60","Crémone (Italie)",,,,,"Italie [d3ntxku8g8--8c7e9zxf15do]",,
"place/FRAN_RI_005-d3m08yk8sgs-11vr0gfsqjvzb","d3m08yk8sgs-11vr0gfsqjvzb","Crevoladossola (Italie)",,,,,"Italie [d3ntxku8g8--8c7e9zxf15do]",,
"place/FRAN_RI_005-d3m08zv8agz-1glhaa1doywfe","d3m08zv8agz-1glhaa1doywfe","Crimée (Ukraine)",,,,,"Ukraine [d3ntxlzn9e--18rviijd4m2nf]",,
"place/FRAN_RI_005-d3m08z2jg3r-x5lhccjb1cdi","d3m08z2jg3r-x5lhccjb1cdi","Cureghem (Belgique)",,,,,"Belgique [d3ntxk30in--c94xo1un1ah3]",,
"place/FRAN_RI_005-d3m08zi12a3-1en0j3fvr6cna","d3m08zi12a3-1en0j3fvr6cna","Daillens (Suisse)",,,,,"Suisse [d3ntxlqozz--1f3x6hvqucf3g]",,
"place/FRAN_RI_005-d3ntxn4bk1-12hokc6w9jpxd","d3ntxn4bk1-12hokc6w9jpxd","Dakar (Sénégal)",,,,,"Sénégal [d3ntxlm0fj--1uvyjh4y8ws6h]",,
"place/FRAN_RI_005-d3m08yzyq4s-1h8gmzfprcw99","d3m08yzyq4s-1h8gmzfprcw99","Damas (Syrie)",,,,,"Syrie [d3ntxltulk--gas4jyk9me5c]",,
"place/FRAN_RI_005-d3m08zlo395--jribkyff3oax","d3m08zlo395--jribkyff3oax","Darmstadt (Allemagne)",,,,,"Allemagne [d3ntxjxyl2-de3n2j7xfcc0]",,
"place/FRAN_RI_005-d-63cmgqakc--1n3ci5at0qo6m","d-63cmgqakc--1n3ci5at0qo6m","Därstetten (Suisse)",,,,"Därstetten est une commune suisse du canton de Berne. (Source : https://fr.wikipedia.org/wiki/D%C3%A4rstetten)","Suisse [d3ntxlqozz--1f3x6hvqucf3g]","http://www.wikidata.org/entity/Q65721 | https://sws.geonames.org/2661044/","12/08/2020 : Lieu ajouté le [12/08/2020]"
"place/FRAN_RI_005-d3m08z0p9ne--iwuv428srsd0","d3m08z0p9ne--iwuv428srsd0","Dartmouth (Royaume-Uni)",,,,,"Royaume-Uni [d3ntxlh9hr-pry10srrczvg]",,
"place/FRAN_RI_005-d3m08zyod2t-1iegx0s1ne47l","d3m08zyod2t-1iegx0s1ne47l","Détroit (Etats-Unis)",,,,,"Etats-Unis [d5bdpnc6n8--6t8agr79pl90]",,
"place/FRAN_RI_005-d3m08zw4cgl-a5lrxrb061q2","d3m08zw4cgl-a5lrxrb061q2","Devonshire (Royaume-Uni)",,,,,"Royaume-Uni [d3ntxlh9hr-pry10srrczvg]",,
"place/FRAN_RI_005-d3m08yqmxyz--ptv9teqhiaaj","d3m08yqmxyz--ptv9teqhiaaj","Dinant (Belgique)",,,,,"Belgique [d3ntxk30in--c94xo1un1ah3]",,
"place/FRAN_RI_005-d3m08zylcxf--17yr5fqicx9p","d3m08zylcxf--17yr5fqicx9p","Djakarta (Indonésie)",,,,,"Indonésie [d3ntxks14i-1gs8zt6228mrb]",,
"place/FRAN_RI_005-d3m08ziy4bh--1s13ivmshss2j","d3m08ziy4bh--1s13ivmshss2j","Domodossola (Italie)",,,,,"Italie [d3ntxku8g8--8c7e9zxf15do]",,
"place/FRAN_RI_005-d3m08yxm44i-17xygs2djwz53","d3m08yxm44i-17xygs2djwz53","Dompierre (Suisse)",,,,,"Suisse [d3ntxlqozz--1f3x6hvqucf3g]",,
"place/FRAN_RI_005-d3m08z112bo-fjjym82bi197","d3m08z112bo-fjjym82bi197","Dordrecht (Pays-Bas)",,,,,"Pays-Bas [d3ntxld6p3-1nlqlzrn1cur0]",,
"place/FRAN_RI_005-d3m08zjnabf-1f8cowtq54yom","d3m08zjnabf-1f8cowtq54yom","Dresde (Allemagne)",,,,,"Allemagne [d3ntxjxyl2-de3n2j7xfcc0]",,
"place/FRAN_RI_005-d3m08zdc2zb--1svwojogs079b","d3m08zdc2zb--1svwojogs079b","Dublin (Irlande)",,,,,"Irlande [d3ntxkt0ox-16bmp6ylm8933]",,
"place/FRAN_RI_005-d3m08yjnm9r--78xtbeei7cqv","d3m08yjnm9r--78xtbeei7cqv","Dubrovnik (Croatie)","Raguse (Croatie)",,,,"Croatie [d3ntxkesiu-1lezfchenk55s]",,
"place/FRAN_RI_005-d3m08z6gphy-64rayn03fot8","d3m08z6gphy-64rayn03fot8","Durham (Royaume-Uni)",,,,,"Royaume-Uni [d3ntxlh9hr-pry10srrczvg]",,
"place/FRAN_RI_005-d3m08yx4jv9-32knv836eb77","d3m08yx4jv9-32knv836eb77","Düsseldorf (Allemagne)",,,,,"Allemagne [d3ntxjxyl2-de3n2j7xfcc0]",,
"place/FRAN_RI_005-d3m08zzjft5--nq9yj3jvnpxh","d3m08zzjft5--nq9yj3jvnpxh","Ecosse (Royaume-Uni)",,,,,"Royaume-Uni [d3ntxlh9hr-pry10srrczvg]",,
"place/FRAN_RI_005-d3m08zjrz2s--17tfdcry6iuba","d3m08zjrz2s--17tfdcry6iuba","Ed Doura (Algérie)",,,,,"Algérie [d3ntxjxn5s-6kuyi0i46073]",,
"place/FRAN_RI_005-d3m08zw1o71-1t2bd56cvmqse","d3m08zw1o71-1t2bd56cvmqse","Edimbourg (Royaume-Uni)",,,,,"Royaume-Uni [d3ntxlh9hr-pry10srrczvg]",,
"place/FRAN_RI_005-d3m08yqp8rm--qs2r6pltiplu","d3m08yqp8rm--qs2r6pltiplu","Edirne (Turquie)","Andrinople (Turquie)",,,,"Turquie [d3ntxlyula-1qj2xqwyl4the]",,
"place/FRAN_RI_005-d3m08zgg2m2--3xhrh72vedi7","d3m08zgg2m2--3xhrh72vedi7","Eeckeren (Belgique)",,,,,"Belgique [d3ntxk30in--c94xo1un1ah3]",,
"place/FRAN_RI_005-d3m08zlfinh-zib72kbuz3de","d3m08zlfinh-zib72kbuz3de","Egine (Grèce)",,,,,"Grèce [d3ntxknnzd--1o618nl5gdmcb]",,
"place/FRAN_RI_005-d3m08zrbqtr-1zuwiynfio4m","d3m08zrbqtr-1zuwiynfio4m","Eichstätt (Allemagne)",,,,,"Allemagne [d3ntxjxyl2-de3n2j7xfcc0]",,
"place/FRAN_RI_005-d3m08z788o3-1jc9nxd33v3td","d3m08z788o3-1jc9nxd33v3td","Einsiedeln (Suisse)",,,,,"Suisse [d3ntxlqozz--1f3x6hvqucf3g]",,
"place/FRAN_RI_005-d3m08yj9rwv-1ufd6c7116qcm","d3m08yj9rwv-1ufd6c7116qcm","El Arrouch (Algérie)",,,,,"Algérie [d3ntxjxn5s-6kuyi0i46073]",,
"place/FRAN_RI_005-d-6v8pp6mbg--1hkhalqzbw8ui","d-6v8pp6mbg--1hkhalqzbw8ui","El Kala (Algérie)",,,,"El Kala (en arabe algérien : القالة, anciennement La Calle) est une commune de la wilaya d'El Tarf en Algérie. (Source : https://fr.wikipedia.org/wiki/El_Kala)","Algérie [d3ntxjxn5s-6kuyi0i46073]","http://www.wikidata.org/entity/Q3050005",
"place/FRAN_RI_005-d3m08zxbo3w--8xzjaoyy4edb","d3m08zxbo3w--8xzjaoyy4edb","El Malah (Algérie)",,,,,"Algérie [d3ntxjxn5s-6kuyi0i46073]",,
"place/FRAN_RI_005-d-1g86cjgio--1ge7hnjk77pmk","d-1g86cjgio--1ge7hnjk77pmk","El Menia (Algérie)",,,,"El Menia ou El Ménéa (anciennement El-Goléa) est une commune de la wilaya de Ghardaïa en Algérie située à 267 km au sud-ouest de Ghardaïa. (Source : https://fr.wikipedia.org/wiki/El_Menia) | GeoNames: https://www.geonames.org/2498305","Algérie [d3ntxjxn5s-6kuyi0i46073]","http://www.wikidata.org/entity/Q1324185","27/04/2020 : Lieu ajouté le [27/04/2020]"
"place/FRAN_RI_005-d3m08z1zy4g-zjhw0a6ve6dz","d3m08z1zy4g-zjhw0a6ve6dz","Emmerich am Rhein (Allemagne)",,,,,"Allemagne [d3ntxjxyl2-de3n2j7xfcc0]",,
"place/FRAN_RI_005-d3m08zdbvul-15jgqqk7za9ve","d3m08zdbvul-15jgqqk7za9ve","Emsworth (Royaume-Uni)",,,,,"Royaume-Uni [d3ntxlh9hr-pry10srrczvg]",,
"place/FRAN_RI_005-d3m08z7ok5t--rel140atx3w2","d3m08z7ok5t--rel140atx3w2","Erfurt (Allemagne)",,,,,"Allemagne [d3ntxjxyl2-de3n2j7xfcc0]",,
"place/FRAN_RI_005-d3m08yq9211-1mibo0qyhbk4g","d3m08yq9211-1mibo0qyhbk4g","Ering (Allemagne)",,,,,"Allemagne [d3ntxjxyl2-de3n2j7xfcc0]",,
"place/FRAN_RI_005-d3m08z0s32c--178zvhye0as2k","d3m08z0s32c--178zvhye0as2k","Ermatingen (Suisse)",,,,,"Suisse [d3ntxlqozz--1f3x6hvqucf3g]",,
"place/FRAN_RI_005-d3m08zq1ilf--cxe8t9zedo28","d3m08zq1ilf--cxe8t9zedo28","Essaouira (Maroc)","Mogador (Maroc)",,,,"Maroc [d3ntxl3s9o-18z3mton10zrv]",,
"place/FRAN_RI_005-d3m08zcopjz-16ibo7ayopcqb","d3m08zcopjz-16ibo7ayopcqb","Essen (Allemagne)",,,,,"Allemagne [d3ntxjxyl2-de3n2j7xfcc0]",,
"place/FRAN_RI_005-d5bdp90uqc-t86kzjopkxb4","d5bdp90uqc-t86kzjopkxb4","Etats du Levant (mandat français)",,,,"Territoires sous mandat français de 1920 à 1941, 1946 : Syrie, Liban",,,
"place/FRAN_RI_005-d3m08zkpe6t-uxnpisd3w61l","d3m08zkpe6t-uxnpisd3w61l","Eylau (Russie)",,,,,"Russie [d3ntxlhlzu--xk25nxgg86yz]",,
"place/FRAN_RI_005-d3m08yudpmx--1s9b2k4ub5lom","d3m08yudpmx--1s9b2k4ub5lom","Farnborough (Royaume-Uni)",,,,,"Royaume-Uni [d3ntxlh9hr-pry10srrczvg]",,
"place/FRAN_RI_005-d3m08z09a1i--1o5njkxmkr1d0","d3m08z09a1i--1o5njkxmkr1d0","Feltre (Italie)",,,,,"Italie [d3ntxku8g8--8c7e9zxf15do]",,
"place/FRAN_RI_005-d3m08z7pz9k--61vwzwncap2h","d3m08z7pz9k--61vwzwncap2h","Feluy (Belgique)",,,,,"Belgique [d3ntxk30in--c94xo1un1ah3]",,
"place/FRAN_RI_005-d3m08z5m4zn-1ml2qor95khvx","d3m08z5m4zn-1ml2qor95khvx","Ferdinandshof (Allemagne)",,,,,"Allemagne [d3ntxjxyl2-de3n2j7xfcc0]",,
"place/FRAN_RI_005-d3m08zkb568-1bpr028azgxd1","d3m08zkb568-1bpr028azgxd1","Fernan Nuñez (Espagne)",,,,,"Espagne [d3ntxkj150-14qdrjsm01noe]",,
"place/FRAN_RI_005-d3m08yqr7a5--1e5pzfbd0qivq","d3m08yqr7a5--1e5pzfbd0qivq","Ferrare (Italie)",,,,,"Italie [d3ntxku8g8--8c7e9zxf15do]",,
"place/FRAN_RI_005-d3m08ziloo1-1utprpin6obp","d3m08ziloo1-1utprpin6obp","Fiorenzuola d'Arda (Italie)",,,,,"Italie [d3ntxku8g8--8c7e9zxf15do]",,
"place/FRAN_RI_005-d3m08ytw6kf-xkq5cfthvasr","d3m08ytw6kf-xkq5cfthvasr","Flandre (Belgique)",,,,,"Belgique [d3ntxk30in--c94xo1un1ah3]",,
"place/FRAN_RI_005-d3m08zi0dbm-19vnvbsjgob2g","d3m08zi0dbm-19vnvbsjgob2g","Flandres (Belgique)",,,,,"Belgique [d3ntxk30in--c94xo1un1ah3]",,
"place/FRAN_RI_005-d3m08zqelma--1hm7ou1l0x1fr","d3m08zqelma--1hm7ou1l0x1fr","Flensbourg (Danemark)",,,,,"Danemark [d3ntxkfgvq--1ml7hma97e0bo]",,
"place/FRAN_RI_005-d3m08zs8pp2-8r0umck78sv9","d3m08zs8pp2-8r0umck78sv9","Flessingue (Pays-Bas)",,,,,"Pays-Bas [d3ntxld6p3-1nlqlzrn1cur0]",,
"place/FRAN_RI_005-d3ntxnbqum-qyfvgrvuew13","d3ntxnbqum-qyfvgrvuew13","Florence (Italie)",,,,,"Italie [d3ntxku8g8--8c7e9zxf15do]",,
"place/FRAN_RI_005-d-6462s7ja7-1tnhom6w361ep","d-6462s7ja7-1tnhom6w361ep","Florenville (Belgique)",,,,"Florenville (en gaumais Floravile) est une ville francophone de Belgique située en Région wallonne. (Source : https://fr.wikipedia.org/wiki/Florenville)","Belgique [d3ntxk30in--c94xo1un1ah3]","http://www.wikidata.org/entity/Q713300 | https://sws.geonames.org/2798272/","12/08/2020 : Lieu ajouté le [12/08/2020]"
"place/FRAN_RI_005-d3m08zdwyh9-1ipt3gkivvic0","d3m08zdwyh9-1ipt3gkivvic0","Fontanelle (Italie)",,,,,"Italie [d3ntxku8g8--8c7e9zxf15do]",,
"place/FRAN_RI_005-d3m08yx4389-18iy9q7vlu0ud","d3m08yx4389-18iy9q7vlu0ud","Forli (Italie)",,,,,"Italie [d3ntxku8g8--8c7e9zxf15do]",,
"place/FRAN_RI_005-d3m08z7lkep--cq7bxcymmyp5","d3m08z7lkep--cq7bxcymmyp5","Fornet (Espagne)",,,,,"Espagne [d3ntxkj150-14qdrjsm01noe]",,
"place/FRAN_RI_005-d3m08yxdttn-was3pqngdszm","d3m08yxdttn-was3pqngdszm","Francfort (Allemagne)",,,,,"Allemagne [d3ntxjxyl2-de3n2j7xfcc0]",,
"place/FRAN_RI_005-d3m08zlqlz1-qa19lcpkl1c3","d3m08zlqlz1-qa19lcpkl1c3","Francfort-sur-le-Main (Allemagne)",,,,,"Allemagne [d3ntxjxyl2-de3n2j7xfcc0]",,
"place/FRAN_RI_005-d3m08yk9i7s--4ibv0yv084hw","d3m08yk9i7s--4ibv0yv084hw","Francfort-sur-Oder (Allemagne)",,,,,"Allemagne [d3ntxjxyl2-de3n2j7xfcc0]",,
"place/FRAN_RI_005-d3m08zau77s-b1rxsvugdvvz","d3m08zau77s-b1rxsvugdvvz","Frascati (Italie)",,,,,"Italie [d3ntxku8g8--8c7e9zxf15do]",,
"place/FRAN_RI_005-d3m08zahv4p--13lio250wrloq","d3m08zahv4p--13lio250wrloq","Fribourg (Suisse)",,,,,"Suisse [d3ntxlqozz--1f3x6hvqucf3g]",,
"place/FRAN_RI_005-d3m08z8etdn-86irjmiiftxj","d3m08z8etdn-86irjmiiftxj","Funchal (Portugal)",,,,,"Portugal [d3ntxlekx7--1o2ff4b0v3ptu]",,
"place/FRAN_RI_005-d3m08zpimss-lxt0hfov55r1","d3m08zpimss-lxt0hfov55r1","Fuzhou (Chine)",,,,,"Chine [d3ntxkac5a-8e4epe80c9ko]",,
"place/FRAN_RI_005-d3m08zv5kme-x7nhba402c1x","d3m08zv5kme-x7nhba402c1x","Galati (Roumanie)",,,,,"Roumanie [d3ntxlgwk5--1es7xt1ruo381]",,
"place/FRAN_RI_005-d3ntxndivd-jucr8kq8hgi1","d3ntxndivd-jucr8kq8hgi1","Gand (Belgique)",,,,,"Belgique [d3ntxk30in--c94xo1un1ah3]",,
"place/FRAN_RI_005-d-658oouuh0-3uqiyya9ss20","d-658oouuh0-3uqiyya9ss20","Gardelegen (Allemagne)",,,,"Gardelegen est une ville allemande située dans l'arrondissement d'Altmark-Salzwedel de l'État (Land) de Saxe-Anhalt. Source : https://fr.wikipedia.org/wiki/Gardelegen)","Allemagne [d3ntxjxyl2-de3n2j7xfcc0]","http://www.wikidata.org/entity/Q492374 | https://sws.geonames.org/2922580/","12/08/2020 : Lieu ajouté le [12/08/2020]"
"place/FRAN_RI_005-d3m08zqfe54--1x8e8t5lmg91u","d3m08zqfe54--1x8e8t5lmg91u","Gdansk (Pologne)","Dantzig (Pologne)",,,,"Pologne [d3ntxle8f4--7cm271muwi1d]",,
"place/FRAN_RI_005-d3ntxne7g1-1lbj1k1cz4dsn","d3ntxne7g1-1lbj1k1cz4dsn","Gênes (Italie)",,,,,"Italie [d3ntxku8g8--8c7e9zxf15do]",,
"place/FRAN_RI_005-d3ntxneowl-14664lubz96s3","d3ntxneowl-14664lubz96s3","Genève (Suisse)",,,,,"Suisse [d3ntxlqozz--1f3x6hvqucf3g]",,
"place/FRAN_RI_005-d3m08zcpvjp--1wyv8kpn3pix8","d3m08zcpvjp--1wyv8kpn3pix8","Gérone (Espagne)",,,,,"Espagne [d3ntxkj150-14qdrjsm01noe]",,
"place/FRAN_RI_005-d-6x68lvvb5--ztrqo4x1skq7","d-6x68lvvb5--ztrqo4x1skq7","Ghazaouet (Algérie)",,,,"Ghazaouet ou Djemaa el Ghazaouet (anciennement Nemours pendant la colonisation française), est une commune algérienne de la wilaya de Tlemcen, proche de la frontière marocaine. (Source : https://fr.wikipedia.org/wiki/Ghazaouet)","Algérie [d3ntxjxn5s-6kuyi0i46073]","http://www.wikidata.org/entity/Q1521492",
"place/FRAN_RI_005-d3m08z0v76b--fpu5nmybzzob","d3m08z0v76b--fpu5nmybzzob","Gibraltar (Royaume-Uni)",,,,,"Royaume-Uni [d3ntxlh9hr-pry10srrczvg]",,
"place/FRAN_RI_005-d-66g47ja8l--gl4vtrm0dkdg","d-66g47ja8l--gl4vtrm0dkdg","Giessen (Allemagne)",,,,"Giessen (Gießen en allemand) est une ville universitaire d'Allemagne dans le centre du Land de Hesse. (Source : https://fr.wikipedia.org/wiki/Giessen_(Allemagne))","Allemagne [d3ntxjxyl2-de3n2j7xfcc0]","http://www.wikidata.org/entity/Q3874 | https://sws.geonames.org/2920512/","12/08/2020 : Lieu ajouté le [12/08/2020]"
"place/FRAN_RI_005-d3m08zdxepz--p9o9m9qn9gtb","d3m08zdxepz--p9o9m9qn9gtb","Gijon (Espagne)",,,,,"Espagne [d3ntxkj150-14qdrjsm01noe]",,
"place/FRAN_RI_005-d3m08yinayz--1h69d0mh6igh2","d3m08yinayz--1h69d0mh6igh2","Gondorf (Allemagne)",,,,,"Allemagne [d3ntxjxyl2-de3n2j7xfcc0]",,
"place/FRAN_RI_005-d3m08yvpjb6--1rug1s6b6jfpu","d3m08yvpjb6--1rug1s6b6jfpu","Göteborg (Suède)",,,,,"Suède [d3ntxlq5lk-k2xz4bd4dcxr]",,
"place/FRAN_RI_005-d3m08ziv2l2-xgigml4tn7tf","d3m08ziv2l2-xgigml4tn7tf","Göttingen (Allemagne)",,,,,"Allemagne [d3ntxjxyl2-de3n2j7xfcc0]",,
"place/FRAN_RI_005-d3m08ysh02g--19ggniny1n9ok","d3m08ysh02g--19ggniny1n9ok","Gouda (Pays-Bas)",,,,,"Pays-Bas [d3ntxld6p3-1nlqlzrn1cur0]",,
"place/FRAN_RI_005-d3m08z8lapn--1n0urqzy22cnn","d3m08z8lapn--1n0urqzy22cnn","Grenade (Espagne)",,,,,"Espagne [d3ntxkj150-14qdrjsm01noe]",,
"place/FRAN_RI_005-d3m09016lwy-fo52svkp12cz","d3m09016lwy-fo52svkp12cz","Grisons (Suisse)",,,,,"Suisse [d3ntxlqozz--1f3x6hvqucf3g]",,
"place/FRAN_RI_005-d5bdplyqzh-1cn2o5gv3sqo6","d5bdplyqzh-1cn2o5gv3sqo6","Groenland (Danemark)",,,,,"Danemark [d3ntxkfgvq--1ml7hma97e0bo]",,
"place/FRAN_RI_005-d3m08z0vgol--1p4mfj0nw4oy6","d3m08z0vgol--1p4mfj0nw4oy6","Gross Umstadt (Allemagne)",,,,,"Allemagne [d3ntxjxyl2-de3n2j7xfcc0]",,
"place/FRAN_RI_005-d3m08zqnxk0-1jn52ze41yeuz","d3m08zqnxk0-1jn52ze41yeuz","Guadalajara (Espagne)",,,,,"Espagne [d3ntxkj150-14qdrjsm01noe]",,
"place/FRAN_RI_005-d-700uys6a3-b6jpoit6r520","d-700uys6a3-b6jpoit6r520","Guelma (Algérie)",,,,"Guelma (en arabe ڨالمة , en berbère ⴳⴰⵍⵎⴰ), appelée autrefois Calama ou encore Malaca, est une commune de la wilaya de Guelma, dont elle est le chef-lieu, située à 60 km au sud-ouest d'Annaba, à 110 km à l'est de Constantine, à 60 km de la mer Méditerranée et à 150 km de la frontière tunisienne. (Source : https://fr.wikipedia.org/wiki/Guelma)","Algérie [d3ntxjxn5s-6kuyi0i46073]","http://www.wikidata.org/entity/Q609871",
"place/FRAN_RI_005-d3m08yj3yck--1tk7z0q2n5wep","d3m08yj3yck--1tk7z0q2n5wep","Hainaut (Belgique)",,,,,"Belgique [d3ntxk30in--c94xo1un1ah3]",,
"place/FRAN_RI_005-d3m08yv291y-r5r3np09xxxu","d3m08yv291y-r5r3np09xxxu","Hambourg (Allemagne)",,,,,"Allemagne [d3ntxjxyl2-de3n2j7xfcc0]",,
"place/FRAN_RI_005-d3m08ynrgkb--1h1fxrf6jcdhr","d3m08ynrgkb--1h1fxrf6jcdhr","Hanovre (Allemagne)",,,,,"Allemagne [d3ntxjxyl2-de3n2j7xfcc0]",,
"place/FRAN_RI_005-d5bdpcso1w--1g9kbndyd9tt2","d5bdpcso1w--1g9kbndyd9tt2","Hawaï (Etats-Unis)","Hawaii (Etats-Unis)",,,,"Etats-Unis [d5bdpnc6n8--6t8agr79pl90]",,
"place/FRAN_RI_005-d3m08zkma2t--19wo2f4ibcazl","d3m08zkma2t--19wo2f4ibcazl","Heemstede (Pays-Bas)",,,,,"Pays-Bas [d3ntxld6p3-1nlqlzrn1cur0]",,
"place/FRAN_RI_005-d3m08zrzu03-5jio1s5v8nwu","d3m08zrzu03-5jio1s5v8nwu","Heerlen (Pays-Bas)",,,,,"Pays-Bas [d3ntxld6p3-1nlqlzrn1cur0]",,
"place/FRAN_RI_005-d3m08z8v81g-1kyyz3n77gc2y","d3m08z8v81g-1kyyz3n77gc2y","Heidelberg (Allemagne)",,,,,"Allemagne [d3ntxjxyl2-de3n2j7xfcc0]",,
"place/FRAN_RI_005-d3m08zrtrbr-5pm1cls8us57","d3m08zrtrbr-5pm1cls8us57","Hensies (Belgique)",,,,,"Belgique [d3ntxk30in--c94xo1un1ah3]",,
"place/FRAN_RI_005-d3m08z1yvau--10b8e27ltb6wk","d3m08z1yvau--10b8e27ltb6wk","Héraklion (Grèce)",,,,,"Grèce [d3ntxknnzd--1o618nl5gdmcb]",,
"place/FRAN_RI_005-d3m08zx37v4--1snrodauxvp5k","d3m08zx37v4--1snrodauxvp5k","Hercaln (Allemagne)",,,,,"Allemagne [d3ntxjxyl2-de3n2j7xfcc0]",,
"place/FRAN_RI_005-d3m08zt6uk3--urxx1cczdhnr","d3m08zt6uk3--urxx1cczdhnr","Hereford (Royaume-Uni)",,,,,"Royaume-Uni [d3ntxlh9hr-pry10srrczvg]",,
"place/FRAN_RI_005-d3m08ze9yc1--t5imqkq1avwa","d3m08ze9yc1--t5imqkq1avwa","Herth (Allemagne)",,,,,"Allemagne [d3ntxjxyl2-de3n2j7xfcc0]",,
"place/FRAN_RI_005-d3m08zvk7i4-suauoprx628x","d3m08zvk7i4-suauoprx628x","Hesse (Allemagne)",,,,,"Allemagne [d3ntxjxyl2-de3n2j7xfcc0]",,
"place/FRAN_RI_005-d-67bfmjrvp-18rp7xlypkayn","d-67bfmjrvp-18rp7xlypkayn","Heuvelland (Belgique)",,,,"Heuvelland est une commune néerlandophone de Belgique située en Région flamande dans la province de Flandre-Occidentale. (Source : https://fr.wikipedia.org/wiki/Heuvelland_(commune)) | Wikidata: https://www.wikidata.org/wiki/Q822755","Belgique [d3ntxk30in--c94xo1un1ah3]","https://sws.geonames.org/6639684/","12/08/2020 : Lieu ajouté le [12/08/2020]"
"place/FRAN_RI_005-d3m08z90rp8-1gz04vorpqkbv","d3m08z90rp8-1gz04vorpqkbv","Holbach (Allemagne)",,,,,"Allemagne [d3ntxjxyl2-de3n2j7xfcc0]",,
"place/FRAN_RI_005-d3m08zpv9kx-5afolivikpg","d3m08zpv9kx-5afolivikpg","Hollande (Pays-Bas)",,,,,"Pays-Bas [d3ntxld6p3-1nlqlzrn1cur0]",,
"place/FRAN_RI_005-d3m08ywso0w--dyimxol964wv","d3m08ywso0w--dyimxol964wv","Honda (Colombie)",,,,,"Colombie [d3ntxkb515--w5y8z1zxeyvn]",,
"place/FRAN_RI_005-d3m0901skms-11m9osnz26chh","d3m0901skms-11m9osnz26chh","Husme (Allemagne)",,,,,"Allemagne [d3ntxjxyl2-de3n2j7xfcc0]",,
"place/FRAN_RI_005-d3m08zwesep-iod4ebhscfbq","d3m08zwesep-iod4ebhscfbq","Huy (Belgique)",,,,,"Belgique [d3ntxk30in--c94xo1un1ah3]",,
"place/FRAN_RI_005-d3m08yhqsce-hcn6qm359j0h","d3m08yhqsce-hcn6qm359j0h","Iasi (Moldavie)",,,,,"Moldavie [d3ntxl5sp2--1ljz837l5jke0]",,
"place/FRAN_RI_005-d3m08zo3acv--n41z1r40f3u8","d3m08zo3acv--n41z1r40f3u8","Idesheim (Allemagne)",,,,,"Allemagne [d3ntxjxyl2-de3n2j7xfcc0]",,
"place/FRAN_RI_005-d3ntxnlji7-1r88ngrf6qjoi","d3ntxnlji7-1r88ngrf6qjoi","Indochine française",,,,"Colonies et protectorats français : Annam, Cambodge, Laos, Tonkin Vietnam.",,,
"place/FRAN_RI_005-d3m08z378l0-jhu8ru220r1u","d3m08z378l0-jhu8ru220r1u","Iowa (Etats-Unis)",,,,,"Etats-Unis [d5bdpnc6n8--6t8agr79pl90]",,
"place/FRAN_RI_005-d3m08zg6rgv--118dch660cqop","d3m08zg6rgv--118dch660cqop","Iserlohn (Allemagne)",,,,,"Allemagne [d3ntxjxyl2-de3n2j7xfcc0]",,
"place/FRAN_RI_005-d3m08z82kuw--17hdslv2ckdau","d3m08z82kuw--17hdslv2ckdau","Ispahan (Iran)",,,,,"Iran [d3ntxksp1w--343euphulxpk]",,
"place/FRAN_RI_005-d3m08zf6el2-75zpmh2s8kdp","d3m08zf6el2-75zpmh2s8kdp","Istambul (Turquie)","Constantinople (Turquie)",,,,"Turquie [d3ntxlyula-1qj2xqwyl4the]",,
"place/FRAN_RI_005-d3m08yxhds3--e9266ud24k48","d3m08yxhds3--e9266ud24k48","Izmir (Turquie)",,,,,"Turquie [d3ntxlyula-1qj2xqwyl4the]",,
"place/FRAN_RI_005-d3m08znbqe7-iy0fmgp2sc13","d3m08znbqe7-iy0fmgp2sc13","Jacmel (Haïti)",,,,,"Haïti [d3ntxkpxgp--1v0m0nu0itvsu]",,
"place/FRAN_RI_005-d3m08z9mlny--19gvqpplekkjr","d3m08z9mlny--19gvqpplekkjr","Jefferson (Etats-Unis)",,,,,"Etats-Unis [d5bdpnc6n8--6t8agr79pl90]",,
"place/FRAN_RI_005-d3m08zh58lz--1nevee2fs5h07","d3m08zh58lz--1nevee2fs5h07","Jerez de la Frontera (Espagne)",,,,,"Espagne [d3ntxkj150-14qdrjsm01noe]",,
"place/FRAN_RI_005-d3m08zteqzs-who54grzw2xf","d3m08zteqzs-who54grzw2xf","Jijel (Algérie)","Gigéry (Algérie) | Djidjelli (Algérie)",,,,"Algérie [d3ntxjxn5s-6kuyi0i46073]",,
"place/FRAN_RI_005-d3m08zjbawp-taaxge7qkpwt","d3m08zjbawp-taaxge7qkpwt","Jutland (Danemark)",,,,,"Danemark [d3ntxkfgvq--1ml7hma97e0bo]",,
"place/FRAN_RI_005-d3m08z2fo82--1wl9dir26iol3","d3m08z2fo82--1wl9dir26iol3","Kairouan (Tunisie)",,,,,"Tunisie [d3ntxly60m--alytytl85l0a]",,
"place/FRAN_RI_005-d3m08yy9xsk-t9lx8x42dbjd","d3m08yy9xsk-t9lx8x42dbjd","Kaliningrad (Russie)",,,,,"Russie [d3ntxlhlzu--xk25nxgg86yz]",,
"place/FRAN_RI_005-d3m08zccznj-1fm9j7yd46rkh","d3m08zccznj-1fm9j7yd46rkh","Kampen (Pays-Bas)",,,,,"Pays-Bas [d3ntxld6p3-1nlqlzrn1cur0]",,
"place/FRAN_RI_005-d3m08ytoc41-1ebyruu0y8ktt","d3m08ytoc41-1ebyruu0y8ktt","Karlovy Vary (République Tchèque)",,,,,,,
"place/FRAN_RI_005-d3m08z6flvt--187zv21jh122z","d3m08z6flvt--187zv21jh122z","Karlsruhe (Allemagne)",,,,,"Allemagne [d3ntxjxyl2-de3n2j7xfcc0]",,
"place/FRAN_RI_005-d3m0901rmkb-u95v9pgloojp","d3m0901rmkb-u95v9pgloojp","Kaunas (Lituanie)",,,,,"Lituanie [d3ntxl0sx4-uuvy77ni56ar]",,
"place/FRAN_RI_005-d3m08zrcsgm-1pm3cn12qx57d","d3m08zrcsgm-1pm3cn12qx57d","Kazan (Russie)",,,,,"Russie [d3ntxlhlzu--xk25nxgg86yz]",,
"place/FRAN_RI_005-d3m08ytx3ue-12zm74aucxspr","d3m08ytx3ue-12zm74aucxspr","Kenmare (Irlande)",,,,,"Irlande [d3ntxkt0ox-16bmp6ylm8933]",,
"place/FRAN_RI_005-d3m08zc66tz-1kk3dqfqo63h9","d3m08zc66tz-1kk3dqfqo63h9","Kherson (Ukraine)",,,,,"Ukraine [d3ntxlzn9e--18rviijd4m2nf]",,
"place/FRAN_RI_005-d3m08yvpc6h-1g8hsdr05g6zq","d3m08yvpc6h-1g8hsdr05g6zq","Kiel (Allemagne)",,,,,"Allemagne [d3ntxjxyl2-de3n2j7xfcc0]",,
"place/FRAN_RI_005-d3m08zjbk0p-1sx1djlyudm39","d3m08zjbk0p-1sx1djlyudm39","Kiev (Ukraine)",,,,,"Ukraine [d3ntxlzn9e--18rviijd4m2nf]",,
"place/FRAN_RI_005-d3m08z2bply--pli51noatbj8","d3m08z2bply--pli51noatbj8","Kingston (Jamaïque)",,,,,"Jamaïque [d3ntxkuk3a--10nejkg023ek7]",,
"place/FRAN_RI_005-d3m08ztft0w--1gonmrgg4vndd","d3m08ztft0w--1gonmrgg4vndd","Kingston (Royaume-Uni)",,,,,"Royaume-Uni [d3ntxlh9hr-pry10srrczvg]",,
"place/FRAN_RI_005-d3m08zkbcp7-1tdoz0vk551i1","d3m08zkbcp7-1tdoz0vk551i1","Kingston upon Hull (Royaume-Uni)",,,,,"Royaume-Uni [d3ntxlh9hr-pry10srrczvg]",,
"place/FRAN_RI_005-d3m08zwy1o8--itk69w9asn5t","d3m08zwy1o8--itk69w9asn5t","Kirkmichael (Royaume-Uni)",,,,,"Royaume-Uni [d3ntxlh9hr-pry10srrczvg]",,
"place/FRAN_RI_005-d3m08zvkuha--13derxt7xicks","d3m08zvkuha--13derxt7xicks","Krasnoië Selo (Russie)",,,,,"Russie [d3ntxlhlzu--xk25nxgg86yz]",,
"place/FRAN_RI_005-d-1g86cjjww--1xq9ln6o4la1","d-1g86cjjww--1xq9ln6o4la1","La Chaux-de-Fonds (Suisse)",,,,"La Chaux-de-Fonds est une ville suisse du canton de Neuchâtel, située à environ 70 km au nord-ouest de Berne dans le massif du Jura, à 10 km de la frontière avec la France.(Source : https://fr.wikipedia.org/wiki/La_Chaux-de-Fonds )","Suisse [d3ntxlqozz--1f3x6hvqucf3g]","http://www.wikidata.org/entity/Q68124 | https://sws.geonames.org/7286240/","27/04/2020 : Lieu ajouté le [27/04/2020]"
"place/FRAN_RI_005-d3m08z96p85-1lba4gihzyuw","d3m08z96p85-1lba4gihzyuw","La Glâne (Suisse)",,,,,"Suisse [d3ntxlqozz--1f3x6hvqucf3g]",,
"place/FRAN_RI_005-d3m08z53kac-1g49itpzk12bh","d3m08z53kac-1g49itpzk12bh","La Havane (Cuba)",,,,,"Cuba [d3ntxkf4t6--1ytudbz8t9ae]",,
"place/FRAN_RI_005-d3m08zdo4rl--qhb4kmusudo1","d3m08zdo4rl--qhb4kmusudo1","La Haye (Pays-Bas)",,,,,"Pays-Bas [d3ntxld6p3-1nlqlzrn1cur0]",,
"place/FRAN_RI_005-d3m08yjzgj3-1h6fnvvabwwaa","d3m08yjzgj3-1h6fnvvabwwaa","Landau (Allemagne)",,,,,"Allemagne [d3ntxjxyl2-de3n2j7xfcc0]",,
"place/FRAN_RI_005-d-6834fi58i-1jhp74mexri5k","d-6834fi58i-1jhp74mexri5k","Langemark-Poelkapelle (Belgique)",,,,"Langemark-Poelkapelle est une commune néerlandophone de Belgique située en Région flamande dans la Province de Flandre-Occidentale. (Source : https://fr.wikipedia.org/wiki/Langemark-Poelkapelle)","Belgique [d3ntxk30in--c94xo1un1ah3]","http://www.wikidata.org/entity/Q735865 | https://sws.geonames.org/2793393/","12/08/2020 : Lieu ajouté le [12/08/2020]"
"place/FRAN_RI_005-d3m08yuzgfj-1bgexe6bkc70k","d3m08yuzgfj-1bgexe6bkc70k","La Nouvelle-Orléans (Etats-Unis)",,,,,"Etats-Unis [d5bdpnc6n8--6t8agr79pl90]",,
"place/FRAN_RI_005-d3m08zd00ei--ski7uygo8ie","d3m08zd00ei--ski7uygo8ie","La Tour-de-Trême (Suisse)",,,,,"Suisse [d3ntxlqozz--1f3x6hvqucf3g]",,
"place/FRAN_RI_005-d3m08z1k2h7--716vc5myhlb7","d3m08z1k2h7--716vc5myhlb7","Lausanne (Suisse)",,,,,"Suisse [d3ntxlqozz--1f3x6hvqucf3g]",,
"place/FRAN_RI_005-d3m08zbng6q-q82o5sygn87","d3m08zbng6q-q82o5sygn87","Le Caire (Egypte)",,,,,"Egypte [d5bdp2m9bi--7qyiku2nrvrt]",,
"place/FRAN_RI_005-d3m08zcr34g-h11cml73xnvy","d3m08zcr34g-h11cml73xnvy","Leeds (Royaume-Uni)",,,,,"Royaume-Uni [d3ntxlh9hr-pry10srrczvg]",,
"place/FRAN_RI_005-d3m08yjbiwf--1stp7q1yvc4z7","d3m08yjbiwf--1stp7q1yvc4z7","Leewarden (Pays-Bas)",,,,,"Pays-Bas [d3ntxld6p3-1nlqlzrn1cur0]",,
"place/FRAN_RI_005-d3m08z9d5rm-cuaoxayypy1t","d3m08z9d5rm-cuaoxayypy1t","Leicester (Royaume-Uni)",,,,,"Royaume-Uni [d3ntxlh9hr-pry10srrczvg]",,
"place/FRAN_RI_005-d3m08zp4335--182ke48rp6lm7","d3m08zp4335--182ke48rp6lm7","Leipzig (Allemagne)",,,,,"Allemagne [d3ntxjxyl2-de3n2j7xfcc0]",,
"place/FRAN_RI_005-d3m08zxq710--13z2fnl9rfvfd","d3m08zxq710--13z2fnl9rfvfd","Leith (Royaume-Uni)",,,,,"Royaume-Uni [d3ntxlh9hr-pry10srrczvg]",,
"place/FRAN_RI_005-d3m08yi9js6--1lvnm3zooxwfe","d3m08yi9js6--1lvnm3zooxwfe","Léogâne (Haïti)",,,,,"Haïti [d3ntxkpxgp--1v0m0nu0itvsu]",,
"place/FRAN_RI_005-d3m08zqnexp--1pfk3y50bcyr2","d3m08zqnexp--1pfk3y50bcyr2","Les Cayes (Haïti)",,,,,"Haïti [d3ntxkpxgp--1v0m0nu0itvsu]",,
"place/FRAN_RI_005-d3m08z9aec0-ahk5yq8ry7hp","d3m08z9aec0-ahk5yq8ry7hp","Les Ecasseys (Suisse)",,,,,"Suisse [d3ntxlqozz--1f3x6hvqucf3g]",,
"place/FRAN_RI_005-d3m08z8x8xk--1envxs8yjrpo4","d3m08z8x8xk--1envxs8yjrpo4","Lessines (Belgique)",,,,,"Belgique [d3ntxk30in--c94xo1un1ah3]",,
"place/FRAN_RI_005-d3m08ze8jmk--1x2wjjgyiaat","d3m08ze8jmk--1x2wjjgyiaat","Leyde (Pays-Bas)",,,,,"Pays-Bas [d3ntxld6p3-1nlqlzrn1cur0]",,
"place/FRAN_RI_005-d3ntxnysje--acvnk094fs14","d3ntxnysje--acvnk094fs14","Liège (Belgique)",,,,,"Belgique [d3ntxk30in--c94xo1un1ah3]",,
"place/FRAN_RI_005-d3m08yrnqp9-1b7qbmacg1qie","d3m08yrnqp9-1b7qbmacg1qie","Lierre (Belgique)",,,,,"Belgique [d3ntxk30in--c94xo1un1ah3]",,
"place/FRAN_RI_005-d3m08zfv35h--sjkd71gx5z8f","d3m08zfv35h--sjkd71gx5z8f","Ligny (Belgique)",,,,,"Belgique [d3ntxk30in--c94xo1un1ah3]",,
"place/FRAN_RI_005-d3m08ysujc1-1woax2c92hze1","d3m08ysujc1-1woax2c92hze1","Lima (Pérou)",,,,,"Pérou [d3ntxldijw-uft190sxh7am]",,
"place/FRAN_RI_005-d3m08zc6qn1-5dfqgdgrv5qk","d3m08zc6qn1-5dfqgdgrv5qk","Lisbonne (Portugal)",,,,,"Portugal [d3ntxlekx7--1o2ff4b0v3ptu]",,
"place/FRAN_RI_005-d3m08z57giv--1n3hvcynjoeof","d3m08z57giv--1n3hvcynjoeof","Livourne (Italie)",,,,,"Italie [d3ntxku8g8--8c7e9zxf15do]",,
"place/FRAN_RI_005-d3m08ynvyzi-1da1jxrdftaed","d3m08ynvyzi-1da1jxrdftaed","Llerena (Espagne)",,,,,"Espagne [d3ntxkj150-14qdrjsm01noe]",,
"place/FRAN_RI_005-d3m08zohugr-1kpd8vwgsep81","d3m08zohugr-1kpd8vwgsep81","Locarno (Suisse)",,,,,"Suisse [d3ntxlqozz--1f3x6hvqucf3g]",,
"place/FRAN_RI_005-d3m08zc9pln--7dc2eczxda0c","d3m08zc9pln--7dc2eczxda0c","Lodi (Italie)",,,,,"Italie [d3ntxku8g8--8c7e9zxf15do]",,
"place/FRAN_RI_005-d-5uqo7lnyq--vagcr27qd7je","d-5uqo7lnyq--vagcr27qd7je","Lodz (Pologne)",,,,"Łódź, parfois orthographiée Lodz en français, est la troisième plus grande ville de Pologne et le chef-lieu du powiat de Łódź-est et de la voïvodie de Łódź. (Source : https://fr.wikipedia.org/wiki/%C5%81%C3%B3d%C5%BA )","Pologne [d3ntxle8f4--7cm271muwi1d]","http://www.wikidata.org/entity/Q580 | https://sws.geonames.org/3093133/","12/08/2020 : Lieu ajouté le [12/08/2020]"
"place/FRAN_RI_005-d3m08zsp6c7-696rbgi8z012","d3m08zsp6c7-696rbgi8z012","Lombardie (Italie)",,,,,"Italie [d3ntxku8g8--8c7e9zxf15do]",,
"place/FRAN_RI_005-d3ntxo21l5--1llwpj4s4ec1i","d3ntxo21l5--1llwpj4s4ec1i","Londres (Royaume-Uni)",,,,,"Royaume-Uni [d3ntxlh9hr-pry10srrczvg]",,
"place/FRAN_RI_005-d3m08z4rqfa--r66ynqo29kn0","d3m08z4rqfa--r66ynqo29kn0","Looz (Belgique)",,,,,"Belgique [d3ntxk30in--c94xo1un1ah3]",,
"place/FRAN_RI_005-d3m090115tj--dx4ci4z5dfyc","d3m090115tj--dx4ci4z5dfyc","Lorette (Italie)",,,,,"Italie [d3ntxku8g8--8c7e9zxf15do]",,
"place/FRAN_RI_005-d5bdp7py95--1uhtnmrowggy3","d5bdp7py95--1uhtnmrowggy3","Los Angeles (Etats-Unis)",,,,,"Etats-Unis [d5bdpnc6n8--6t8agr79pl90]",,
"place/FRAN_RI_005-d3m08zroj5k--3qvsw07hyuft","d3m08zroj5k--3qvsw07hyuft","Louisbourg (Canada)",,,,,"Canada [d3ntxk8y4x-gtyf62ncokz4]",,
"place/FRAN_RI_005-d3m08za8n5m--5945frahi6c1","d3m08za8n5m--5945frahi6c1","Louisiane (Etats-Unis)",,,,,"Etats-Unis [d5bdpnc6n8--6t8agr79pl90]",,
"place/FRAN_RI_005-d3m08zuvqgo-d3zrwhm6plq7","d3m08zuvqgo-d3zrwhm6plq7","Louny (République Tchèque)",,,,,,,
"place/FRAN_RI_005-d3ntxo2py1-wfy4f0scfa9p","d3ntxo2py1-wfy4f0scfa9p","Louvain (Belgique)",,,,,"Belgique [d3ntxk30in--c94xo1un1ah3]",,
"place/FRAN_RI_005-d3m0900sk12-qmdet4lt6vp7","d3m0900sk12-qmdet4lt6vp7","Lübeck (Allemagne)",,,,,"Allemagne [d3ntxjxyl2-de3n2j7xfcc0]",,
"place/FRAN_RI_005-d3m08zcxtyq-eryxpkm0h6q0","d3m08zcxtyq-eryxpkm0h6q0","Lucknow (Inde)",,,,,"Inde [d3ntxkrkiz--1shnvwc1hre55]",,
"place/FRAN_RI_005-d3m08z4d9vq-oqcs9ttmmv1y","d3m08z4d9vq-oqcs9ttmmv1y","Lucques (Italie)",,,,,"Italie [d3ntxku8g8--8c7e9zxf15do]",,
"place/FRAN_RI_005-d3m08ym8bug--hnee0wuaga64","d3m08ym8bug--hnee0wuaga64","Lugwardine (Royaume-Uni)",,,,,"Royaume-Uni [d3ntxlh9hr-pry10srrczvg]",,
"place/FRAN_RI_005-d3m08z4pgtf--jlm8q6viyjbk","d3m08z4pgtf--jlm8q6viyjbk","Lunebourg (Allemagne)",,,,,"Allemagne [d3ntxjxyl2-de3n2j7xfcc0]",,
"place/FRAN_RI_005-d3m08zhfygn-ok1kilwdfkxz","d3m08zhfygn-ok1kilwdfkxz","Lützen (Allemagne)",,,,,"Allemagne [d3ntxjxyl2-de3n2j7xfcc0]",,
"place/FRAN_RI_005-d3m08ykg72r--8tm8f24arxx","d3m08ykg72r--8tm8f24arxx","Luxembourg (Luxembourg)",,,,,"Luxembourg [d3ntxl14ce-18c4jk8e6gn4a]",,
"place/FRAN_RI_005-d3m08ytoryh-1bz0gxmja8e10","d3m08ytoryh-1bz0gxmja8e10","Lviv (Ukraine)",,,,,"Ukraine [d3ntxlzn9e--18rviijd4m2nf]",,
"place/FRAN_RI_005-d3m08z7bq8z--13dc8k6gq3jl1","d3m08z7bq8z--13dc8k6gq3jl1","Lybourg (Allemagne)",,,,,"Allemagne [d3ntxjxyl2-de3n2j7xfcc0]",,
"place/FRAN_RI_005-d3m08ztx3rw-m7jfd3z9uf0z","d3m08ztx3rw-m7jfd3z9uf0z","Maastricht (Pays-Bas)",,,,,"Pays-Bas [d3ntxld6p3-1nlqlzrn1cur0]",,
"place/FRAN_RI_005-d3m08zfqphf-ayhf4njfvwsw","d3m08zfqphf-ayhf4njfvwsw","Macao (Chine)",,,,,"Chine [d3ntxkac5a-8e4epe80c9ko]",,
"place/FRAN_RI_005-d5bdpdorg9-1vix4hgjzi4xa","d5bdpdorg9-1vix4hgjzi4xa","Madère (Portugal)",,,,,"Portugal [d3ntxlekx7--1o2ff4b0v3ptu]",,
"place/FRAN_RI_005-d3ntxo7jgy--1pdiqd72lksmp","d3ntxo7jgy--1pdiqd72lksmp","Madrid (Espagne)",,,,,"Espagne [d3ntxkj150-14qdrjsm01noe]",,
"place/FRAN_RI_005-d3m08zlvjuf--1xdmaaml1ot5c","d3m08zlvjuf--1xdmaaml1ot5c","Magdebourg (Allemagne)",,,,,"Allemagne [d3ntxjxyl2-de3n2j7xfcc0]",,
"place/FRAN_RI_005-d3m08zb65fq--27y0oai2ih63","d3m08zb65fq--27y0oai2ih63","Mahon (Espagne)",,,,,"Espagne [d3ntxkj150-14qdrjsm01noe]",,
"place/FRAN_RI_005-d3m09008w3v-wslyaylwj55","d3m09008w3v-wslyaylwj55","Malabar (Inde)",,,,,"Inde [d3ntxkrkiz--1shnvwc1hre55]",,
"place/FRAN_RI_005-d3m08zm887l--1rk6dpljy0t7u","d3m08zm887l--1rk6dpljy0t7u","Malaga (Espagne)",,,,,"Espagne [d3ntxkj150-14qdrjsm01noe]",,
"place/FRAN_RI_005-d3m08zc8fnb-88lcg7lohm3h","d3m08zc8fnb-88lcg7lohm3h","Malesco (Italie)",,,,,"Italie [d3ntxku8g8--8c7e9zxf15do]",,
"place/FRAN_RI_005-d3m08yo36gr-1ns7sggljti71","d3m08yo36gr-1ns7sggljti71","Malines (Belgique)",,,,,"Belgique [d3ntxk30in--c94xo1un1ah3]",,
"place/FRAN_RI_005-d3m08zmq5ji-12xr7l3sjk5yb","d3m08zmq5ji-12xr7l3sjk5yb","Manchester (Royaume-Uni)",,,,,"Royaume-Uni [d3ntxlh9hr-pry10srrczvg]",,
"place/FRAN_RI_005-d3m08yrn1ci-1psf14ewkjyyf","d3m08yrn1ci-1psf14ewkjyyf","Manhattan (Etats-Unis)",,,,,"Etats-Unis [d5bdpnc6n8--6t8agr79pl90]",,
"place/FRAN_RI_005-d3m08zffc9c-tlx3ewxb8u0y","d3m08zffc9c-tlx3ewxb8u0y","Mannheim (Allemagne)",,,,,"Allemagne [d3ntxjxyl2-de3n2j7xfcc0]",,
"place/FRAN_RI_005-d3m08zrcfdz--5jzw797kkb04","d3m08zrcfdz--5jzw797kkb04","Mantoue (Italie)",,,,,"Italie [d3ntxku8g8--8c7e9zxf15do]",,
"place/FRAN_RI_005-d3m08zwg93g-6ib9j8byglu4","d3m08zwg93g-6ib9j8byglu4","Marblehead (Etats-Unis)",,,,,"Etats-Unis [d5bdpnc6n8--6t8agr79pl90]",,
"place/FRAN_RI_005-d3m08zq86nv--7prwb6hive1x","d3m08zq86nv--7prwb6hive1x","Mariquita (Colombie)",,,,,"Colombie [d3ntxkb515--w5y8z1zxeyvn]",,
"place/FRAN_RI_005-d3m08z6u6s8--1o3z9jjx45mje","d3m08z6u6s8--1o3z9jjx45mje","Martigny (Suisse)",,,,,"Suisse [d3ntxlqozz--1f3x6hvqucf3g]",,
"place/FRAN_RI_005-d3m08yvmtgl--d3a31aulkn1f","d3m08yvmtgl--d3a31aulkn1f","Mascara (Algérie)",,,,,"Algérie [d3ntxjxn5s-6kuyi0i46073]",,
"place/FRAN_RI_005-d3m08z9ap12--2tzduzirozhb","d3m08z9ap12--2tzduzirozhb","Maybole (Royaume-Uni)",,,,,"Royaume-Uni [d3ntxlh9hr-pry10srrczvg]",,
"place/FRAN_RI_005-d3m08z2ukm2-1azdh3ktxts5b","d3m08z2ukm2-1azdh3ktxts5b","Mayence (Allemagne)",,,,,"Allemagne [d3ntxjxyl2-de3n2j7xfcc0]",,
"place/FRAN_RI_005-d3m08zcgv3k-1k6w54rovt1jl","d3m08zcgv3k-1k6w54rovt1jl","Mecklembourg (Allemagne)",,,,,"Allemagne [d3ntxjxyl2-de3n2j7xfcc0]",,
"place/FRAN_RI_005-d3m08yterut--lolldo999o2l","d3m08yterut--lolldo999o2l","Medellin (Colombie)",,,,,"Colombie [d3ntxkb515--w5y8z1zxeyvn]",,
"place/FRAN_RI_005-d3m08ztb7fm-1spv9o11cpl06","d3m08ztb7fm-1spv9o11cpl06","Medina del Campo (Espagne)",,,,,"Espagne [d3ntxkj150-14qdrjsm01noe]",,
"place/FRAN_RI_005-d3m08zur3ol--fv9prr25wyi9","d3m08zur3ol--fv9prr25wyi9","Melfi (Italie)",,,,,"Italie [d3ntxku8g8--8c7e9zxf15do]",,
"place/FRAN_RI_005-d3m08z5j035--4ic9p7ify02p","d3m08z5j035--4ic9p7ify02p","Menin (Belgique)",,,,,"Belgique [d3ntxk30in--c94xo1un1ah3]",,
"place/FRAN_RI_005-d3m08znhc1a--18l0aadxi1k6o","d3m08znhc1a--18l0aadxi1k6o","Menznau (Suisse)",,,,,"Suisse [d3ntxlqozz--1f3x6hvqucf3g]",,
"place/FRAN_RI_005-d3m08z0erpz--b99ainrn6bu7","d3m08z0erpz--b99ainrn6bu7","Mesola (Italie)",,,,,"Italie [d3ntxku8g8--8c7e9zxf15do]",,
"place/FRAN_RI_005-d3m08z5g7v0-1blmbfp0hnc54","d3m08z5g7v0-1blmbfp0hnc54","Messine (Italie)",,,,,"Italie [d3ntxku8g8--8c7e9zxf15do]",,
"place/FRAN_RI_005-d3m08z56pzd--1u32zuritrryz","d3m08z56pzd--1u32zuritrryz","Messines (Belgique)",,,,,"Belgique [d3ntxk30in--c94xo1un1ah3]",,
"place/FRAN_RI_005-d3m08z0ank7-bzqrcgiwpsdf","d3m08z0ank7-bzqrcgiwpsdf","Mexico (Mexique)",,,,,"Mexique [d3ntxl5629--bz5leouyg7ju]",,
"place/FRAN_RI_005-d3m08z8165g--t1yi7p2ht3mz","d3m08z8165g--t1yi7p2ht3mz","Meyerbert (Suisse)",,,,,"Suisse [d3ntxlqozz--1f3x6hvqucf3g]",,
"place/FRAN_RI_005-d3m08zc0hmj--1cafb0kc2np8h","d3m08zc0hmj--1cafb0kc2np8h","Middlebourg (Pays-Bas)","Middelburg (Pays-Bas)",,,,"Pays-Bas [d3ntxld6p3-1nlqlzrn1cur0]",,
"place/FRAN_RI_005-d3m08z93rgc-1er782srom53i","d3m08z93rgc-1er782srom53i","Middlesex (Royaume-Uni)",,,,,"Royaume-Uni [d3ntxlh9hr-pry10srrczvg]",,
"place/FRAN_RI_005-d3m08zoxdfo--1ca9jvtcyjuim","d3m08zoxdfo--1ca9jvtcyjuim","Migiandone (Italie)",,,,,"Italie [d3ntxku8g8--8c7e9zxf15do]",,
"place/FRAN_RI_005-d3ntxoffsl-bita5njbvtxb","d3ntxoffsl-bita5njbvtxb","Milan (Italie)",,,,,"Italie [d3ntxku8g8--8c7e9zxf15do]",,
"place/FRAN_RI_005-d3m08zcwc36-pnhiys98jirr","d3m08zcwc36-pnhiys98jirr","Minden (Allemagne)",,,,,"Allemagne [d3ntxjxyl2-de3n2j7xfcc0]",,
"place/FRAN_RI_005-d3m08zndxmh--y6t3x68h748d","d3m08zndxmh--y6t3x68h748d","Minnesota (Etats-Unis)",,,,,"Etats-Unis [d5bdpnc6n8--6t8agr79pl90]",,
"place/FRAN_RI_005-d3m08zj7ns5--1ljlb5kzbipyd","d3m08zj7ns5--1ljlb5kzbipyd","Modène (Italie)",,,,,"Italie [d3ntxku8g8--8c7e9zxf15do]",,
"place/FRAN_RI_005-d3m08zvs6po--zqx22p7b1miz","d3m08zvs6po--zqx22p7b1miz","Molenbeek-Saint-Jean (Belgique)",,,,,"Belgique [d3ntxk30in--c94xo1un1ah3]",,
"place/FRAN_RI_005-d3m08zsf7tl--wlskvt6vmpri","d3m08zsf7tl--wlskvt6vmpri","Moncalieri (Italie)",,,,,"Italie [d3ntxku8g8--8c7e9zxf15do]",,
"place/FRAN_RI_005-d3m08zi98mc-1d29idwbhyf6o","d3m08zi98mc-1d29idwbhyf6o","Mondovi (Italie)",,,,,"Italie [d3ntxku8g8--8c7e9zxf15do]",,
"place/FRAN_RI_005-d3m08z4rhb9-1xmil9dyh9vp9","d3m08z4rhb9-1xmil9dyh9vp9","Mons (Belgique)",,,,,"Belgique [d3ntxk30in--c94xo1un1ah3]",,
"place/FRAN_RI_005-d3m08zby785--xel2qm7blzt0","d3m08zby785--xel2qm7blzt0","Montalcino (Italie)",,,,,"Italie [d3ntxku8g8--8c7e9zxf15do]",,
"place/FRAN_RI_005-d3m08zudevd-1hyp2hbcjkx0d","d3m08zudevd-1hyp2hbcjkx0d","Montbrillant (Allemagne)",,,,,"Allemagne [d3ntxjxyl2-de3n2j7xfcc0]",,
"place/FRAN_RI_005-d3m08zeokf8-12oico8028jb1","d3m08zeokf8-12oico8028jb1","Montevideo (Uruguay)",,,,,"Uruguay [d3ntxm0chb-1mwjmevisbc56]",,
"place/FRAN_RI_005-d3m08znqlzo-jwsg1lqttt0y","d3m08znqlzo-jwsg1lqttt0y","Montréal (Canada)",,,,,"Canada [d3ntxk8y4x-gtyf62ncokz4]",,
"place/FRAN_RI_005-d3m08zw77ut-15hgdmiql9vn3","d3m08zw77ut-15hgdmiql9vn3","Mont-Saint-Guibert (Belgique)",,,,,"Belgique [d3ntxk30in--c94xo1un1ah3]",,
"place/FRAN_RI_005-d3m08yhoblu-1gipjtk9e7pw5","d3m08yhoblu-1gipjtk9e7pw5","Montserrat (Espagne)",,,,,"Espagne [d3ntxkj150-14qdrjsm01noe]",,
"place/FRAN_RI_005-d3m08z6gid9--d45go6ksot13","d3m08z6gid9--d45go6ksot13","Moret (Suisse)",,,,,"Suisse [d3ntxlqozz--1f3x6hvqucf3g]",,
"place/FRAN_RI_005-d3m08zryxin-yymukcbc2ajh","d3m08zryxin-yymukcbc2ajh","Morges (Suisse)",,,,,"Suisse [d3ntxlqozz--1f3x6hvqucf3g]",,
"place/FRAN_RI_005-d3m08zwww2s-3u6f6ywtbdkw","d3m08zwww2s-3u6f6ywtbdkw","Morlanwelz-Mariemont (Belgique)",,,,,"Belgique [d3ntxk30in--c94xo1un1ah3]",,
"place/FRAN_RI_005-d3ntxoja6l-1o5s9ugpepepe","d3ntxoja6l-1o5s9ugpepepe","Moscou (Russie)",,,,,"Russie [d3ntxlhlzu--xk25nxgg86yz]",,
"place/FRAN_RI_005-d3m08z18jb7--16hbi2f3vn4uo","d3m08z18jb7--16hbi2f3vn4uo","Mostaganem (Algérie)",,,,,"Algérie [d3ntxjxn5s-6kuyi0i46073]",,
"place/FRAN_RI_005-d3m08zacyud--khadgiq7q5n2","d3m08zacyud--khadgiq7q5n2","Munich (Allemagne)",,,,,"Allemagne [d3ntxjxyl2-de3n2j7xfcc0]",,
"place/FRAN_RI_005-d3m08z5jpfv-3g9i0nn5kdhj","d3m08z5jpfv-3g9i0nn5kdhj","Munster (Allemagne)",,,,,"Allemagne [d3ntxjxyl2-de3n2j7xfcc0]",,
"place/FRAN_RI_005-d3m08z7y9yo--18qnf38byorql","d3m08z7y9yo--18qnf38byorql","Mustapha (Algérie)",,,,,"Algérie [d3ntxjxn5s-6kuyi0i46073]",,
"place/FRAN_RI_005-d3m08zl0dy0-ffm7h0uxshx5","d3m08zl0dy0-ffm7h0uxshx5","Namur (Belgique)",,,,,"Belgique [d3ntxk30in--c94xo1un1ah3]",,
"place/FRAN_RI_005-d3m08zxcg8g-dzls5zg33irl","d3m08zxcg8g-dzls5zg33irl","Naples (Italie)",,,,,"Italie [d3ntxku8g8--8c7e9zxf15do]",,
"place/FRAN_RI_005-d3m08zpm7y0-1uoqqq9r25ik5","d3m08zpm7y0-1uoqqq9r25ik5","Natal (Brésil)",,,,,"Brésil [d3ntxk6m2h--l8e0e4qh3ifr]",,
"place/FRAN_RI_005-d3m08zj5gjv-uyvyontnprhe","d3m08zj5gjv-uyvyontnprhe","Natchitoches (Etats-Unis)",,,,,"Etats-Unis [d5bdpnc6n8--6t8agr79pl90]",,
"place/FRAN_RI_005-d3m08ztwvge--prhfj1rbtzq5","d3m08ztwvge--prhfj1rbtzq5","Navarin (Grèce)",,,,,"Grèce [d3ntxknnzd--1o618nl5gdmcb]",,
"place/FRAN_RI_005-d3m08zzkxop--1j4aqurvq2lpp","d3m08zzkxop--1j4aqurvq2lpp","Neerwinden (Belgique)",,,,,"Belgique [d3ntxk30in--c94xo1un1ah3]",,
"place/FRAN_RI_005-d3m08zb13lq-p7xb9m7jc52q","d3m08zb13lq-p7xb9m7jc52q","Neuchâtel (Suisse)",,,,,"Suisse [d3ntxlqozz--1f3x6hvqucf3g]",,
"place/FRAN_RI_005-d3m08ym16cj-1tbtdm7yhtim4","d3m08ym16cj-1tbtdm7yhtim4","Neufchâteau (Belgique)",,,,,"Belgique [d3ntxk30in--c94xo1un1ah3]",,
"place/FRAN_RI_005-d3m08zapm0s--s6yr16vcfa4b","d3m08zapm0s--s6yr16vcfa4b","Neukirchen (Allemagne)",,,,,"Allemagne [d3ntxjxyl2-de3n2j7xfcc0]",,
"place/FRAN_RI_005-d3m08z30ixi-1l1urg0ong4wb","d3m08z30ixi-1l1urg0ong4wb","Neupont (Belgique)",,,,,"Belgique [d3ntxk30in--c94xo1un1ah3]",,
"place/FRAN_RI_005-d3m08zev9og-2m801mb1ijrm","d3m08zev9og-2m801mb1ijrm","New Jersey (Etats-Unis)",,,,,"Etats-Unis [d5bdpnc6n8--6t8agr79pl90]",,
"place/FRAN_RI_005-d5bdoyvfcn-1pmwibmo40tzt","d5bdoyvfcn-1pmwibmo40tzt","New York (Etats-Unis)",,,,,"Etats-Unis [d5bdpnc6n8--6t8agr79pl90]",,
"place/FRAN_RI_005-d3m08zk1dsc--iwoigwhlus62","d3m08zk1dsc--iwoigwhlus62","Niederlinxweiler (Allemagne)",,,,,"Allemagne [d3ntxjxyl2-de3n2j7xfcc0]",,
"place/FRAN_RI_005-d3m08yjw3b3-1enrwejnxtoa5","d3m08yjw3b3-1enrwejnxtoa5","Nieuport (Belgique)",,,,,"Belgique [d3ntxk30in--c94xo1un1ah3]",,
"place/FRAN_RI_005-d3m08yt1tl3-1xeuaw838fvuo","d3m08yt1tl3-1xeuaw838fvuo","Nimègue (Pays-Bas)",,,,,"Pays-Bas [d3ntxld6p3-1nlqlzrn1cur0]",,
"place/FRAN_RI_005-d3m08zwj5oh-pe9ad3cskpvd","d3m08zwj5oh-pe9ad3cskpvd","Nordstrand (Allemagne)",,,,,"Allemagne [d3ntxjxyl2-de3n2j7xfcc0]",,
"place/FRAN_RI_005-d3m08zwgu3b--6jw3yimg4za","d3m08zwgu3b--6jw3yimg4za","Northampton (Royaume-Uni)",,,,,"Royaume-Uni [d3ntxlh9hr-pry10srrczvg]",,
"place/FRAN_RI_005-d3m08yt66uw-nzoxeuq0g6e3","d3m08yt66uw-nzoxeuq0g6e3","Nouvelle France (1578-1763)",,"1578","1763",,,,
"place/FRAN_RI_005-d3m08zncxkp--sbc7sh47gfs9","d3m08zncxkp--sbc7sh47gfs9","Nuremberg (Allemagne)",,,,,"Allemagne [d3ntxjxyl2-de3n2j7xfcc0]",,
"place/FRAN_RI_005-d3m08zyuyro--ytv43mjg3ga7","d3m08zyuyro--ytv43mjg3ga7","Oberstedten (Allemagne)",,,,,"Allemagne [d3ntxjxyl2-de3n2j7xfcc0]",,
"place/FRAN_RI_005-d3m08yi43or-7cum1cd3yhos","d3m08yi43or-7cum1cd3yhos","Odessa (Ukraine)",,,,,"Ukraine [d3ntxlzn9e--18rviijd4m2nf]",,
"place/FRAN_RI_005-d3m08zwb5of-18nha49tclgg4","d3m08zwb5of-18nha49tclgg4","Offenbach-sur-le-Main (Allemagne)",,,,,"Allemagne [d3ntxjxyl2-de3n2j7xfcc0]",,
"place/FRAN_RI_005-d3m08z02spj--1nynfztft1or","d3m08z02spj--1nynfztft1or","Ohio (Etats-Unis)",,,,,"Etats-Unis [d5bdpnc6n8--6t8agr79pl90]",,
"place/FRAN_RI_005-d3m08yxy4q0--53f2f2fpgdib","d3m08yxy4q0--53f2f2fpgdib","Oldenbourg (Allemagne)",,,,,"Allemagne [d3ntxjxyl2-de3n2j7xfcc0]",,
"place/FRAN_RI_005-d3m08zs94r0--zbu1powq3z00","d3m08zs94r0--zbu1powq3z00","Oradea (Roumanie)",,,,,"Roumanie [d3ntxlgwk5--1es7xt1ruo381]",,
"place/FRAN_RI_005-d3m08z3p352-bocmremsw69","d3m08z3p352-bocmremsw69","Oran (Algérie)",,,,,"Algérie [d3ntxjxn5s-6kuyi0i46073]",,
"place/FRAN_RI_005-d3m08zohjrp--1qln2hrdl65c","d3m08zohjrp--1qln2hrdl65c","Ornavasso (Italie)",,,,,"Italie [d3ntxku8g8--8c7e9zxf15do]",,
"place/FRAN_RI_005-d-694e16w27-1dfn54o118pdm","d-694e16w27-1dfn54o118pdm","Oslo (Norvège)",,,,"Oslo est la capitale d'État de la Norvège. (Source : https://fr.wikipedia.org/wiki/Oslo)","Norvège [d3ntxl9v9z--nxz6o208s4yg]","http://www.wikidata.org/entity/Q585 | https://sws.geonames.org/3143244/","12/08/2020 : Lieu ajouté le [12/08/2020]"
"place/FRAN_RI_005-d3ntxoqfzq--8gtpx9b6ph13","d3ntxoqfzq--8gtpx9b6ph13","Ostende (Belgique)",,,,,"Belgique [d3ntxk30in--c94xo1un1ah3]",,
"place/FRAN_RI_005-d3m08ytxwd8-1f48f32qvytj6","d3m08ytxwd8-1f48f32qvytj6","Ottobiano (Italie)",,,,,"Italie [d3ntxku8g8--8c7e9zxf15do]",,
"place/FRAN_RI_005-d3m08zxh4ll-1timice5u2xca","d3m08zxh4ll-1timice5u2xca","Ottweiler (Allemagne)",,,,,"Allemagne [d3ntxjxyl2-de3n2j7xfcc0]",,
"place/FRAN_RI_005-d3m08yjcd0b--3d7zi8q43t5w","d3m08yjcd0b--3d7zi8q43t5w","Ouantre (Belgique)",,,,,"Belgique [d3ntxk30in--c94xo1un1ah3]",,
"place/FRAN_RI_005-d-72o6kxtbb-1ox6gtza4kck3","d-72o6kxtbb-1ox6gtza4kck3","Ouled Moussa (Algérie)",,,,"Ouled Moussa (أولاد موسى en arabe, Tizi Naïth Aïcha en kabyle, transcrit ⵜⵉⵣⵉ ⵏ ⴰⵜⵀ ⴰ̆ⵉⵛⴰ en Tifinagh ; Saint-Pierre-Saint-Paul pendant la colonisation française) est une commune de la wilaya de Boumerdès, dans la daïra de Khemis El Khechna, en Algérie.(Source : https://fr.wikipedia.org/wiki/Ouled_Moussa)","Algérie [d3ntxjxn5s-6kuyi0i46073]","http://www.wikidata.org/entity/Q3055250",
"place/FRAN_RI_005-d3m08zrultw-1fjloz8rh4xc5","d3m08zrultw-1fjloz8rh4xc5","Oxford (Royaume-Uni)",,,,,"Royaume-Uni [d3ntxlh9hr-pry10srrczvg]",,
"place/FRAN_RI_005-d-69s6f2xgn--7utvtfnc5hz3","d-69s6f2xgn--7utvtfnc5hz3","Paderborn (Allemagne)",,,,"Paderborn, est une ville d'Allemagne, située dans l'est du land de Rhénanie-du-Nord-Westphalie. (Source : https://fr.wikipedia.org/wiki/Paderborn )","Allemagne [d3ntxjxyl2-de3n2j7xfcc0]","http://www.wikidata.org/entity/Q2971 | https://sws.geonames.org/2855745/","12/08/2020 : Lieu ajouté le [12/08/2020]"
"place/FRAN_RI_005-d3m08zyua7g-w0lmdl3vhclw","d3m08zyua7g-w0lmdl3vhclw","Palatinat (Allemagne)",,,,,"Allemagne [d3ntxjxyl2-de3n2j7xfcc0]",,
"place/FRAN_RI_005-d3m08yjavj0--1lsktgfc68b6r","d3m08yjavj0--1lsktgfc68b6r","Palerme (Italie)",,,,,"Italie [d3ntxku8g8--8c7e9zxf15do]",,
"place/FRAN_RI_005-d3m08z40oad-1vpmgbt5pvp11","d3m08z40oad-1vpmgbt5pvp11","Pampelune (Espagne)",,,,,"Espagne [d3ntxkj150-14qdrjsm01noe]",,
"place/FRAN_RI_005-d3m08z7fna2--olaq58k37lj5","d3m08z7fna2--olaq58k37lj5","Parme (Italie)",,,,,"Italie [d3ntxku8g8--8c7e9zxf15do]",,
"place/FRAN_RI_005-d3m08yj5f1c-13y32pgqpn8yk","d3m08yj5f1c-13y32pgqpn8yk","Pavie (Italie)",,,,,"Italie [d3ntxku8g8--8c7e9zxf15do]",,
"place/FRAN_RI_005-d5bdp8hlx9--1vxjaeuq745s5","d5bdp8hlx9--1vxjaeuq745s5","Pays de l'Est","Bloc de l'Est",,,"Représentation politique qui englobe les pays d'Europe centrale et orientale sous domination soviétique depuis la fin de la Seconde Guerre mondiale jusqu'à la chute du système communiste soviétique, en 1989-1991 (EUROVOC).",,,
"place/FRAN_RI_005-d3m08yshebv-9mdlnehtf0aq","d3m08yshebv-9mdlnehtf0aq","Peckleton (Royaume-Uni)",,,,,"Royaume-Uni [d3ntxlh9hr-pry10srrczvg]",,
"place/FRAN_RI_005-d3m08yibec3-1hxjhgsa2ztjs","d3m08yibec3-1hxjhgsa2ztjs","Pékin (Chine)","Beijing (Chine)",,,,"Chine [d3ntxkac5a-8e4epe80c9ko]",,
"place/FRAN_RI_005-d3m0900zdn6-gm05llcpz51y","d3m0900zdn6-gm05llcpz51y","Philadelphie (Etats-Unis)",,,,,"Etats-Unis [d5bdpnc6n8--6t8agr79pl90]",,
"place/FRAN_RI_005-d3m08yivus5--1txib9jw0kjzr","d3m08yivus5--1txib9jw0kjzr","Piémont (Italie)",,,,,"Italie [d3ntxku8g8--8c7e9zxf15do]",,
"place/FRAN_RI_005-d-60h5dgvac--65z2t80sx76e","d-60h5dgvac--65z2t80sx76e","Pijpegale (Belgique)",,,,,"Belgique [d3ntxk30in--c94xo1un1ah3]","https://sws.geonames.org/2788969/","12/08/2020 : Lieu ajouté le [12/08/2020]"
"place/FRAN_RI_005-d3m08zeouq1--1ibixxqbzq2io","d3m08zeouq1--1ibixxqbzq2io","Pinerolo (Italie)",,,,,"Italie [d3ntxku8g8--8c7e9zxf15do]",,
"place/FRAN_RI_005-d3m08zpsc7d-6ywq6q2rxp9k","d3m08zpsc7d-6ywq6q2rxp9k","Piombino (Italie)",,,,,"Italie [d3ntxku8g8--8c7e9zxf15do]",,
"place/FRAN_RI_005-d3m08zqtrik--1b2nysjvhis1q","d3m08zqtrik--1b2nysjvhis1q","Pise (Italie)",,,,,"Italie [d3ntxku8g8--8c7e9zxf15do]",,
"place/FRAN_RI_005-d3m08zt17q8-1ggoauddkn73j","d3m08zt17q8-1ggoauddkn73j","Pistoia (Italie)",,,,,"Italie [d3ntxku8g8--8c7e9zxf15do]",,
"place/FRAN_RI_005-d3m08zp8oof-1sz6uolcfxiy3","d3m08zp8oof-1sz6uolcfxiy3","Plaisance (Italie)",,,,,"Italie [d3ntxku8g8--8c7e9zxf15do]",,
"place/FRAN_RI_005-d3m08zfdbri-s6x28a20w8hy","d3m08zfdbri-s6x28a20w8hy","Plymouth (Royaume-Uni)",,,,,"Royaume-Uni [d3ntxlh9hr-pry10srrczvg]",,
"place/FRAN_RI_005-d3m08zd13md--1nwln9aqjgg12","d3m08zd13md--1nwln9aqjgg12","Polotsk (Biélorussie)",,,,,"Biélorussie [d3ntxk4sr5-12txs5wjgb6lp]",,
"place/FRAN_RI_005-d3m08zan8gb--1dzrseyfrt3q3","d3m08zan8gb--1dzrseyfrt3q3","Pondichéry (Inde)",,,,,"Inde [d3ntxkrkiz--1shnvwc1hre55]",,
"place/FRAN_RI_005-d-6sv285rq1-10x362xny2dnb","d-6sv285rq1-10x362xny2dnb","Poperinge (Belgique)",,,,"Poperinge (Poperinghe en français) est une ville flamande de Belgique située en Région flamande dans la province de Flandre-Occidentale. (Source : https://fr.wikipedia.org/wiki/Poperinge)","Belgique [d3ntxk30in--c94xo1un1ah3]","http://www.wikidata.org/entity/Q499588 | https://sws.geonames.org/2788726/","12/08/2020 : Lieu ajouté le [12/08/2020]"
"place/FRAN_RI_005-d3m08yi8ovs--uvbgvg5s07mq","d3m08yi8ovs--uvbgvg5s07mq","Port-au-Prince (Haïti)",,,,,"Haïti [d3ntxkpxgp--1v0m0nu0itvsu]",,
"place/FRAN_RI_005-d3m08yjltp5-16hh0hz5aj5f7","d3m08yjltp5-16hh0hz5aj5f7","Porto (Portugal)",,,,,"Portugal [d3ntxlekx7--1o2ff4b0v3ptu]",,
"place/FRAN_RI_005-d3m08ztwn4x-1lq4ubletfa2a","d3m08ztwn4x-1lq4ubletfa2a","Portoferraio (Italie)",,,,,"Italie [d3ntxku8g8--8c7e9zxf15do]",,
"place/FRAN_RI_005-d3m08znj2ml-sb2nm43ef9ec","d3m08znj2ml-sb2nm43ef9ec","Potsdam (Allemagne)",,,,,"Allemagne [d3ntxjxyl2-de3n2j7xfcc0]",,
"place/FRAN_RI_005-d3m08zxausk-8s99isqo4fr","d3m08zxausk-8s99isqo4fr","Poznan (Pologne)",,,,,"Pologne [d3ntxle8f4--7cm271muwi1d]",,
"place/FRAN_RI_005-d3m08zqe4l1--sp2d6bsb25td","d3m08zqe4l1--sp2d6bsb25td","Prague (République Tchèque)",,,,,,,
"place/FRAN_RI_005-d3m08z98o4y--nzhgj03d2gd7","d3m08z98o4y--nzhgj03d2gd7","Preglia (Italie)",,,,,"Italie [d3ntxku8g8--8c7e9zxf15do]",,
"place/FRAN_RI_005-d3m08yvjwhb-9dy6187jbls4","d3m08yvjwhb-9dy6187jbls4","Princenhage (Pays-Bas)",,,,,"Pays-Bas [d3ntxld6p3-1nlqlzrn1cur0]",,
"place/FRAN_RI_005-d3m08ypu2v7-1irn9uii315ek","d3m08ypu2v7-1irn9uii315ek","Prum (Allemagne)",,,,,"Allemagne [d3ntxjxyl2-de3n2j7xfcc0]",,
"place/FRAN_RI_005-d3m08zfr5q5--ac1kum3ovuqj","d3m08zfr5q5--ac1kum3ovuqj","Puebla (Mexique)",,,,,"Mexique [d3ntxl5629--bz5leouyg7ju]",,
"place/FRAN_RI_005-d3ntxp3lkr--1bgzyf0vbrqry","d3ntxp3lkr--1bgzyf0vbrqry","Québec (Canada)",,,,,"Canada [d3ntxk8y4x-gtyf62ncokz4]",,
"place/FRAN_RI_005-d3ntxp48fc-1gnk0ca78d33z","d3ntxp48fc-1gnk0ca78d33z","Rabat (Maroc)",,,,,"Maroc [d3ntxl3s9o-18z3mton10zrv]",,
"place/FRAN_RI_005-d3m08z24qg7--1tge0nmcs8f22","d3m08z24qg7--1tge0nmcs8f22","Raguse (Italie)",,,,,"Italie [d3ntxku8g8--8c7e9zxf15do]",,
"place/FRAN_RI_005-d3m08zh0b4v-g35vludg4i42","d3m08zh0b4v-g35vludg4i42","Ratisbonne (Allemagne)",,,,,"Allemagne [d3ntxjxyl2-de3n2j7xfcc0]",,
"place/FRAN_RI_005-d3m08znrjnw--1a00gh8jmf0ut","d3m08znrjnw--1a00gh8jmf0ut","Reggio d'Emilie (Italie)",,,,,"Italie [d3ntxku8g8--8c7e9zxf15do]",,
"place/FRAN_RI_005-d3m08z4iehk-ie19bvao3z7p","d3m08z4iehk-ie19bvao3z7p","Reggio de Calabre (Italie)",,,,,"Italie [d3ntxku8g8--8c7e9zxf15do]",,
"place/FRAN_RI_005-d3m08z6y503--1sq8h6hhlyymu","d3m08z6y503--1sq8h6hhlyymu","Reichenbach (Allemagne)",,,,,"Allemagne [d3ntxjxyl2-de3n2j7xfcc0]",,
"place/FRAN_RI_005-d3m08zbmusm-1tq4svc8ugxr","d3m08zbmusm-1tq4svc8ugxr","Reus (Espagne)",,,,,"Espagne [d3ntxkj150-14qdrjsm01noe]",,
"place/FRAN_RI_005-d3m08zm6mdf-sa40azxftl30","d3m08zm6mdf-sa40azxftl30","Rheinweiler (Allemagne)",,,,,"Allemagne [d3ntxjxyl2-de3n2j7xfcc0]",,
"place/FRAN_RI_005-d5bdpq8c34--5ni4m5nxetku","d5bdpq8c34--5ni4m5nxetku","Rhénanie-Palatinat (Allemagne)",,,,,"Allemagne [d3ntxjxyl2-de3n2j7xfcc0]",,
"place/FRAN_RI_005-d3m08zp4ddy--y6dj78jmenff","d3m08zp4ddy--y6dj78jmenff","Rhodes (Grèce)",,,,,"Grèce [d3ntxknnzd--1o618nl5gdmcb]",,
"place/FRAN_RI_005-d3m08z8fhxu--whd4be4xnw5r","d3m08z8fhxu--whd4be4xnw5r","Rhodt (Allemagne)",,,,,"Allemagne [d3ntxjxyl2-de3n2j7xfcc0]",,
"place/FRAN_RI_005-d3m08yipm5w-15tazn5sktvz4","d3m08yipm5w-15tazn5sktvz4","Riga (Lettonie)",,,,,"Lettonie [d3ntxkym0w--dgz2ly2z4p4u]",,
"place/FRAN_RI_005-d3m08zhmikg--r5tb0aten522","d3m08zhmikg--r5tb0aten522","Rio de Janeiro (Brésil)",,,,,"Brésil [d3ntxk6m2h--l8e0e4qh3ifr]",,
"place/FRAN_RI_005-d3m08yiju6m-1v211h8f6qsam","d3m08yiju6m-1v211h8f6qsam","Roccatederighi (Italie)",,,,,"Italie [d3ntxku8g8--8c7e9zxf15do]",,
"place/FRAN_RI_005-d3ntxp6caw-udnctpnx3a0s","d3ntxp6caw-udnctpnx3a0s","Rome (Italie)",,,,,"Italie [d3ntxku8g8--8c7e9zxf15do]",,
"place/FRAN_RI_005-d3m08ymyjvi--ggriqueohalm","d3m08ymyjvi--ggriqueohalm","Ross (Royaume-Uni)",,,,,"Royaume-Uni [d3ntxlh9hr-pry10srrczvg]",,
"place/FRAN_RI_005-d3m08zfnb2n--slblj60iazpj","d3m08zfnb2n--slblj60iazpj","Rostock (Allemagne)",,,,,"Allemagne [d3ntxjxyl2-de3n2j7xfcc0]",,
"place/FRAN_RI_005-d3m08ziaqhw-16iu9y75zh90a","d3m08ziaqhw-16iu9y75zh90a","Rotterdam (Pays-Bas)",,,,,"Pays-Bas [d3ntxld6p3-1nlqlzrn1cur0]",,
"place/FRAN_RI_005-d3m08z0md2d--10zf9r9gl1hen","d3m08z0md2d--10zf9r9gl1hen","Routière (Belgique)",,,,,"Belgique [d3ntxk30in--c94xo1un1ah3]",,
"place/FRAN_RI_005-d5bdp4oc80-ca9td5cxkow6","d5bdp4oc80-ca9td5cxkow6","Ruhr (Allemagne)",,,,,"Allemagne [d3ntxjxyl2-de3n2j7xfcc0]",,
"place/FRAN_RI_005-d3m08znffi1-171dqtt7j6fqt","d3m08znffi1-171dqtt7j6fqt","Ryde (Royaume-Uni)",,,,,"Royaume-Uni [d3ntxlh9hr-pry10srrczvg]",,
"place/FRAN_RI_005-d3m08zvcwgj-38kqgwo6ezt","d3m08zvcwgj-38kqgwo6ezt","Sacra di San Michele (Italie)",,,,,"Italie [d3ntxku8g8--8c7e9zxf15do]",,
"place/FRAN_RI_005-d5bdpdhtm9--t6iknlnubjsq","d5bdpdhtm9--t6iknlnubjsq","Sahara occidental",,,,,,,
"place/FRAN_RI_005-d-5voi8nbvn-td8x5sfvvh0s","d-5voi8nbvn-td8x5sfvvh0s","Saïda (Algérie)",,,,"Saïda est une ville d'Algérie et chef-lieu de la wilaya de Saïda, située dans le nord-ouest de l'Algérie. (Source : https://fr.wikipedia.org/wiki/Sa%C3%AFda_(Alg%C3%A9rie))","Algérie [d3ntxjxn5s-6kuyi0i46073]","http://www.wikidata.org/entity/Q401452 | https://sws.geonames.org/2482572/","12/08/2020 : Lieu ajouté le [12/08/2020]"
"place/FRAN_RI_005-d3m08zpt9vl--kyejyht4eui0","d3m08zpt9vl--kyejyht4eui0","Saint-Andrews (Royaume-Uni)",,,,,"Royaume-Uni [d3ntxlh9hr-pry10srrczvg]",,
"place/FRAN_RI_005-d3m08zuu4mi-zozkl46ib9v","d3m08zuu4mi-zozkl46ib9v","Saint-Antelinckx (Belgique)",,,,,"Belgique [d3ntxk30in--c94xo1un1ah3]",,
"place/FRAN_RI_005-d3m08yhr1uo--4vrhnuiar6b7","d3m08yhr1uo--4vrhnuiar6b7","Saint-Gall (Suisse)",,,,,"Suisse [d3ntxlqozz--1f3x6hvqucf3g]",,
"place/FRAN_RI_005-d3m08ylyeww-1m7u7vh1k2rrj","d3m08ylyeww-1m7u7vh1k2rrj","Saint-Helens (Royaume-Uni)",,,,,"Royaume-Uni [d3ntxlh9hr-pry10srrczvg]",,
"place/FRAN_RI_005-d3m08zwosic-1xfjd5qe3l28m","d3m08zwosic-1xfjd5qe3l28m","Saint-Hubert (Belgique)",,,,,"Belgique [d3ntxk30in--c94xo1un1ah3]",,
"place/FRAN_RI_005-d3m08zfy6gy-1nep6eg17e0fc","d3m08zfy6gy-1nep6eg17e0fc","Saint-Jacques-de-Compostelle (Espagne)",,,,,"Espagne [d3ntxkj150-14qdrjsm01noe]",,
"place/FRAN_RI_005-d3m08ynqcy6--gvdq49nkxvj6","d3m08ynqcy6--gvdq49nkxvj6","Saint-Josse ten Noode (Belgique)",,,,,"Belgique [d3ntxk30in--c94xo1un1ah3]",,
"place/FRAN_RI_005-d3m08zghiwk--j8jdiaj8dewj","d3m08zghiwk--j8jdiaj8dewj","Saint-Louis (Etats-Unis)",,,,,"Etats-Unis [d5bdpnc6n8--6t8agr79pl90]",,
"place/FRAN_RI_005-d3m08z541pu-1h820qorduk9m","d3m08z541pu-1h820qorduk9m","Saint-Louis (Sénégal)",,,,,"Sénégal [d3ntxlm0fj--1uvyjh4y8ws6h]",,
"place/FRAN_RI_005-d3m08zha057-146r22on8r4xa","d3m08zha057-146r22on8r4xa","Saint-Peter Port (Royaume-Uni)",,,,,"Royaume-Uni [d3ntxlh9hr-pry10srrczvg]",,
"place/FRAN_RI_005-d3m08zmgbs1-ilqakc51ozen","d3m08zmgbs1-ilqakc51ozen","Saint-Pétersbourg (Russie)",,,,,"Russie [d3ntxlhlzu--xk25nxgg86yz]",,
"place/FRAN_RI_005-d3m08zwi971--vynt7vm9ie6o","d3m08zwi971--vynt7vm9ie6o","Saint-Sébastien (Espagne)",,,,,"Espagne [d3ntxkj150-14qdrjsm01noe]",,
"place/FRAN_RI_005-d3m08z67b6o--1i7op8f8elixc","d3m08z67b6o--1i7op8f8elixc","Salah Bouchaour (Algérie)","Gastonville (Algérie)",,,,"Algérie [d3ntxjxn5s-6kuyi0i46073]",,
"place/FRAN_RI_005-d3m08zpchcn--1fmpsfnr05qfd","d3m08zpchcn--1fmpsfnr05qfd","San Ildefonso (Espagne)",,,,,"Espagne [d3ntxkj150-14qdrjsm01noe]",,
"place/FRAN_RI_005-d3m08zkyilk--10blhbksad9c8","d3m08zkyilk--10blhbksad9c8","San Luis Potosi (Mexique)",,,,,"Mexique [d3ntxl5629--bz5leouyg7ju]",,
"place/FRAN_RI_005-d3m08ztj1hr-5w8ynhi1rm6m","d3m08ztj1hr-5w8ynhi1rm6m","Santander (Espagne)",,,,,"Espagne [d3ntxkj150-14qdrjsm01noe]",,
"place/FRAN_RI_005-d3m08zljpzd--ctnmaecn52ps","d3m08zljpzd--ctnmaecn52ps","Santiago (Chili)",,,,,"Chili [d3ntxk9zuy-1wj1xtjy4euzl]",,
"place/FRAN_RI_005-d3m08zuagpa-t8ri3newv39d","d3m08zuagpa-t8ri3newv39d","Santiago de Cuba (Cuba)",,,,,"Cuba [d3ntxkf4t6--1ytudbz8t9ae]",,
"place/FRAN_RI_005-d3m08yvp0ow--1pqj5zoyjzl9h","d3m08yvp0ow--1pqj5zoyjzl9h","Santona (Espagne)",,,,,"Espagne [d3ntxkj150-14qdrjsm01noe]",,
"place/FRAN_RI_005-d3m08zunfrj--tcjlslkg7w0c","d3m08zunfrj--tcjlslkg7w0c","Santos (Brésil)",,,,,"Brésil [d3ntxk6m2h--l8e0e4qh3ifr]",,
"place/FRAN_RI_005-d3m08z62i2f-8kiue48q6fys","d3m08z62i2f-8kiue48q6fys","Saragosse (Espagne)",,,,,"Espagne [d3ntxkj150-14qdrjsm01noe]",,
"place/FRAN_RI_005-d3m08zp7uyt--1pspcuqn8a2d5","d3m08zp7uyt--1pspcuqn8a2d5","Sardaigne (Italie)",,,,,"Italie [d3ntxku8g8--8c7e9zxf15do]",,
"place/FRAN_RI_005-d5bdpmzw3n-1krjh6jy7d7pa","d5bdpmzw3n-1krjh6jy7d7pa","Sarre (Allemagne)",,,,,"Allemagne [d3ntxjxyl2-de3n2j7xfcc0]",,
"place/FRAN_RI_005-d3m08yybwb3--zhkq7d5pml39","d3m08yybwb3--zhkq7d5pml39","Sarrebruck (Allemagne)",,,,,"Allemagne [d3ntxjxyl2-de3n2j7xfcc0]",,
"place/FRAN_RI_005-d3m08zwd1te-16lovshiwhmm","d3m08zwd1te-16lovshiwhmm","Sarrelouis (Allemagne)",,,,,"Allemagne [d3ntxjxyl2-de3n2j7xfcc0]",,
"place/FRAN_RI_005-d3m08yilt3f-176ayz0gta4eg","d3m08yilt3f-176ayz0gta4eg","Sautour (Belgique)",,,,,"Belgique [d3ntxk30in--c94xo1un1ah3]",,
"place/FRAN_RI_005-d3m08zlia34--uwdzwucwh126","d3m08zlia34--uwdzwucwh126","Savone (Italie)",,,,,"Italie [d3ntxku8g8--8c7e9zxf15do]",,
"place/FRAN_RI_005-d3m08zw70q4--y3w2m0dw4y2o","d3m08zw70q4--y3w2m0dw4y2o","Saxe (Allemagne)",,,,,"Allemagne [d3ntxjxyl2-de3n2j7xfcc0]",,
"place/FRAN_RI_005-d3m08z02h7y--17ne8em0hyg7b","d3m08z02h7y--17ne8em0hyg7b","Schiffweiler (Allemagne)",,,,,"Allemagne [d3ntxjxyl2-de3n2j7xfcc0]",,
"place/FRAN_RI_005-d3m08zeb3j8--x4zyxu391ay","d3m08zeb3j8--x4zyxu391ay","Schoten (Belgique)",,,,,"Belgique [d3ntxk30in--c94xo1un1ah3]",,
"place/FRAN_RI_005-d-6tl1ygll5-i7af7nsndmyw","d-6tl1ygll5-i7af7nsndmyw","Sedd el Bahr (Turquie)",,,,"Sedd el Bahr (Seddülbahir) est un village de la prvince de Çanakkale, Turquie. (Source : https://en.wikipedia.org/wiki/Sedd_el_Bahr)","Turquie [d3ntxlyula-1qj2xqwyl4the]","http://www.wikidata.org/entity/Q3893230 | https://sws.geonames.org/739909/","12/08/2020 : Lieu ajouté le [12/08/2020]"
"place/FRAN_RI_005-d3m08zodp47-eca82irq3owt","d3m08zodp47-eca82irq3owt","Seraing (Belgique)",,,,,"Belgique [d3ntxk30in--c94xo1un1ah3]",,
"place/FRAN_RI_005-d3m08yjcjqr-qqmkbcwto2u0","d3m08yjcjqr-qqmkbcwto2u0","Seravezza (Italie)",,,,,"Italie [d3ntxku8g8--8c7e9zxf15do]",,
"place/FRAN_RI_005-d3m08z0i265-120yt73p9ckgf","d3m08z0i265-120yt73p9ckgf","Serdobsk (Russie)",,,,,"Russie [d3ntxlhlzu--xk25nxgg86yz]",,
"place/FRAN_RI_005-d3ntxpf745-a3y33fjp6kfh","d3ntxpf745-a3y33fjp6kfh","Séville (Espagne)",,,,,"Espagne [d3ntxkj150-14qdrjsm01noe]",,
"place/FRAN_RI_005-d3m08z8t8c5-169bxlt5pamea","d3m08z8t8c5-169bxlt5pamea","Sicile (Italie)",,,,,"Italie [d3ntxku8g8--8c7e9zxf15do]",,
"place/FRAN_RI_005-d3m08zbok74--w9hkjai0rlkb","d3m08zbok74--w9hkjai0rlkb","Sidi Bel Abbès (Algérie)",,,,,"Algérie [d3ntxjxn5s-6kuyi0i46073]",,
"place/FRAN_RI_005-d3m08z5xx9o-l5id248uk33h","d3m08z5xx9o-l5id248uk33h","Sidi Brahim (Algérie)",,,,,"Algérie [d3ntxjxn5s-6kuyi0i46073]",,
"place/FRAN_RI_005-d3m08zyu32r--13vv5eac8x8y7","d3m08zyu32r--13vv5eac8x8y7","Sienne (Italie)",,,,,"Italie [d3ntxku8g8--8c7e9zxf15do]",,
"place/FRAN_RI_005-d3m08z6uyws--49a1fjnadczg","d3m08z6uyws--49a1fjnadczg","Sivry-Rance (Belgique)",,,,,"Belgique [d3ntxk30in--c94xo1un1ah3]",,
"place/FRAN_RI_005-d3m08z4l1kb--zgjpjqvr62fl","d3m08z4l1kb--zgjpjqvr62fl","Sjaelland (Danemark)",,,,,"Danemark [d3ntxkfgvq--1ml7hma97e0bo]",,
"place/FRAN_RI_005-d3m08ztijo0-1i97mol3akwdz","d3m08ztijo0-1i97mol3akwdz","Skikda (Algérie)","Philippeville (Algérie)",,,,"Algérie [d3ntxjxn5s-6kuyi0i46073]",,
"place/FRAN_RI_005-d3m08yn063x--17cid3favtxu1","d3m08yn063x--17cid3favtxu1","Soignies (Belgique)",,,,,"Belgique [d3ntxk30in--c94xo1un1ah3]",,
"place/FRAN_RI_005-d3m08ztn5nj--y4j34h1q0g3n","d3m08ztn5nj--y4j34h1q0g3n","Soleure (Suisse)",,,,,"Suisse [d3ntxlqozz--1f3x6hvqucf3g]",,
"place/FRAN_RI_005-d3m08ykeh9y--zadukp869zgv","d3m08ykeh9y--zadukp869zgv","Solférino (Italie)",,,,,"Italie [d3ntxku8g8--8c7e9zxf15do]",,
"place/FRAN_RI_005-d3m08z9irep--1byn7sbi3aa18","d3m08z9irep--1byn7sbi3aa18","Solre-Saint-Géry (Belgique)",,,,,"Belgique [d3ntxk30in--c94xo1un1ah3]",,
"place/FRAN_RI_005-d3m08ziqt9w--zuitbz9dqhpu","d3m08ziqt9w--zuitbz9dqhpu","Southampton (Royaume-Uni)",,,,,"Royaume-Uni [d3ntxlh9hr-pry10srrczvg]",,
"place/FRAN_RI_005-d3m08ykm47e--3fel5yrytmdt","d3m08ykm47e--3fel5yrytmdt","Spa (Belgique)",,,,,"Belgique [d3ntxk30in--c94xo1un1ah3]",,
"place/FRAN_RI_005-d3m08znk9t3--5ajrvfnf6dm1","d3m08znk9t3--5ajrvfnf6dm1","Spire (Allemagne)",,,,,"Allemagne [d3ntxjxyl2-de3n2j7xfcc0]",,
"place/FRAN_RI_005-d3m08z7j39w--sh71959bg2p5","d3m08z7j39w--sh71959bg2p5","Stockholm (Suède)",,,,,"Suède [d3ntxlq5lk-k2xz4bd4dcxr]",,
"place/FRAN_RI_005-d3m08z2u3ku-kh8pfwr9axf3","d3m08z2u3ku-kh8pfwr9axf3","Stuttgart (Allemagne)",,,,,"Allemagne [d3ntxjxyl2-de3n2j7xfcc0]",,
"place/FRAN_RI_005-d3m08zqoz6u--t49qxj2y3jrc","d3m08zqoz6u--t49qxj2y3jrc","Sune (Danemark)",,,,,"Danemark [d3ntxkfgvq--1ml7hma97e0bo]",,
"place/FRAN_RI_005-d3m08zxy4ni--mz6d9b9upsn2","d3m08zxy4ni--mz6d9b9upsn2","Surate (Inde)",,,,,"Inde [d3ntxkrkiz--1shnvwc1hre55]",,
"place/FRAN_RI_005-d3m08z9hq64-u08zrqlizdq9","d3m08z9hq64-u08zrqlizdq9","Suse (Italie)",,,,,"Italie [d3ntxku8g8--8c7e9zxf15do]",,
"place/FRAN_RI_005-d3m08zpcb0g-1cazinj53kzsr","d3m08zpcb0g-1cazinj53kzsr","Tanger (Maroc)",,,,,"Maroc [d3ntxl3s9o-18z3mton10zrv]",,
"place/FRAN_RI_005-d3m08z39glt--85nm18ffv72s","d3m08z39glt--85nm18ffv72s","Tarente (Italie)",,,,,"Italie [d3ntxku8g8--8c7e9zxf15do]",,
"place/FRAN_RI_005-d-6ueka2uig-bzsz5sjafbmw","d-6ueka2uig-bzsz5sjafbmw","Taza (Maroc)",,,,"Taza est une ville située au nord-est du Maroc dans le couloir de Taza, un col de montagne où les montagnes du Rif et du Moyen Atlas se rejoignent, chef-lieu de la province de Taza.(Source : https://fr.wikipedia.org/wiki/Taza)","Maroc [d3ntxl3s9o-18z3mton10zrv]","http://www.wikidata.org/entity/Q574469 | https://sws.geonames.org/2529317/","12/08/2020 : Lieu ajouté le [12/08/2020]"
"place/FRAN_RI_005-d3m08zqmpz8-1v5ymycr413mm","d3m08zqmpz8-1v5ymycr413mm","Tel Aviv (Israël)",,,,,"Israël [d3ntxktw5x--84skvc22nt6e]",,
"place/FRAN_RI_005-d3ntxpnz4j-r92d8ta6wc4g","d3ntxpnz4j-r92d8ta6wc4g","Territoires autonomes de Palestine","Jérusalem-Est | Cisjordanie | Bande de Gaza",,,,,,
"place/FRAN_RI_005-d3m08zxii49-67ulm5l1iua5","d3m08zxii49-67ulm5l1iua5","Thessalonique (Grèce)","Salonique (Grèce)",,,,"Grèce [d3ntxknnzd--1o618nl5gdmcb]",,
"place/FRAN_RI_005-d3m08zr6jg3-1cing9zvbtdkf","d3m08zr6jg3-1cing9zvbtdkf","Thurgovie (Suisse)",,,,,"Suisse [d3ntxlqozz--1f3x6hvqucf3g]",,
"place/FRAN_RI_005-d3m08za27eo--19rp5q1qaeziq","d3m08za27eo--19rp5q1qaeziq","Tipasa (Algérie)",,,,,"Algérie [d3ntxjxn5s-6kuyi0i46073]",,
"place/FRAN_RI_005-d3m08zdcev5--mwh3l29pusqr","d3m08zdcev5--mwh3l29pusqr","Tiraspol (Ukraine)",,,,,"Ukraine [d3ntxlzn9e--18rviijd4m2nf]",,
"place/FRAN_RI_005-d3m08ztk0cr-1qpa4xx1c5txy","d3m08ztk0cr-1qpa4xx1c5txy","Tlemcen (Algérie)",,,,,"Algérie [d3ntxjxn5s-6kuyi0i46073]",,
"place/FRAN_RI_005-d3ntxpqzc4-mryr8jt3k3ar","d3ntxpqzc4-mryr8jt3k3ar","Tokyo (Japon)",,,,,"Japon [d3ntxkuz6i-ibdx4bloxd1l]",,
"place/FRAN_RI_005-d3m08yie082--d56sy7uwm7f0","d3m08yie082--d56sy7uwm7f0","Torgau (Allemagne)",,,,,"Allemagne [d3ntxjxyl2-de3n2j7xfcc0]",,
"place/FRAN_RI_005-d3m08yvsjut-zx7whvka8mxz","d3m08yvsjut-zx7whvka8mxz","Toro (Espagne)",,,,,"Espagne [d3ntxkj150-14qdrjsm01noe]",,
"place/FRAN_RI_005-d3m08zs9y2c--1rnx2e1jh4zcg","d3m08zs9y2c--1rnx2e1jh4zcg","Tortone (Italie)",,,,,"Italie [d3ntxku8g8--8c7e9zxf15do]",,
"place/FRAN_RI_005-d3m0900q6gl-12pf7cip6cwgf","d3m0900q6gl-12pf7cip6cwgf","Tortosa (Espagne)",,,,,"Espagne [d3ntxkj150-14qdrjsm01noe]",,
"place/FRAN_RI_005-d3m0900tv66--12la5b7olm33o","d3m0900tv66--12la5b7olm33o","Torun (Pologne)",,,,,"Pologne [d3ntxle8f4--7cm271muwi1d]",,
"place/FRAN_RI_005-d3m08zok4v5-1wlaolk38ymc7","d3m08zok4v5-1wlaolk38ymc7","Toscane (Italie)",,,,,"Italie [d3ntxku8g8--8c7e9zxf15do]",,
"place/FRAN_RI_005-d3m08yzy0ds-1ck9vigijhzlc","d3m08yzy0ds-1ck9vigijhzlc","Tourinnes-la-Grosse (Belgique)",,,,,"Belgique [d3ntxk30in--c94xo1un1ah3]",,
"place/FRAN_RI_005-d3m08zswhds--dh9mzj2ug7sv","d3m08zswhds--dh9mzj2ug7sv","Tournai (Belgique)","Tournay (Belgique)",,,,"Belgique [d3ntxk30in--c94xo1un1ah3]",,
"place/FRAN_RI_005-d3m08yihsi0--gr14faq5t46m","d3m08yihsi0--gr14faq5t46m","Trèves (Allemagne)",,,,,"Allemagne [d3ntxjxyl2-de3n2j7xfcc0]",,
"place/FRAN_RI_005-d3m08yjhrwx--6dqe9slmwq5y","d3m08yjhrwx--6dqe9slmwq5y","Trévise (Italie)",,,,,"Italie [d3ntxku8g8--8c7e9zxf15do]",,
"place/FRAN_RI_005-d3m08ytcabq--lef7fwv4b3bd","d3m08ytcabq--lef7fwv4b3bd","Trieste (Italie)",,,,,"Italie [d3ntxku8g8--8c7e9zxf15do]",,
"place/FRAN_RI_005-d3ntxpsn1o--dgjisoz71gam","d3ntxpsn1o--dgjisoz71gam","Tunis (Tunisie)",,,,,"Tunisie [d3ntxly60m--alytytl85l0a]",,
"place/FRAN_RI_005-d3m08zge8un--qeerml5dupbg","d3m08zge8un--qeerml5dupbg","Turin (Italie)",,,,,"Italie [d3ntxku8g8--8c7e9zxf15do]",,
"place/FRAN_RI_005-d3m08z37t6l-1m0stclcu8dq6","d3m08z37t6l-1m0stclcu8dq6","Twickenham (Royaume-Uni)",,,,,"Royaume-Uni [d3ntxlh9hr-pry10srrczvg]",,
"place/FRAN_RI_005-d3m08ypkmyv--77dppz694otr","d3m08ypkmyv--77dppz694otr","Utrecht (Pays-Bas)",,,,,"Pays-Bas [d3ntxld6p3-1nlqlzrn1cur0]",,
"place/FRAN_RI_005-d3m08zog1hw-103qg6jfoafa5","d3m08zog1hw-103qg6jfoafa5","Val d'Aoste (Italie)",,,,,"Italie [d3ntxku8g8--8c7e9zxf15do]",,
"place/FRAN_RI_005-d3m08zqgel6-jm2khwp0rbdq","d3m08zqgel6-jm2khwp0rbdq","Val-de-Travers (Suisse)",,,,,"Suisse [d3ntxlqozz--1f3x6hvqucf3g]",,
"place/FRAN_RI_005-d3m08yimzvo--ukpj0f8okqe5","d3m08yimzvo--ukpj0f8okqe5","Valence (Espagne)",,,,,"Espagne [d3ntxkj150-14qdrjsm01noe]",,
"place/FRAN_RI_005-d3m0901mt1s--1arw114b8vyo8","d3m0901mt1s--1arw114b8vyo8","Valparaiso (Chili)",,,,,"Chili [d3ntxk9zuy-1wj1xtjy4euzl]",,
"place/FRAN_RI_005-d3m08ykewq5-90uxhxfngk9r","d3m08ykewq5-90uxhxfngk9r","Varsovie (Pologne)",,,,,"Pologne [d3ntxle8f4--7cm271muwi1d]",,
"place/FRAN_RI_005-d3m08ymz1p9--q8d2rw01o785","d3m08ymz1p9--q8d2rw01o785","Varzo (Italie)",,,,,"Italie [d3ntxku8g8--8c7e9zxf15do]",,
"place/FRAN_RI_005-d3m08yyxatm-m1enj27xwm64","d3m08yyxatm-m1enj27xwm64","Vaucelles (Belgique)",,,,,"Belgique [d3ntxk30in--c94xo1un1ah3]",,
"place/FRAN_RI_005-d-6vc9fq4ol-5ubjhw3pudih","d-6vc9fq4ol-5ubjhw3pudih","Vaudrevange (Allemagne)",,,,"Vaudrevange, en allemand Wallerfangen, est une commune en Sarre. (Source : https://fr.wikipedia.org/wiki/Vaudrevange)","Allemagne [d3ntxjxyl2-de3n2j7xfcc0]","http://www.wikidata.org/entity/Q665005 | https://sws.geonames.org/2814613/","12/08/2020 : Lieu ajouté le [12/08/2020]"
"place/FRAN_RI_005-d3m08zldy03-1sn97yjry3771","d3m08zldy03-1sn97yjry3771","Venise (Italie)",,,,,"Italie [d3ntxku8g8--8c7e9zxf15do]",,
"place/FRAN_RI_005-d3m08yqhuy6--d7u3hzsohg1x","d3m08yqhuy6--d7u3hzsohg1x","Veracruz (Mexique)",,,,,"Mexique [d3ntxl5629--bz5leouyg7ju]",,
"place/FRAN_RI_005-d3m08z8ml28--11xq2uq0t933w","d3m08z8ml28--11xq2uq0t933w","Verceil (Italie)","Vercelli (Italie)",,,,"Italie [d3ntxku8g8--8c7e9zxf15do]",,
"place/FRAN_RI_005-d3m08zfwhgo--101ybnvct6nx0","d3m08zfwhgo--101ybnvct6nx0","Vérone (Italie)",,,,,"Italie [d3ntxku8g8--8c7e9zxf15do]",,
"place/FRAN_RI_005-d3m08zozk9p--1bkk1qtn28svd","d3m08zozk9p--1bkk1qtn28svd","Vevey (Suisse)",,,,,"Suisse [d3ntxlqozz--1f3x6hvqucf3g]",,
"place/FRAN_RI_005-d3m08zj3baw-1nzo0api7cmau","d3m08zj3baw-1nzo0api7cmau","Vicence (Italie)",,,,,"Italie [d3ntxku8g8--8c7e9zxf15do]",,
"place/FRAN_RI_005-d3m08znebvw--zvzj1khwiail","d3m08znebvw--zvzj1khwiail","Vilnius (Lituanie)",,,,,"Lituanie [d3ntxl0sx4-uuvy77ni56ar]",,
"place/FRAN_RI_005-d3m08zgsep5--rg0veaf6rtp6","d3m08zgsep5--rg0veaf6rtp6","Vintimille (Italie)",,,,,"Italie [d3ntxku8g8--8c7e9zxf15do]",,
"place/FRAN_RI_005-d-6w5jpwuiw-17wdvfolqmb4y","d-6w5jpwuiw-17wdvfolqmb4y","Virton (Belgique)",,,,"Virton est une ville francophone de Belgique située en Région wallonne. (Source : https://fr.wikipedia.org/wiki/Virton)","Belgique [d3ntxk30in--c94xo1un1ah3]","http://www.wikidata.org/entity/Q456495 | https://sws.geonames.org/2784555/","12/08/2020 : Lieu ajouté le [12/08/2020]"
"place/FRAN_RI_005-d3m08z9ejok-d9hxoairqgun","d3m08z9ejok-d9hxoairqgun","Vitoria (Espagne)",,,,,"Espagne [d3ntxkj150-14qdrjsm01noe]",,
"place/FRAN_RI_005-d3m08zihyro-1gxecevzt97ip","d3m08zihyro-1gxecevzt97ip","Vonitsa (Grèce)",,,,,"Grèce [d3ntxknnzd--1o618nl5gdmcb]",,
"place/FRAN_RI_005-d3m08zz31xu--178aft18di0y5","d3m08zz31xu--178aft18di0y5","Warwick (Royaume-Uni)",,,,,"Royaume-Uni [d3ntxlh9hr-pry10srrczvg]",,
"place/FRAN_RI_005-d5bdpahzlu-19ui4glhd1ajk","d5bdpahzlu-19ui4glhd1ajk","Washington (Etats-Unis)",,,,,"Etats-Unis [d5bdpnc6n8--6t8agr79pl90]",,
"place/FRAN_RI_005-d3m08zpcp9v-ayu5nbkwcd5o","d3m08zpcp9v-ayu5nbkwcd5o","Wastines (Belgique)",,,,,"Belgique [d3ntxk30in--c94xo1un1ah3]",,
"place/FRAN_RI_005-d3m08zdgjtg-1iih66lvaqc4m","d3m08zdgjtg-1iih66lvaqc4m","Waterloo (Belgique)",,,,,"Belgique [d3ntxk30in--c94xo1un1ah3]",,
"place/FRAN_RI_005-d3m08yigzkx--14ma9ueh3h2ax","d3m08yigzkx--14ma9ueh3h2ax","Wavre (Belgique)",,,,,"Belgique [d3ntxk30in--c94xo1un1ah3]",,
"place/FRAN_RI_005-d3m08z9f3hn--12dvqlp0uqa90","d3m08z9f3hn--12dvqlp0uqa90","Weingarten (Allemagne)",,,,,"Allemagne [d3ntxjxyl2-de3n2j7xfcc0]",,
"place/FRAN_RI_005-d3m08zjew1x--103zkvkckycvb","d3m08zjew1x--103zkvkckycvb","Welford (Royaume-Uni)",,,,,"Royaume-Uni [d3ntxlh9hr-pry10srrczvg]",,
"place/FRAN_RI_005-d3m08ysyvta-oy87qbhec57k","d3m08ysyvta-oy87qbhec57k","Wesel (Allemagne)",,,,,"Allemagne [d3ntxjxyl2-de3n2j7xfcc0]",,
"place/FRAN_RI_005-d3m08zurcec--1lpp0r02z3rq0","d3m08zurcec--1lpp0r02z3rq0","Wexford (Irlande)",,,,,"Irlande [d3ntxkt0ox-16bmp6ylm8933]",,
"place/FRAN_RI_005-d3m08zn5k5j--14heta975nzia","d3m08zn5k5j--14heta975nzia","Wez-Velvain (Belgique)",,,,,"Belgique [d3ntxk30in--c94xo1un1ah3]",,
"place/FRAN_RI_005-d3m08zvgxg8-1587ae2xthg4f","d3m08zvgxg8-1587ae2xthg4f","Wiebelskirchen (Allemagne)",,,,,"Allemagne [d3ntxjxyl2-de3n2j7xfcc0]",,
"place/FRAN_RI_005-d3m08zcm6u4--t9jkdl327b8o","d3m08zcm6u4--t9jkdl327b8o","Wilmington (Etats-Unis)",,,,,"Etats-Unis [d5bdpnc6n8--6t8agr79pl90]",,
"place/FRAN_RI_005-d3m08zhelqh-1ixxbmzp6with","d3m08zhelqh-1ixxbmzp6with","Wilna (Pologne)",,,,,"Pologne [d3ntxle8f4--7cm271muwi1d]",,
"place/FRAN_RI_005-d3m08zdqfk8--1f161hdz7q55a","d3m08zdqfk8--1f161hdz7q55a","Woerden (Pays-Bas)",,,,,"Pays-Bas [d3ntxld6p3-1nlqlzrn1cur0]",,
"place/FRAN_RI_005-d3m08zpovta--qsvopyzjkjnw","d3m08zpovta--qsvopyzjkjnw","Woluwe-Saint-Lambert (Belgique)",,,,,"Belgique [d3ntxk30in--c94xo1un1ah3]",,
"place/FRAN_RI_005-d3m08zv7gd4--168rxl7dmcb6f","d3m08zv7gd4--168rxl7dmcb6f","Wurtemberg (Allemagne)",,,,,"Allemagne [d3ntxjxyl2-de3n2j7xfcc0]",,
"place/FRAN_RI_005-d3m08ywocc5-ped4qh72vuiv","d3m08ywocc5-ped4qh72vuiv","Wustweiler (Allemagne)",,,,,"Allemagne [d3ntxjxyl2-de3n2j7xfcc0]",,
"place/FRAN_RI_005-d3m08yni09q-fxoouyyq6d2i","d3m08yni09q-fxoouyyq6d2i","York (Royaume-Uni)",,,,,"Royaume-Uni [d3ntxlh9hr-pry10srrczvg]",,
"place/FRAN_RI_005-d3m08zonqen--14ouqr2tf4onk","d3m08zonqen--14ouqr2tf4onk","Ypres (Belgique)",,,,,"Belgique [d3ntxk30in--c94xo1un1ah3]",,
"place/FRAN_RI_005-d3m08zqc3oy-xmmfvz61t81m","d3m08zqc3oy-xmmfvz61t81m","Zaltbommel (Pays-Bas)",,,,,"Pays-Bas [d3ntxld6p3-1nlqlzrn1cur0]",,
"place/FRAN_RI_005-d3m0901teqn-1aujh9lvhfhej","d3m0901teqn-1aujh9lvhfhej","Zanzibar (Tanzanie)",,,,,"Tanzanie [d3ntxluvgk--1r1p1lp3igou1]",,
"place/FRAN_RI_005-d-6yikfq9hz-wsfy191em94x","d-6yikfq9hz-wsfy191em94x","Zonnebeke (Belgique)",,,,"Zonnebeke est une commune néerlandophone de Belgique située en Région flamande dans la province de Flandre-Occidentale. (Source : https://fr.wikipedia.org/wiki/Zonnebeke)","Belgique [d3ntxk30in--c94xo1un1ah3]","http://www.wikidata.org/entity/Q214154 | https://sws.geonames.org/2783184/","12/08/2020 : Lieu ajouté le [12/08/2020]"
"place/FRAN_RI_005-d3m08yzd2i9-icmsjn1f27jr","d3m08yzd2i9-icmsjn1f27jr","Zurich (Suisse)",,,,,"Suisse [d3ntxlqozz--1f3x6hvqucf3g]",,
"place/FRAN_RI_005-d3m08z0oibd-1mt9prn211hxv","d3m08z0oibd-1mt9prn211hxv","Zutphen (Pays-Bas)",,,,,"Pays-Bas [d3ntxld6p3-1nlqlzrn1cur0]",,
"place/FRAN_RI_005-d-6xexbgxfw--1iab3vcncpnj8","d-6xexbgxfw--1iab3vcncpnj8","Zwalin (Belgique)",,,,"Zwalin (nom néerlandais: Zwalm) est une commune néerlandophone de Belgique située en Région flamande, dans la province de Flandre-Orientale. (Source : https://fr.wikipedia.org/wiki/Zwalin) | Wikidata: https://www.wikidata.org/wiki/Q231568","Belgique [d3ntxk30in--c94xo1un1ah3]","https://sws.geonames.org/10860694/","12/08/2020 : Lieu ajouté le [12/08/2020]"