"URI (segment de base  http://data.archives-nationales.culture.gouv.fr/","Identifiant du lieu-dit dans la version du référentiel interne au SIA (RI_005)","Dénomination préférée (skos:prefLabel)","Dénominations alternatives (skos:altLabel)","Type de lieu (rico:hasOrHadPlaceType)","Description (rico:descriptiveNote)","Nom et id du lieu dans lequel le lieu-dit est situé","Lieux équivalents dans d’autres référentiels (owl:sameAs)","Notes sur les modifications effectuées pour ce lieu (skos:changeNote)"
"place/FRAN_RI_005-d-1g86bwwmw-1xu3dibfwfbej","d-1g86bwwmw-1xu3dibfwfbej","Annapes (Villeneuve-d’Ascq ; ancienne commune)","Annapes","ancienne commune française","Annappes est une ancienne commune du Nord de la France sur la Marque. Elle a fusionné en 1970 avec les communes d’Ascq et de Flers-lez-Lille pour créer la ville nouvelle de Villeneuve-d'Ascq. C’est aujourd’hui un quartier de la ville. (Source : https://fr.wikipedia.org/wiki/Annappes)","Villeneuve-d'Ascq (Nord) [d3ntnw3i5s--12f1vx4wulv6x]","http://www.wikidata.org/entity/Q2180094 | https://sws.geonames.org/3037551/","27/04/2020 : Lieu ajouté le [27/04/2020]"
"place/FRAN_RI_005-d-1g85l9z3w-1xafztsozdh6t","d-1g85l9z3w-1xafztsozdh6t","Auberge-Neuve (Peypin ; quartier)","Auberge Neuve | Auberge-Neuve","quartier","Auberge-Neuve est un quartier de Peypin (Source : https://fr.wikipedia.org/wiki/Peypin)","Peypin (Bouches-du-Rhône) [d3nte43tcg-o2ntrkor2mxm]",,"27/04/2020 : Lieu ajouté le [27/04/2020]"
"place/FRAN_RI_005-d-1g85gnr8g-1q5vymlp693h9","d-1g85gnr8g-1q5vymlp693h9","Bassompierre (Boulange ; ancienne commune)","Bassompierre","ancienne commune française","Bassompierre est un village et une ancienne commune de France située dans le département de la Moselle. Depuis 1812, le village fait partie de la commune de Boulange. (Source : https://fr.wikipedia.org/wiki/Bassompierre_(Moselle) )","Boulange (Moselle) [d3ntmo6i9e--1dpbgb0s2h11b]","http://www.wikidata.org/entity/Q21294278","27/04/2020 : Lieu ajouté le [27/04/2020]"
"place/FRAN_RI_005-d-57bir2eed--19uuyuyhzy62n","d-57bir2eed--19uuyuyhzy62n","Becléguer (Lannion ; lieu-dit)","Becléguer | Beg Léguer","lieu-dit","Becléguer est un lieu-dit situé dans la commune de Lannion","Lannion (Côtes-d'Armor) [d3ntfs29sy--1ajqxr8dbigpy]","https://sws.geonames.org/3033930/",
"place/FRAN_RI_005-d-6jurd6uw4-rctekr7gu3iv","d-6jurd6uw4-rctekr7gu3iv","Bécon-les-Bruyères (Hauts-de-Seine ; lieu-dit)","Bécon-les-Bruyères","lieu-dit","Bécon-les-Bruyères est un lieu-dit du département des Hauts-de-Seine regroupant des quartiers de trois communes, en banlieue de Paris : le quartier de Bécon (commune de Courbevoie) et le quartier des Bruyères (communes d’Asnières-sur-Seine et de Bois-Colombes). (Source : https://fr.wikipedia.org/wiki/B%C3%A9con-les-Bruy%C3%A8res )","Hauts-de-Seine (Ile-de-France, département) [d3ntb7xgvv-17sbqf1hi4qgj]","http://www.wikidata.org/entity/Q2929706",
"place/FRAN_RI_005-d-6t7g08aar--1lh55rzg74aaw","d-6t7g08aar--1lh55rzg74aaw","Belleville-sur-Bar (Belleville-et-Châtillon-sur-Bar ; ancienne commune)","Belleville-sur-Bar","ancienne commune française","Belleville-sur-Bar est une ancienne commune, elle fusionne avec la commune de Châtillon-sur-Bar, le 29 décembre 1974. | https://www.wikidata.org/wiki/Q16532109","Belleville-et-Châtillon-sur-Bar (Ardennes) [d3ntdhqk1i--1ugs15w7hi0qc]",,
"place/FRAN_RI_005-d-rffj0jzc--b0x2ejghzvlq","d-rffj0jzc--b0x2ejghzvlq","Bigny (Vallenay ; village)","Bigny","village","Bigny est un village de Vallenay (Source : https://fr.wikipedia.org/wiki/Vallenay)","Vallenay (Cher) [d3ntevyrci--1i9buqe310t3w]","https://sws.geonames.org/3032676/",
"place/FRAN_RI_005-d-1g85md1fo-2sfw5o8bvr01","d-1g85md1fo-2sfw5o8bvr01","Boyardville (Saint-Georges-d'Oléron ; village)","Boyardville","village","Boyardville est un village dépendant de la commune de Saint-Georges-d'Oléron, dans la partie orientale de l'île d'Oléron. Cette petite station balnéaire est également un port de pêche et de plaisance. (Source : https://fr.wikipedia.org/wiki/Boyardville)","Saint-Georges-d'Oléron (Charente-Maritime) [d3nteqxrmp-1kty6d4fbcebs]","http://www.wikidata.org/entity/Q2923003","27/04/2020 : Lieu ajouté le [27/04/2020]"
"place/FRAN_RI_005-d-6xegzrs0g--z9prokyw242r","d-6xegzrs0g--z9prokyw242r","Braux (Bogny-sur-Meuse ; ancienne commmune)","Braux","ancienne commune française","Braux est une localité de Bogny-sur-Meuse et une ancienne commune française, intégrée à Bogny sur Meuse en 1967.","Bogny-sur-Meuse (Ardennes) [d3ntdhzc9n-fxjspoc21c69]","http://www.wikidata.org/entity/Q18214214",
"place/FRAN_RI_005-d-1g85gkqd0-11vyxuyg73alp","d-1g85gkqd0-11vyxuyg73alp","Brolles (Bois-le-Roi ; lieu-dit)","Brolles","lieu-dit","Brolles est un lieu-dit de Bois-le-Roi. (Source : https://fr.wikipedia.org/wiki/Bois-le-Roi_(Seine-et-Marne)","Bois-le-Roi (Seine-et-Marne) [d3ntstu0eb-tanxifbi6tdf]","https://sws.geonames.org/3029940/","27/04/2020 : Lieu ajouté le [27/04/2020]"
"place/FRAN_RI_005-d-qk1bwytx-je4bpesxfpr3","d-qk1bwytx-je4bpesxfpr3","Brovès (Seillans ; ancienne commune)",,"ancienne commune française","Brovès est une ancienne commune française, située dans le département du Var en région Provence-Alpes-Côte d'Azur. La commune a été supprimée par un décret du 4 août 1970, lors de la création du camp militaire de Canjuers et son chef-lieu est devenu un hameau abandonné. Les habitants du village ont été relogés dans un nouveau site construit sur la commune voisine de Seillans, qui englobe désormais une partie de l'ancien territoire communal de Brovès. (Source : https://fr.wikipedia.org/wiki/Brov%C3%A8s)","Seillans (Var) [d3ntvoiddh-1kklqibv70y1a]","http://www.wikidata.org/entity/Q16534197 | https://sws.geonames.org/3029841/","13/08/2020 : Lieu ajouté le [13/08/2020]"
"place/FRAN_RI_005-d-1g86bfvo8--p9bhzt1y4xe2","d-1g86bfvo8--p9bhzt1y4xe2","Bure (Tressange ; ancienne commune)","Bure","ancienne commune française","Bure est un village et une ancienne commune française de Moselle en région Grand Est. (Source : https://fr.wikipedia.org/wiki/Bure_(Moselle))","Tressange (Moselle) [d3ntnhvene--kpe0jdzx290y]","http://www.wikidata.org/entity/Q14777395","27/04/2020 : Lieu ajouté le [27/04/2020]"
"place/FRAN_RI_005-d-58vqkf5co-1czxcetnstv4i","d-58vqkf5co-1czxcetnstv4i","Cantobre (Nant ; village)","Cantobre","village","Cantobre est un village de Nant (Source : https://fr.wikipedia.org/wiki/Nant)","Nant (Aveyron) [d3nte1qx56-18r0kqbpivpv8]","https://sws.geonames.org/3028766/",
"place/FRAN_RI_005-d-9poifrfxy-jolqv9ycu4cw","d-9poifrfxy-jolqv9ycu4cw","Caudéran (Bordeaux ; ancienne commune)","Caudéran","ancienne commune française","Caudéran est une ancienne commune de la Gironde formée autour du bourg de Saint-Amand au XIXe siècle, devenue en 1965 un quartier de Bordeaux. (Source : https://fr.wikipedia.org/wiki/Caud%C3%A9ran)","Bordeaux (Gironde) [d3nthgzjyg--1agu3t745d3a]","http://www.wikidata.org/entity/Q2943078 | https://sws.geonames.org/3028210/","12/08/2020 : Lieu ajouté le [12/08/2020]"
"place/FRAN_RI_005-d-424wv1pwy--acz71tzci4vp","d-424wv1pwy--acz71tzci4vp","Celliers (La Léchère ; ancienne commune)","Celliers","ancienne commune française","Celliers est une ancienne commune française du département de la Savoie. En 1972, la commune fusionne avec cinq autres communes pour former la commune de La Léchère. (Source : https://fr.wikipedia.org/wiki/Celliers) | Wikidata : https://www.wikidata.org/wiki/Q61939533 | GeoNames : https://www.geonames.org/3027981","La Léchère (Savoie) [d3ntsearsc-h2x1anrek04f]",,"12/08/2020 : Lieu ajouté le [12/08/2020]"
"place/FRAN_RI_005-d-35nu76u2g-ulv7d2fqbz3o","d-35nu76u2g-ulv7d2fqbz3o","Cerneux-Monnots (Bonnétage ; hameau)","Cerneux-Monnots","hameau",,"Bonnétage (Doubs) [d3ntg5lh8g--1sa4m4vkwsy7c]",,
"place/FRAN_RI_005-d-3q6ttt5qe-427xnvth44g6","d-3q6ttt5qe-427xnvth44g6","Chantemerle (Saint-Chaffrey ; hameau)","Chantemerle","hameau","Chantemerle est un hameau de Saint-Chaffrey (Source : https://fr.wikipedia.org/wiki/Chantemerle_(Hautes-Alpes)","Saint-Chaffrey (Hautes-Alpes) [d3ntdb3v6z-1oahm51d6mxnd]",,
"place/FRAN_RI_005-d-trshtve8--ssmmyq6aeeju","d-trshtve8--ssmmyq6aeeju","Chavignol (Sancerre ; ancienne commune)","Chavignol","ancienne commune française","Le village est rattaché à la commune de Sancerre depuis 1794. (Source : https://fr.wikipedia.org/wiki/Chavignol)","Sancerre (Cher) [d3ntevmyh9--uoa5lsr59yfd]",,
"place/FRAN_RI_005-d-35owozjw3--1jeswt4owyg22","d-35owozjw3--1jeswt4owyg22","Chazeuil (Varennes-sur-Allier ; village)","Chazeuil","village","Chazeuil est un village de Varennes-sur-Allier (Source : https://fr.wikipedia.org/wiki/Varennes-sur-Allier)","Varennes-sur-Allier (Allier) [d3ntd7b5yx-i6kru7oys0z1]","https://sws.geonames.org/3025662/",
"place/FRAN_RI_005-d-avfy3adst--106qbxd2trg85","d-avfy3adst--106qbxd2trg85","Curebourse (Saint-Clément, lieu-dit)","Curebourse","lieu-dit",,"Saint-Clément (Cantal) [d3ntehrra8-zqh2k4763pa2]",,
"place/FRAN_RI_005-d-9rlbv3ngm--axbqa69jkhkp","d-9rlbv3ngm--axbqa69jkhkp","Dantxaria (Ainhoa ; quartier)","Dantxaria","quartier","Dantxaria est un quartier dans la commune d'Ainhoa. Il est situé sur la zone frontalière (appelée xareta) entre le Labourd et la Navarre, et séparé du pont international de Dantxarinea. (Source : https://fr.wikipedia.org/wiki/Dantxaria)","Ainhoa (Pyrénées-Atlantiques) [d3ntpm7lzt-se0sgzotepdt]","http://www.wikidata.org/entity/Q12256083","12/08/2020 : Lieu ajouté le [12/08/2020]"
"place/FRAN_RI_005-d-1g86b93x8--1rcfv96w54pl2","d-1g86b93x8--1rcfv96w54pl2","Fargniers (Tergnier ; ancienne commune)","Fargniers","ancienne commune française","Fargniers est une commune associée de Tergnier et une ancienne commune française, située dans le département de l'Aisne en région Hauts-de-France. (Source :https://fr.wikipedia.org/wiki/Fargniers)","Tergnier (Aisne) [d3ntczvigl-1kb2n2huc6d51]","http://www.wikidata.org/entity/Q3066842","27/04/2020 : Lieu ajouté le [27/04/2020]"
"place/FRAN_RI_005-d-1g85ju8oo--lkaodi1y4ncv","d-1g85ju8oo--lkaodi1y4ncv","Flacé-lès-Mâcon (Mâcon ; ancienne commune)","Flacé-lès-Mâcon","ancienne commune française","Flacé-lès-Mâcon est une ancienne commune française du département de Saône-et-Loire en région Bourgogne-Franche-Comté. Elle est rattachée à la commune de Mâcon depuis 1965. (Source : https://fr.wikipedia.org/wiki/Flac%C3%A9-l%C3%A8s-M%C3%A2con)","Mâcon (Saône-et-Loire) [d3nts371wa-piar2u2v64bd]","http://www.wikidata.org/entity/Q26913061","27/04/2020 : Lieu ajouté le [27/04/2020]"
"place/FRAN_RI_005-d-c5xrprvw-jycio72ulii8","d-c5xrprvw-jycio72ulii8","Fontafie (Charente ; lieu-dit)","Fontafie","lieu-dit","Lieu-dit à cheval sur les communes de Genouillac et Nieuil (Source : https://fr.wikipedia.org/wiki/Fontafie)","Charente (Poitou-Charentes, département) [d3ntb7ewfo--1d14rhava075d]","http://www.wikidata.org/entity/Q15071890",
"place/FRAN_RI_005-d-2u7x74wa5-ir4abf5j5zow","d-2u7x74wa5-ir4abf5j5zow","Grand Piquey (Lège-Cap-Ferret ; village)","Gran Piquèir | Grand Piquey","village","Grand Piquey, ou Gran Piquèir en occitan gascon, est un des villages de la presqu'île du Cap Ferret, appartenant à la commune de Lège-Cap-Ferret, dans le bassin d'Arcachon. (Source : https://fr.wikipedia.org/wiki/Grand_Piquey )","Lège-Cap-Ferret (Gironde) [d3nthisgu5-1cod13ln9lck8]","http://www.wikidata.org/entity/Q3113709 | https://sws.geonames.org/3002766/","14/08/2020 : Lieu ajouté le [14/08/2020]"
"place/FRAN_RI_005-d-69qbu7p04-1hs4hw591zgch","d-69qbu7p04-1hs4hw591zgch","Grand-Vernoy (Allier ; lieu-dit)",,"lieu-dit",,"Allier (Auvergne, département) [d3ntb713cs-uv28hws58a4c]",,
"place/FRAN_RI_005-d-2so1ld078--j55ugqj3ntgp","d-2so1ld078--j55ugqj3ntgp","Javerlhac (Javerlhac-et-la-Chapelle-Saint-Robert ; village)","Javerlhac","village","Javerlhac est un village de Javerlhac-et-la-Chapelle-Saint-Robert depuis 1823. (Source : https://fr.wikipedia.org/wiki/Javerlhac-et-la-Chapelle-Saint-Robert)","Javerlhac-et-la-Chapelle-Saint-Robert (Dordogne) [d3ntg11olr-fudd7k0m1sut]",,
"place/FRAN_RI_005-d-8ajscv1ek--5o3rg0nhe4k2","d-8ajscv1ek--5o3rg0nhe4k2","Kérity (Paimpol ; ancienne commune)","Kérity","ancienne commune française","Kérity est une ancienne commune ayant fusionné en 1960 avec Plounez et Paimpol. (Source : https://fr.wikipedia.org/wiki/K%C3%A9rity)","Paimpol (Côtes-d'Armor) [d3ntfsomx3-1nvqniv4wo2rl]","http://www.wikidata.org/entity/Q3201134",
"place/FRAN_RI_005-d-86r7punkr--vnui7u49z0c1","d-86r7punkr--vnui7u49z0c1","Kermanach (Squiffiec ; hameau)","Kermanach","hameau",,"Squiffiec (Côtes-d'Armor) [d3ntfv4axc--1oirju3zaqia6]",,
"place/FRAN_RI_005-d-4rhl7jhq3--122vmmmujqeoi","d-4rhl7jhq3--122vmmmujqeoi","L'Arcouest (Ploubazlanec ; hameau)","L'Arcouest","hameau","L'Arcouest est un hameau de Ploubazlanex (Source : https://fr.wikipedia.org/wiki/Ploubazlanec)","Ploubazlanec (Côtes-d'Armor) [d3ntftjass-143kv3wsv8a9p]","https://sws.geonames.org/3007031/",
"place/FRAN_RI_005-d-60jaq96zr-16cx1hmo9dkzx","d-60jaq96zr-16cx1hmo9dkzx","L'Estaque (Marseille ; quartier)","L'Estaque","quartier","L'Estaque (en provençal L'Estaco) est un quartier du 16e arrondissement de Marseille, au nord-ouest de la ville. (Source : https://fr.wikipedia.org/wiki/L%27Estaque).","Marseille (Bouches-du-Rhône) [d3nte3xb8y--1j9n3wpuz3wyw]","http://www.wikidata.org/entity/Q1229951",
"place/FRAN_RI_005-d-9xudopc0h-qg6kzbc65hlk","d-9xudopc0h-qg6kzbc65hlk","L'Isle (Saint-Cast-le-Guildo ; quartier)","L'Isle","quartier","L'Isle est un quartier de Saint-Cast-le-Guildo (Source : https://fr.wikipedia.org/wiki/Saint-Cast-le-Guildo)","Saint-Cast-le-Guildo (Côtes-d'Armor) [d3ntfuabej-1ihr1hyu44xfs]","https://sws.geonames.org/2998128/",
"place/FRAN_RI_005-d-1g85jzye8-xm4dok6mhwov","d-1g85jzye8-xm4dok6mhwov","La Barasse (Marseille ; quartier)","La Barasse","quartier","La Barasse est un quartier du 11e arrondissement de Marseille. (Source : https://fr.wikipedia.org/wiki/La_Barasse )","Marseille (Bouches-du-Rhône) [d3nte3xb8y--1j9n3wpuz3wyw]","http://www.wikidata.org/entity/Q3206438","07/05/2020 : Lieu ajouté le [07/05/2020]"
"place/FRAN_RI_005-d-6uvhs8zpi--1rm3ahgr7wbmw","d-6uvhs8zpi--1rm3ahgr7wbmw","La Brague (Alpes-Maritimes ; lieu-dit)","La Brague","lieu-dit",,"Alpes-Maritimes (Provence-Alpes-Côte-d'Azur, département) [d3ntb72c6w--1c18qe82chlnk]","https://sws.geonames.org/2986957/",
"place/FRAN_RI_005-d-7c6g2u36c-1lcywl7v9nsgl","d-7c6g2u36c-1lcywl7v9nsgl","La Cluse (Montréal-la-Cluse ; quartier)",,"quartier",,"Montréal-la-Cluse (Ain) [d3ntcpwcrq--w252s0d9zqww]",,
"place/FRAN_RI_005-d-6qf8a09ro--4wxdh9lutk2e","d-6qf8a09ro--4wxdh9lutk2e","La Cotinière (Saint-Pierre-d'Oléron ; village)",,"village","La Cotinière est un village sur la côte ouest de l'île d'Oléron. Il fait partie de la commune de Saint-Pierre-d'Oléron. (Source : https://fr.wikipedia.org/wiki/La_Cotini%C3%A8re )","Saint-Pierre-d'Oléron (Charente-Maritime) [d3ntereol3-9yn0jzal1afk]","http://www.wikidata.org/entity/Q3207849","02/06/2020 : Lieu ajouté le [02/06/2020]"
"place/FRAN_RI_005-d-1g85k0gu4--abcsji4rb0vc","d-1g85k0gu4--abcsji4rb0vc","La Couronne (Martigues ; village)","La Couronne","village","La Couronne est un village à vocation balnéaire situé sur une section de la côte méditerranéenne appelée Côte Bleue et qui fait partie de la commune de Martigues dans le département des Bouches-du-Rhône en région Provence-Alpes-Côte d'Azur. (Source :https://fr.wikipedia.org/wiki/La_Couronne_(Bouches-du-Rh%C3%B4ne)","Martigues (Bouches-du-Rhône) [d3nte3xnbi--1cgefc755ukty]","http://www.wikidata.org/entity/Q943989","27/04/2020 : Lieu ajouté le [27/04/2020]"
"place/FRAN_RI_005-d-7xltm4vdd--sj5rzdj6m4it","d-7xltm4vdd--sj5rzdj6m4it","La Défense (Hauts-de-Seine ; quartier)","La Défense | Paris-La Défense | Quartier de La Défense","quartier","La Défense est situé en banlieue nord-ouest de Paris, dans le département des Hauts-de-Seine, sur les territoires des communes de Puteaux, Courbevoie, Nanterre et La Garenne-Colombes (Source : https://fr.wikipedia.org/wiki/La_D%C3%A9fense)","Hauts-de-Seine (Ile-de-France, département) [d3ntb7xgvv-17sbqf1hi4qgj]","http://www.wikidata.org/entity/Q987729 | https://sws.geonames.org/8504417/",
"place/FRAN_RI_005-d-6qxinqhyb-zar0rbl4m7nc","d-6qxinqhyb-zar0rbl4m7nc","La Hisse (Saint-Samson-sur-Rance ; village)","La Hisse","village","La Hisse est un village de Saint-Samson-sur-Rance (Source : https://fr.wikipedia.org/wiki/Saint-Samson-sur-Rance ) | Note : proche de http://www.geonames.org/3008728 (feature type : railway station).","Saint-Samson-sur-Rance (Côtes-d'Armor) [d3ntfuscgc--101fknj542g34]",,
"place/FRAN_RI_005-d-5h6qaggr7-il34cc624owf","d-5h6qaggr7-il34cc624owf","Lambézellec (Brest ; ancienne commune)","Lambézellec","ancienne commune française","Lambézellec est une ancienne commune du Finistère située au nord de Brest. Initialement paroisse de grande superficie, elle fut peu à peu grignotée par Brest avant de fusionner avec cette dernière le 28 avril 1945. Elle forme depuis cette date un quartier de la ville de Brest. (Source : https://fr.wikipedia.org/wiki/Lamb%C3%A9zellec)","Brest (Finistère) [d3ntgr4ggc--1qzt3ce5q7gwn]","http://www.wikidata.org/entity/Q3216701","12/08/2020 : Lieu ajouté le [12/08/2020]"
"place/FRAN_RI_005-d-1g85jjzh0--s8ve8doyhnyk","d-1g85jjzh0--s8ve8doyhnyk","La Palmyre (Les Mathes ; quartier)","La Palmyre | Le Clapet","quartier","La Palmyre est un quartier résidentiel et touristique dépendant de la commune des Mathes. (Source : https://fr.wikipedia.org/wiki/La_Palmyre)","Les Mathes (Charente-Maritime) [d3nteps8q3--1vp439wp2xam]","http://www.wikidata.org/entity/Q3211306 | https://sws.geonames.org/3225179/","27/04/2020 : Lieu ajouté le [27/04/2020]"
"place/FRAN_RI_005-d-atnzv51cq--1mmvt8ory3wzf","d-atnzv51cq--1mmvt8ory3wzf","La Valbarelle (Marseille ; quartier)","La Valbarelle","quartier","La Valbarelle est le nom d'un quartier de Marseille, dans le 11e arrondissement. (Source : https://fr.wikipedia.org/wiki/La_Valbarelle)","Marseille (Bouches-du-Rhône) [d3nte3xb8y--1j9n3wpuz3wyw]","http://www.wikidata.org/entity/Q3213414",
"place/FRAN_RI_005-d-2t70tla89--1lftimnsvaf9f","d-2t70tla89--1lftimnsvaf9f","Le Bois-Randenais (Brugheas ; hameau)",,"hameau","Le Bois-Randenais est un hameau de Brugheas (Source : https://fr.wikipedia.org/wiki/Brugheas)","Brugheas (Allier) [d3ntd1ipwv-v76cnobugwuf]",,
"place/FRAN_RI_005-d-6s4aer9js--xpks39ih4you","d-6s4aer9js--xpks39ih4you","Le Brusc (Six-Fours-les-Plages ; hameau)","Le Brusc","hameau","Le Brusc est un hameau de la commune de Six-Fours-les-Plages dans le Var. (Source : https://fr.wikipedia.org/wiki/Le_Brusc )","Six-Fours-les-Plages (Var) [d3ntvokacq--137e1n5j1m134]","http://www.wikidata.org/entity/Q3220647 | https://sws.geonames.org/3004943/",
"place/FRAN_RI_005-d-9sv1pkasv-uc3p7fice5jw","d-9sv1pkasv-uc3p7fice5jw","Le Dramont (Saint-Raphaël ; hameau)","Le Drammont | Le Dramont","hameau","Le Dramont est un hameau de Saint-Raphaël. Le cap du Dramont porte le principal sémaphore de la région, dans un site naturel préservé, où la flore est particulièrement riche. (Source : https://fr.wikipedia.org/wiki/Le_Dramont)","Saint-Raphaël (Var) [d3ntvoe6p5--jcka7ryhapdi]","http://www.wikidata.org/entity/Q2437004 | https://sws.geonames.org/3020842/","12/08/2020 : Lieu ajouté le [12/08/2020]"
"place/FRAN_RI_005-d-5eizib6bc-1b8ybcs41tlz","d-5eizib6bc-1b8ybcs41tlz","Le Gua (Aubin ; village)","Le Gua","village",,"Aubin (Aveyron) [d3ntdzxle0--6lh9te5prum0]","https://sws.geonames.org/3003895/",
"place/FRAN_RI_005-d-9zpojvkk2--f4gkydqia7kk","d-9zpojvkk2--f4gkydqia7kk","Le Guildo (Saint-Cast-le-Guildo ; quartier)","Le Guildo","quartier","Le Guildo est un quartier de Saint-Cast-le-Guildo (Source : https://fr.wikipedia.org/wiki/Saint-Cast-le-Guildo)","Saint-Cast-le-Guildo (Côtes-d'Armor) [d3ntfuabej-1ihr1hyu44xfs]","https://sws.geonames.org/3003869/",
"place/FRAN_RI_005-d-73mu51qar--4rm6jq08jjv0","d-73mu51qar--4rm6jq08jjv0","Le-Logis-du-Pin (La Martre ; lieu-dit)","Le-Logis-du-Pin","lieu-dit",,"La Martre (Var) [d3ntvnxs2c-pbm6b85ktvew]",,
"place/FRAN_RI_005-d-5jmtta8ah--1crwgn8nieni7","d-5jmtta8ah--1crwgn8nieni7","Le Mesnil-lès-Hurlus (Minaucourt-le-Mesnil-lès-Hurlus ; ancienne commune)","Le Mesnil-lès-Hurlus","ancienne commune française","Le Mesnil-lès-Hurlus est une ancienne commune du département de la Marne. Le village fut détruit pendant la Première Guerre mondiale. La commune fut officiellement supprimée en 1950, et son territoire rattaché à la commune voisine de Minaucourt, qui prit alors le nom de Minaucourt-le-Mesnil-lès-Hurlus pour perpétuer la mémoire du village disparu. (Source : https://fr.wikipedia.org/wiki/Le_Mesnil-l%C3%A8s-Hurlus)","Minaucourt-le-Mesnil-lès-Hurlus (Marne) [d3ntkr5kf5-186kprj85vyyw]","http://www.wikidata.org/entity/Q3224512","12/08/2020 : Lieu ajouté le [12/08/2020]"
"place/FRAN_RI_005-d-vt0csjs5--1akbqca7trr81","d-vt0csjs5--1akbqca7trr81","Le Moulleau (Arcachon ; quartier)","Le Moulleau","quartier","Le Moulleau est l'un des quartiers d'Arcachon. Le Moulleau est situé au sud-ouest de la commune d'Arcachon, en bordure du Bassin et limitrophe, sans rupture d'urbanisation, du Pyla-sur-Mer. (Source : https://fr.wikipedia.org/wiki/Le_Moulleau )","Arcachon (Gironde) [d3nthgewhp--1s7u5m697pp6t]","http://www.wikidata.org/entity/Q3224821 | https://sws.geonames.org/3003191/","13/08/2020 : Lieu ajouté le [13/08/2020]"
"place/FRAN_RI_005-d-1g85ite2c-yhgl94lakmpj","d-1g85ite2c-yhgl94lakmpj","Le Petit Paris (Jouy-le-Châtel ; hameau)","Le Petit Paris","hameau","Le Petit Paris est un hameaud de Jouy-le-Châtel. (Source : https://fr.wikipedia.org/wiki/Jouy-le-Ch%C3%A2tel)","Jouy-le-Châtel (Seine-et-Marne) [d3nttfm9qg--nb8ory8mr451]",,"27/04/2020 : Lieu ajouté le [27/04/2020]"
"place/FRAN_RI_005-d-1g85fzh8k--6kpfta565uw8","d-1g85fzh8k--6kpfta565uw8","Le Sambuc (Arles ; village)","Le Sambuc","village","Le Sambuc est un village appartenant à la commune d'Arles, dans les Bouches-du-Rhône. (Source : https://fr.wikipedia.org/wiki/Le_Sambuc_(Arles) )","Arles (Bouches-du-Rhône) [d3nte3aba9--1a6jyiejqd237]","http://www.wikidata.org/entity/Q1810170","27/04/2020 : Lieu ajouté le [27/04/2020]"
"place/FRAN_RI_005-d-wuzbx196-3h5t2p5d7xom","d-wuzbx196-3h5t2p5d7xom","Les Goudes (Marseille ; quartier)","Les Goudes","quartier","Les Goudes (Lei Goudo, en provençal) est un quartier et un port de Marseille du 8e arrondissement de Marseille, à la porte sud de la ville et du parc national des Calanques. (Source : https://fr.wikipedia.org/wiki/Les_Goudes)","Marseille (Bouches-du-Rhône) [d3nte3xb8y--1j9n3wpuz3wyw]","http://www.wikidata.org/entity/Q166827 | https://sws.geonames.org/3000864/","13/08/2020 : Lieu ajouté le [13/08/2020]"
"place/FRAN_RI_005-d-7nnq068e8-n7ls8jf4t6fl","d-7nnq068e8-n7ls8jf4t6fl","Les Grandes-Dalles (Saint-Pierre-en-Port ; hameau)","Les Grandes-Dalles","hameau",,"Saint-Pierre-en-Port (Seine-Maritime) [d3ntsql10f--w0l4jsfk143r]","https://sws.geonames.org/3000839/",
"place/FRAN_RI_005-d-1g85fsmpk--14zf1p4ify4pe","d-1g85fsmpk--14zf1p4ify4pe","Les Milles (Aix-en-Provence ; hameau)","Les Milles","hameau","Les Milles est le nom d'un écart de la commune d'Aix-en-Provence, dans les Bouches-du-Rhône, dont il dépend. Ce lieu-dit est connu pour avoir hébergé un camp d'internement et de déportation lors de la Seconde Guerre mondiale. Le camp des Milles était à l'origine une tuilerie, devenue en été 2012 le Site-Mémorial du camp des Milles. (Source : https://fr.wikipedia.org/wiki/Les_Milles)","Aix-en-Provence (Bouches-du-Rhône) [d3nte39bxl--bm40fffpx1qx]","http://www.wikidata.org/entity/Q3233855","27/04/2020 : Lieu ajouté le [27/04/2020]"
"place/FRAN_RI_005-d-7rc9itglo-173ya75upyj7n","d-7rc9itglo-173ya75upyj7n","Les Petites-Dalles (Seine-Maritime ; hameau)","Les Petites-Dalles","hameau","Les Petites-Dalles est un hameau partagé entre Sassetot-le-Mauconduit et Saint-Martin-aux-Buneaux, communes du département de Seine-Maritime. (Source : https://fr.wikipedia.org/wiki/Les_Petites_Dalles )","Seine-Maritime (Haute-Normandie, département) [d3ntb8svpl-1sgeqirhtkz5g]","http://www.wikidata.org/entity/Q3234549 | https://sws.geonames.org/3000021/",
"place/FRAN_RI_005-d-9rvrx25hz-8y5yry8dho1e","d-9rvrx25hz-8y5yry8dho1e","Les Rosaires (Plérin ; quartier)","Les Rosaires","quartier","Les Rosaires sont un quartier de Plérin (Source : https://fr.wikipedia.org/wiki/Pl%C3%A9rin)","Plérin (Côtes-d'Armor) [d3ntftaicw--n9a8p4yruv56]","https://sws.geonames.org/2999730/",
"place/FRAN_RI_005-d-5rn0vcg0c-1pim3fr89x9fo","d-5rn0vcg0c-1pim3fr89x9fo","Le Théron (Rieupeyroux ; village)","Le Théron","village",,"Rieupeyroux (Aveyron) [d3nte22hlr--1szxrqxomlkhb]",,
"place/FRAN_RI_005-d-1304o5tah--528vz6q6o5ns","d-1304o5tah--528vz6q6o5ns","Le Val-André (Pléneuf-Val-André ; quartier)","Le Val-André","quartier","Le Val-André est un quartier de Pléneuf-Val-André.","Pléneuf-Val-André (Côtes-d'Armor) [d3ntfta6i3-t5om2f2kbwna]","https://sws.geonames.org/2999001/",
"place/FRAN_RI_005-d-8jyoa7r6l--1pu3iwqcjdoav","d-8jyoa7r6l--1pu3iwqcjdoav","Le Yaudet (Ploulec'h ; hameau)","Le Yaudet","hameau","Le Yaudet est un hameau de la commune de Ploulec'h. (Source : Wikipédia : https://fr.wikipedia.org/wiki/Le_Yaudet)","Ploulec'h (Côtes-d'Armor) [d3ntftp7k1-r064edo5v07z]","http://www.wikidata.org/entity/Q3228348",
"place/FRAN_RI_005-d-8lgt66gi3-vdehmdp2kcvp","d-8lgt66gi3-vdehmdp2kcvp","Locquémeau (Trédez-Locquémeau ; village)","Locquémeau","village","Locquémeau est un village deTrédez-Locquémeau. (Source : https://fr.wikipedia.org/wiki/Tr%C3%A9drez-Locqu%C3%A9meau)","Trédrez-Locquémeau (Côtes-d'Armor) [d3ntfv996z--4lr3gfbsej4m]",,
"place/FRAN_RI_005-d-4uz1k4f0f--etiq064pmnjd","d-4uz1k4f0f--etiq064pmnjd","Loguivy-de-la-Mer (Ploubazlanec ; village)","Loguivy | Loguivy-de-la-Mer","village","Loguivy-de-la-Mer est un village de Ploubazlanec (Source : https://fr.wikipedia.org/wiki/Ploubazlanec)","Ploubazlanec (Côtes-d'Armor) [d3ntftjass-143kv3wsv8a9p]",,
"place/FRAN_RI_005-d-b5l1v82y5--ya61vv5bvprp","d-b5l1v82y5--ya61vv5bvprp","Loupiac (Pléaux ; ancienne commune)","Loupiac","lieu-dit","Loupiac est une ancienne commune qui a fusionné avec Saint-Christophe-les-Gorges et Tourniac en 1973. (Source : https://fr.wikipedia.org/wiki/Pleaux)","Pleaux (Cantal) [d3ntehhfnq-1pg10kpcbd0s4]","https://sws.geonames.org/2997410/ | http://www.wikidata.org/entity/Q28040491",
"place/FRAN_RI_005-d-1g85fswnw-lau4gv6m2ghe","d-1g85fswnw-lau4gv6m2ghe","Luynes (Aix-en-Provence ; quartier)","Luynes","quartier","Luynes est un quartier situé dans la commune française d'Aix-en-Provence, dans le canton d'Aix-en-Provence-Sud-Ouest. Luynes tire son nom de la rivière homonyme qui la traverse. (Source : https://fr.wikipedia.org/wiki/Luynes_(Bouches-du-Rh%C3%B4ne) )","Aix-en-Provence (Bouches-du-Rhône) [d3nte39bxl--bm40fffpx1qx]","http://www.wikidata.org/entity/Q3268103","27/04/2020 : Lieu ajouté le [27/04/2020]"
"place/FRAN_RI_005-d-1g85k63jc-ji2t1jqep7no","d-1g85k63jc-ji2t1jqep7no","Magny (Metz ; ancienne commune)","Magny","ancienne commune française","Magny est une ancienne commune de Moselle, aujourd’hui un quartier de Metz, depuis le 4 décembre 1961, date où Vallières-lès-Metz, Borny et Magny fusionnèrent d’un commun accord avec Metz. (Source : https://fr.wikipedia.org/wiki/Magny_(Moselle) )","Metz (Moselle) [d3ntmwfra4-xzf0ospxj9io]","http://www.wikidata.org/entity/Q3277288","27/04/2020 : Lieu ajouté le [27/04/2020]"
"place/FRAN_RI_005-d-1g85hupoo--13rn1t6w18j8j","d-1g85hupoo--13rn1t6w18j8j","Malo-les-Bains (Dunkerque ; ancienne commune)","Malo-les-Bains","ancienne commune française","Malo-les-Bains est une ancienne commune du département du Nord, dans l'agglomération de Dunkerque. Elle a été créée en 1891 par détachement de la commune de Rosendaël. Le 17 décembre 1969, elle est fusionnée avec Dunkerque, dont elle constitue aujourd'hui l'un des quartiers, communément appelé « Malo ». (Source : https://fr.wikipedia.org/wiki/Malo-les-Bains)","Dunkerque (Nord) [d3ntnxtz3c-fyf1dg5q6rrj]","http://www.wikidata.org/entity/Q682669 | https://sws.geonames.org/2996359/","27/04/2020 : Lieu ajouté le [27/04/2020]"
"place/FRAN_RI_005-d-12vpffok4-1nz5d4tewmpew","d-12vpffok4-1nz5d4tewmpew","Marienthal (Bas-Rhin ; lieu-dit)","Marienthal","hameau","Marienthal est une localité française située dans le département du Bas-Rhin en région Grand Est qui a la particularité de s'étendre sur trois communes : Gries, Haguenau et Kaltenhouse. (Source : https://fr.wikipedia.org/wiki/Marienthal_(Bas-Rhin) )","Bas-Rhin (Alsace, département) [d3ntb78834--1anjmzrakhdvu]","http://www.wikidata.org/entity/Q16964722","13/08/2020 : Lieu ajouté le [13/08/2020]"
"place/FRAN_RI_005-d-1g85fzmbw-nzuhocv7c53w","d-1g85fzmbw-nzuhocv7c53w","Mas-Thibert (Arles ; quartier)","Mas-Thibert","quartier","Mas-Thibert est un quartier rattaché à la commune d'Arles dans le département des Bouches-du-Rhône et la région Provence-Alpes-Côte d'Azur. (Source : https://fr.wikipedia.org/wiki/Mas-Thibert )","Arles (Bouches-du-Rhône) [d3nte3aba9--1a6jyiejqd237]","http://www.wikidata.org/entity/Q1726861","27/04/2020 : Lieu ajouté le [27/04/2020]"
"place/FRAN_RI_005-d-659td593i--1cakoexu7485i","d-659td593i--1cakoexu7485i","Matton (Matton-et-Clémency ; ancienne commune)","Matton","ancienne commune française",,"Matton-et-Clémency (Ardennes) [d3ntdk16rh-9i8415blex3n]","http://www.wikidata.org/entity/Q16663789",
"place/FRAN_RI_005-d-5h2syjrbf--1mm7aof1eqwhh","d-5h2syjrbf--1mm7aof1eqwhh","Miquels (Rieupeyroux ; village)","Miquels","village",,"Rieupeyroux (Aveyron) [d3nte22hlr--1szxrqxomlkhb]","https://sws.geonames.org/2993903/",
"place/FRAN_RI_005-d-xtn2xm6n-18yisztnefqpu","d-xtn2xm6n-18yisztnefqpu","Modenheim (Illzach ; quartier)","Modenheim","quartier","Modenheim est un quartier d'Illzach, dans l'agglomération mulhousienne. (Source : https://fr.wikipedia.org/wiki/Modenheim)","Illzach (Haut-Rhin) [d3ntqz4ccd--192ilng8j2ln0]","http://www.wikidata.org/entity/Q3317847","13/08/2020 : Lieu ajouté le [13/08/2020]"
"place/FRAN_RI_005-d-1g85iqvms-yavhlz4psns","d-1g85iqvms-yavhlz4psns","Molinghem (Isbergues ; ancienne commune)","Molinghem","ancienne commune française","Molinghem est une ancienne commune du Pas-de-Calais rattachée à Isbergues depuis 1996, ayant également le statut de commune associée. (Source : https://fr.wikipedia.org/wiki/Molinghem )","Isbergues (Pas-de-Calais) [d3ntpbcvnq--zueddxcj3zp4]","http://www.wikidata.org/entity/Q16509682","27/04/2020 : Lieu ajouté le [27/04/2020]"
"place/FRAN_RI_005-d-683tpvsal--1n3l7wdjttye1","d-683tpvsal--1n3l7wdjttye1","Mont-de-Jeux (Saint-Lambert-et-Mont-de-Jeux ; ancienne commune)","Mont-de-Jeux","ancienne commune française",,"Saint-Lambert-et-Mont-de-Jeux (Ardennes) [d3ntdl4iru-1tc2tkl6nzezb]","http://www.wikidata.org/entity/Q16665125",
"place/FRAN_RI_005-d-yzr0h4wb-dc4uty35nxbo","d-yzr0h4wb-dc4uty35nxbo","Montfavet (Avignon ; ancienne commune)","Montfavet","ancienne commune française","Montfavet est une ancienne commune du Vaucluse (région Provence-Alpes-Côte d'Azur) fondée en 1612 autour de son église fortifiée construite en 1343. Rattaché à Avignon en 1795, Montfavet est actuellement l'un des neuf quartiers d'Avignon. (Source : https://fr.wikipedia.org/wiki/Montfavet)","Avignon (Vaucluse) [d3ntvoxo4n-oacem136ip2j]","http://www.wikidata.org/entity/Q1946226 | https://sws.geonames.org/2992618/","13/08/2020 : Lieu ajouté le [13/08/2020]"
"place/FRAN_RI_005-d-1g85i1y3o-1dri4b4ca1pxy","d-1g85i1y3o-1dri4b4ca1pxy","Morlange-lès-Rémelange (Fameck ; ancienne commune)","Morlange | Morlange-lès-Rémelange","ancienne commune française","Morlange-lès-Rémelange (Morlange) est une ancienne commune de la Moselle en région Grand Est, réunie en 1810 à Fameck. (Source : https://fr.wikipedia.org/wiki/Morlange-l%C3%A8s-R%C3%A9melang )","Fameck (Moselle) [d3ntmpdeba--hoy3gwqq6wjw]","http://www.wikidata.org/entity/Q3324150","07/05/2020 : Lieu ajouté le [07/05/2020]"
"place/FRAN_RI_005-d-1g85l3nhg-1u3tv8svg874u","d-1g85l3nhg-1u3tv8svg874u","Nondkeil (Ottange ; ancienne commune)","Nondkeil","ancienne commune française","Nondkeil est un village et une ancienne commune de Moselle en région Grand Est rattachée à Ottange en 1812. (Source : https://fr.wikipedia.org/wiki/Nondkeil)","Ottange (Moselle) [d3ntmx5kru-6nshne4otlpt]","http://www.wikidata.org/entity/Q14776339 | https://sws.geonames.org/2990149/","27/04/2020 : Lieu ajouté le [27/04/2020]"
"place/FRAN_RI_005-d-8vzc249ze--1x1p7qzdp7xbc","d-8vzc249ze--1x1p7qzdp7xbc","Notre-Dame-de-la-Cour (Lantic ; village)","Notre-Dame-de-la-Cour","village","Source : https://fr.wikipedia.org/wiki/Lantic","Lantic (Côtes-d'Armor) [d3ntfs3l87--19q3o4kvy13wx]",,
"place/FRAN_RI_005-d-8qmx0xznc--1doucds49hvfl","d-8qmx0xznc--1doucds49hvfl","Notre-Dame-du-Guildo (Saint-Cast-le-Guildo ; ancienne commune)","Notre-Dame-du-Guildo","ancienne commune française","En 1971, la commune de Notre-Dame-du-Guildo est fusionnée avec celle de Saint-Cast dont le nom devient Saint-Cast-le-Guildo (Source : https://fr.wikipedia.org/wiki/Saint-Cast-le-Guildo)","Saint-Cast-le-Guildo (Côtes-d'Armor) [d3ntfuabej-1ihr1hyu44xfs]","https://sws.geonames.org/2990029/",
"place/FRAN_RI_005-d-8vryq03un-1bxy7yads3d8h","d-8vryq03un-1bxy7yads3d8h","Paramé (Saint-Malo ; ancienne commune)","Paramé","ancienne commune française","Paramé est une ancienne commune d'Ille-et-Vilaine, qui a fusionné avec Saint-Servan et Saint-Malo le 29 octobre 1967. (Source : https://fr.wikipedia.org/wiki/Param%C3%A9)","Saint-Malo (Ille-et-Vilaine) [d3nthsfdhq--klfvh2futlu9]","http://www.wikidata.org/entity/Q3363559 | https://sws.geonames.org/2988606/",
"place/FRAN_RI_005-d-7gwauvrcu-1eqj79n49mnof","d-7gwauvrcu-1eqj79n49mnof","Peïra-Cava (Lucéram ; village)",,"village","Peïra-Cava est un village dépendant de la commune de Lucéram (Source : https://fr.wikipedia.org/wiki/Pe%C3%AFra-Cava)","Lucéram (Alpes-Maritimes) [d3ntdcgbi1-1r7cihi9wfgck]","http://www.wikidata.org/entity/Q3377886",
"place/FRAN_RI_005-d-926vnfr85-ckoddr770k1b","d-926vnfr85-ckoddr770k1b","Pen Guen (Saint-Cast-le-Guildo ; quartier)","Pen Guen","quartier","Pen Guen est un quartier de Saint-Cast-le-Guido (Source : https://fr.wikipedia.org/wiki/Saint-Cast-le-Guildo)","Saint-Cast-le-Guildo (Côtes-d'Armor) [d3ntfuabej-1ihr1hyu44xfs]",,
"place/FRAN_RI_005-d-104xmvek7--gl69gh2bcz1b","d-104xmvek7--gl69gh2bcz1b","Penhars (Quimper ; ancienne commune)","Penhars","ancienne commune française","Penhars est une ancienne commune du département du Finistère. Rattachée à Quimper en 1960, elle constitue aujourd'hui l'un de ses quartiers populaires, notamment avec la présence des grands ensembles de Kermoysan. (Source : https://fr.wikipedia.org/wiki/Penhars )","Quimper (Finistère) [d3ntgtbnnr-16gnbhabng04x]","http://www.wikidata.org/entity/Q3374727","13/08/2020 : Lieu ajouté le [13/08/2020]"
"place/FRAN_RI_005-d-3m827p7ky-1g6fa1xggtmth","d-3m827p7ky-1g6fa1xggtmth","Perles (Perles-et-Castelet ; village)","Perles","village","Perles est un village de la commune de Perles-et-Castelet. (Source : https://fr.wikipedia.org/wiki/Perles-et-Castelet)","Perles-et-Castelet (Ariège) [d3ntdooshm-p0j92fitb3kn]",,
"place/FRAN_RI_005-d-1g86aev40-ctvpsvp6bu6j","d-1g86aev40-ctvpsvp6bu6j","Plainefas (Saint-Martin-du-Puy ; hameau)","Plainefas","hameau","Etendu sur plus d'un kilomètre de long, le hameau de Plainefas est le plus peuplé de la commune. (Source : http://saintmartindupuy.gnno.fr/index.php/infos-generales/plainefas)","Saint-Martin-du-Puy (Nièvre) [d3ntnve2og--7o97rwnwqcr0]",,"27/04/2020 : Lieu ajouté le [27/04/2020]"
"place/FRAN_RI_005-d-7ag1rnoiq-wimzgkhhb3rt","d-7ag1rnoiq-wimzgkhhb3rt","Plascassier (Grasse ; quartier)","Plascassier","quartier","Plascassier est un quartier de Grasse (Source : https://www.wikidata.org/wiki/Q432005)","Grasse (Alpes-Maritimes) [d3ntdcd6jq--h9ji4xcdg3l7]","http://www.wikidata.org/entity/Q432005",
"place/FRAN_RI_005-d-1aqvx4vw6-1hs9wjs0uxfn2","d-1aqvx4vw6-1hs9wjs0uxfn2","Pléhérel Plage-Vieux Bourg (Fréhel ; hameau)","Pléhérel Plage-Vieux Bourg","hameau","Pléhérel Plage-Vieux Bourg est un hameau de Fréhel. (Source : https://fr.wikipedia.org/wiki/Fr%C3%A9hel_(C%C3%B4tes-d%27Armor)","Fréhel (Côtes-d'Armor) [d3ntfsvck7--171y791rdnonh]","https://sws.geonames.org/2969226/",
"place/FRAN_RI_005-d-9ub8nc2p7--vxrjzab8efsp","d-9ub8nc2p7--vxrjzab8efsp","Ploujean (Morlaix ; ancienne commune)",,"ancienne commune française","Ploujean est une ancienne commune française située dans le département du Finistère dans la région Bretagne rattachée à Morlaix depuis 1960. (Source : https://fr.wikipedia.org/wiki/Ploujean)","Morlaix (Finistère) [d3ntgshefr--xybpcnmxzoqt]","http://www.wikidata.org/entity/Q3392580 | https://sws.geonames.org/2986651/","12/08/2020 : Lieu ajouté le [12/08/2020]"
"place/FRAN_RI_005-d-98p1lzrv5-1d43i2h6linly","d-98p1lzrv5-1d43i2h6linly","Ploumanac'h (Perros-Guirrec ; bourg)","Ploumanac'h","bourg","Ploumanac'h est un bourg de la commune de Perros-Guirrec (Source : https://fr.wikipedia.org/wiki/Ploumanac'h)","Perros-Guirec (Côtes-d'Armor) [d3ntfsqk43-na3yiinnd6ob]","http://www.wikidata.org/entity/Q783437 | https://sws.geonames.org/2986648/",
"place/FRAN_RI_005-d-6o021mrxd--s08c1ufovowi","d-6o021mrxd--s08c1ufovowi","Pont-à-Bar (Dom-le-Mesnil ; hameau)",,"hameau","Pont-à-Bar est un hameau de la commune de Dom-le-Mesnil","Dom-le-Mesnil (Ardennes) [d3ntdinu4e--8e574uru2x14]","http://www.wikidata.org/entity/Q16964762",
"place/FRAN_RI_005-d-1g85lxql4--18jiaaxhb7hj8","d-1g85lxql4--18jiaaxhb7hj8","Pontaillac (Royan ; quartier)","Pontaillac","quartier","Pontaillac est un quartier résidentiel de Royan situé à l'ouest de la commune. (Source : https://fr.wikipedia.org/wiki/Pontaillac)","Royan (Charente-Maritime) [d3nteqkuo2--1p9fbvc90jkcu]","http://www.wikidata.org/entity/Q3397672","27/04/2020 : Lieu ajouté le [27/04/2020]"
"place/FRAN_RI_005-d-1g86bbvds-1ibmj1ozkk4h3","d-1g86bbvds-1ibmj1ozkk4h3","Pont-d'Ouche (Thorey-sur-Ouche ; village)","Pont-d'Ouche","village","Pont-d'Ouche est un petit village de la Côte-d'Or en Bourgogne-Franche-Comté. Il fait partie de la commune de Thorey-sur-Ouche. (Source : https://fr.wikipedia.org/wiki/Pont-d%27Ouche)","Thorey-sur-Ouche (Côte-d'Or) [d3ntfoymwv-1uw97a3onbrw7]","https://sws.geonames.org/3002578/ | http://www.wikidata.org/entity/Q3396404","27/04/2020 : Lieu ajouté le [27/04/2020]"
"place/FRAN_RI_005-d-6nlmra590-uq2w9nf5gxyr","d-6nlmra590-uq2w9nf5gxyr","Pont-du-Fossé (Saint-Jean-Saint-Nicolas ; hameau)","Pont-du-Fossé","hameau","Pont-du-Fossé est le principal hameau de Saint-Jean-Saint-Nicolas (Source : https://fr.wikipedia.org/wiki/Saint-Jean-Saint-Nicolas)","Saint-Jean-Saint-Nicolas (Hautes-Alpes) [d3ntdb7yuo--u2adsi01iemw]",,
"place/FRAN_RI_005-d-7dd5ah5ql-1hwz4njnfae43","d-7dd5ah5ql-1hwz4njnfae43","Pont-du-Loup (Tourrettes-sur-Loup ; lieu-dit)","Pont-du-Loup","lieu-dit",,"Tourrettes-sur-Loup (Alpes-Maritimes) [d3ntdd7pop--tkpggi8887yp]","https://sws.geonames.org/2986214/",
"place/FRAN_RI_005-d-9l8t2bwlt--1msyj3paedcpj","d-9l8t2bwlt--1msyj3paedcpj","Port-Blanc (Penvénan ; village)","Port-Blanc","village","Port-Blanc est un village de la commune de Penvénan (Source : https://fr.wikipedia.org/wiki/Port-Blanc_(Penv%C3%A9nan))","Penvénan (Côtes-d'Armor) [d3ntfspx1r-c6j2yj3t7ak3]","http://www.wikidata.org/entity/Q38298849 | https://sws.geonames.org/2986034/",
"place/FRAN_RI_005-d-346jmm3ma--oik1rse7015n","d-346jmm3ma--oik1rse7015n","Port-Sainte-Foy (Port-Sainte-Foy-et-Ponchapt ; ancienne commune)","Port-Sainte-Foy","ancienne commune française","Port-Sainte-Foy est une ancienne commune française située dans le département de la Dordogne, en région Nouvelle-Aquitaine, intégrée à la commune de Port-Sainte-Foy-et-Ponchapt en 1960. (Source : https://fr.wikipedia.org/wiki/Port-Sainte-Foy)","Port-Sainte-Foy-et-Ponchapt (Dordogne) [d3ntg28zqv--8qqdormoeqvp]","http://www.wikidata.org/entity/Q19750851",
"place/FRAN_RI_005-d-1g85fstvw-dtwv8zmvmz7e","d-1g85fstvw-dtwv8zmvmz7e","Puyricard (Aix-en-Provence ; village)","Puyricard","village","Puyricard est une agglomération dépendant de la ville d'Aix-en-Provence et située au nord de celle-ci. Elle englobe plusieurs hameaux, dont Couteron, à l'est, et Pontès, à l'ouest. Le village appartient au canton d'Aix-en-Provence-Nord-Est. (Source : https://fr.wikipedia.org/wiki/Puyricard)","Aix-en-Provence (Bouches-du-Rhône) [d3nte39bxl--bm40fffpx1qx]","http://www.wikidata.org/entity/Q3411122","27/04/2020 : Lieu ajouté le [27/04/2020]"
"place/FRAN_RI_005-d-a6i8r8kow-tyffmefxwywr","d-a6i8r8kow-tyffmefxwywr","Quimerc'h (Pont-de-Buis-lès-Quimerch ; ancienne commune)","Quimerc'h","ancienne commune française","Quimerc'h, officiellement Quimerch, est une ancienne commune du Finistère, qui fusionna en 1965 avec Pont-de-Buis et Logonna-Quimerc'h pour créer la commune de Pont-de-Buis-lès-Quimerc'h. (Source :https://fr.wikipedia.org/wiki/Quimerc%27h )","Pont-de-Buis-lès-Quimerch (Finistère) [d3ntgu0qur--vytmcjt7880r]","http://www.wikidata.org/entity/Q16510572","13/08/2020 : Lieu ajouté le [13/08/2020]"
"place/FRAN_RI_005-d-1g85j9eas--3qankd6tta2c","d-1g85j9eas--3qankd6tta2c","Ronce-les-Bains (La Tremblade ; quartier)","Roce-les-Bains","quartier","Ronce-les-Bains est un quartier résidentiel de la ville de La Tremblade, dans le département de la Charente-Maritime et la région Nouvelle-Aquitaine. (Source : https://fr.wikipedia.org/wiki/Ronce-les-Bains)","La Tremblade (Charente-Maritime) [d3ntes1pml--38qjzwnhcrhh]","http://www.wikidata.org/entity/Q3441627 | https://sws.geonames.org/2982957/","27/04/2020 : Lieu ajouté le [27/04/2020]"
"place/FRAN_RI_005-d-1g85hutmc-783deh8ywudx","d-1g85hutmc-783deh8ywudx","Rosendaël (Dunkerque ; ancienne commune)","Rosendaël","ancienne commune française","Rosendaël est une ancienne commune du département du Nord, dans l'agglomération de Dunkerque. Elle a été créée en 1860 par détachement des communes de Coudekerque-Branche et Téteghem. Le 1er janvier 1972, elle est fusionnée avec Dunkerque, dont elle constitue aujourd'hui l'un des quartiers. (Source : https://fr.wikipedia.org/wiki/Rosenda%C3%ABl)","Dunkerque (Nord) [d3ntnxtz3c-fyf1dg5q6rrj]","http://www.wikidata.org/entity/Q3442546","27/04/2020 : Lieu ajouté le [27/04/2020]"
"place/FRAN_RI_005-d-35v6gnddq--1dfyez710wytz","d-35v6gnddq--1dfyez710wytz","Rumengol (Le Faou ; ancienne commune)","Rumengol","ancienne commune française","Rumengol est une ancienne commune du département français du Finistère (Bretagne) rattachée à celle du Faou, depuis 1970. (Source : https://fr.wikipedia.org/wiki/Rumengol )","Le Faou (Finistère) [d3ntgrgatx-9cx7d1j8uxm7]","http://www.wikidata.org/entity/Q24477732","14/08/2020 : Lieu ajouté le [14/08/2020]"
"place/FRAN_RI_005-d-6kv777wbq-7o4bm75zzqpw","d-6kv777wbq-7o4bm75zzqpw","Saint-Christophe (Bourg-Saint-Christophe, Ain ; lieu-dit)",,"lieu-dit","Source : Fonds Entreprise LAPIE (Les applications photographiques d'industrie et d'édition), cote 1PH/C/1","Bourg-Saint-Christophe (Ain) [d3ntcnz9uz-19tnupnqj6vaf]",,
"place/FRAN_RI_005-d-aymelhzb-mqo47svo0rz8","d-aymelhzb-mqo47svo0rz8","Saint-Efflamm (Plestin-les-Grèves ; hameau)","Saint-Efflamm","hameau","Saint-Efflamm est un hameau de Plestin-les-Grèves. (Source : https://fr.wikipedia.org/wiki/Plestin-les-Gr%C3%A8ves)","Plestin-les-Grèves (Côtes-d'Armor) [d3ntftctcj--13unevm16zear]","https://sws.geonames.org/2980607/",
"place/FRAN_RI_005-d-9u3y1dsyx-ismf25p20907","d-9u3y1dsyx-ismf25p20907","Saint-Eloy (Plérin ; quartier)","Saint-Eloy","quartier","Saint-Eloy est un quartier de Plérin (Source : https://fr.wikipedia.org/wiki/Pl%C3%A9rin)","Plérin (Côtes-d'Armor) [d3ntftaicw--n9a8p4yruv56]","https://sws.geonames.org/2980496/",
"place/FRAN_RI_005-d-nqtdlv2o--f9bfllgmc2z5","d-nqtdlv2o--f9bfllgmc2z5","Sainte-Marie-sur-Mer (Pornic ; ancienne commune)","Sainte-Marie | Sainte-Marie-sur-Mer","ancienne commune française","Sainte-Marie-sur-Mer est une ancienne commune française de l'Ouest de la France, dans le département de la Loire-Atlantique (région Pays de la Loire). Rattachée en 1973 à la commune voisine de Pornic, elle n’est plus aujourd’hui qu’une simple subdivision de cette dernière depuis le 1er juillet 2007. (Source : https://fr.wikipedia.org/wiki/Sainte-Marie-sur-Mer )","Pornic (Loire-Atlantique) [d3ntiwlasu-17k9naaxoc59j]","http://www.wikidata.org/entity/Q3464358 | https://sws.geonames.org/2980449/","13/08/2020 : Lieu ajouté le [13/08/2020]"
"place/FRAN_RI_005-d-gry7ov8y-q0to8yhe1gxr","d-gry7ov8y-q0to8yhe1gxr","Sainte-Marine (Combrit ; Finistère)","Sainte-Marine","village","Sainte-Marine est un village et un port de la commune de Combrit. (Source : https://fr.wikipedia.org/wiki/Sainte-Marine_(Combrit) )","Combrit (Finistère) [d3ntgrb27s-16pvbbstnr6hp]","http://www.wikidata.org/entity/Q2792035 | https://sws.geonames.org/2980409/",
"place/FRAN_RI_005-d-9nos18xmm--10mrbk4lsgvqn","d-9nos18xmm--10mrbk4lsgvqn","Saint-Gilles-sur-Vie (Saint-Gilles-Croix-de-Vie ; ancienne commune)","Saint-Gilles-sur-Vie","ancienne commune française","Saint-Gilles-sur-Vie est une ancienne commune française, située dans le département de la Vendée. Située à l'embouchure de la Vie sur sa rive gauche, Saint-Gilles-sur-Vie fusionne en 1967 avec Croix-de-Vie, située de l'autre côté du fleuve côtier, pour former la nouvelle commune de Saint-Gilles-Croix-de-Vie. (Source : https://fr.wikipedia.org/wiki/Saint-Gilles-sur-Vie )","Saint-Gilles-Croix-de-Vie (Vendée) [d3ntw2xgfy-5q579dnupvgx]","http://www.wikidata.org/entity/Q3462325","12/08/2020 : Lieu ajouté le [12/08/2020]"
"place/FRAN_RI_005-d-9lfqm5wep--1oz3sdk27cgfr","d-9lfqm5wep--1oz3sdk27cgfr","Saint-Guénolé (Penmarch ; quartier)","Saint-Guénolé","quartier","Saint-Guénolé est le quartier nord-ouest — formant une agglomération distincte — de la commune de Penmarc'h, en Pays Bigouden, dans le Finistère. Saint-Guénolé est un important port de pêche. (Source : https://fr.wikipedia.org/wiki/Saint-Gu%C3%A9nol%C3%A9_(Penmarc%27h) )","Penmarch (Finistère) [d3ntgsj2ku-12blb55k3bd4z]","http://www.wikidata.org/entity/Q3462364","12/08/2020 : Lieu ajouté le [12/08/2020]"
"place/FRAN_RI_005-d-2vq6qjus4--xg0nhhro84uc","d-2vq6qjus4--xg0nhhro84uc","Saint-Jean-le-Priche (Mâcon ; ancienne commune)","Saint-Jean-le-Priche","ancienne commune française","Saint-Jean-le-Priche est une commune associée de Mâcon. La fusion-association date de 1972. À l’origine, elle appartenait aux domaines de l’église de Saint-Vincent de Mâcon. Elle est située à 6 kilomètres du cœur de Mâcon le long de la rive droite de la Saône. (Source : https://fr.wikipedia.org/wiki/Saint-Jean-le-Priche )","Mâcon (Saône-et-Loire) [d3nts371wa-piar2u2v64bd]","http://www.wikidata.org/entity/Q16511115 | https://sws.geonames.org/2979221/","14/08/2020 : Lieu ajouté le [14/08/2020]"
"place/FRAN_RI_005-d-hafj29ah--q94pwetk3hj0","d-hafj29ah--q94pwetk3hj0","Saint-Marc (Brest ; ancienne commune)","Saint-Marc","ancienne commune française","Saint-Marc est une ancienne commune du Finistère située à l'est de Brest. Elle forme depuis le 28 avril 1945 un quartier de la ville de Brest. (Source : https://fr.wikipedia.org/wiki/Saint-Marc_(Brest))","Brest (Finistère) [d3ntgr4ggc--1qzt3ce5q7gwn]","http://www.wikidata.org/entity/Q3462864 | https://sws.geonames.org/2978610/","13/08/2020 : Lieu ajouté le [13/08/2020]"
"place/FRAN_RI_005-d-j28kp5ie-123bt2iqzyc0j","d-j28kp5ie-123bt2iqzyc0j","Saint-Nicolas-de-Véroce (Saint-Gervais-les-Bains ; ancienne commune)","Saint-Nicolas-de-Véroce","ancienne commune française","Saint-Nicolas-de-Véroce est une ancienne commune de Haute-Savoie dans le Val Montjoie entre Saint-Gervais-les-Bains et Les Contamines-Montjoie. Située à une dizaine de kilomètres du centre-ville de Saint-Gervais, la commune de Saint-Nicolas-de-Véroce a été rattachée à cette dernière le 29 décembre 1973. (Source : https://fr.wikipedia.org/wiki/Saint-Nicolas-de-V%C3%A9roce )","Saint-Gervais-les-Bains (Haute-Savoie) [d3ntsiofgv-38a6st8jifms]","http://www.wikidata.org/entity/Q65169100 | https://sws.geonames.org/2977872/","13/08/2020 : Lieu ajouté le [13/08/2020]"
"place/FRAN_RI_005-d-1g85imfiw-183kzona26es","d-1g85imfiw-183kzona26es","Saint-Nicolas-en-Forêt (Hayange ; ancienne commune)","Saint-Nicolas-en-Forêt","ancienne commune française","Saint-Nicolas-en-Forêt est un village du nord-est de la France, situé dans le département de la Moselle. Commune à part entière de 1958 jusqu'en 1970, la localité se trouve désormais sur le territoire de la commune d'Hayange. (Source : https://fr.wikipedia.org/wiki/Saint-Nicolas-en-For%C3%AAt )","Hayange (Moselle) [d3ntmuxfxv--p3kwipfyc2kg]","http://www.wikidata.org/entity/Q1646931","27/04/2020 : Lieu ajouté le [27/04/2020]"
"place/FRAN_RI_005-d-kt4jvcz5-76vgcta2bypu","d-kt4jvcz5-76vgcta2bypu","Saint-Romain-des-Îles (Saint-Symphorien-d'Ancelles ; ancienne commune)","Saint-Romain-des-Îles","ancienne commune française","Saint-Romain-des-Îles est une ancienne commune française du département de Saône-et-Loire. Le 1er janvier 1975, la commune est absorbée par la commune de Saint-Symphorien-d'Ancelles. (Source : https://fr.wikipedia.org/wiki/Saint-Romain-des-%C3%8Eles)","Saint-Symphorien-d'Ancelles (Saône-et-Loire) [d3nts5ibol--wsgwz4jqc68y]","http://www.wikidata.org/entity/Q42690580 | https://sws.geonames.org/2977141/","13/08/2020 : Lieu ajouté le [13/08/2020]"
"place/FRAN_RI_005-d-mkv3ztd8-qb3g43ocffer","d-mkv3ztd8-qb3g43ocffer","Saint-Sauveur (Bressuire ; ancienne commune)","Saint-Sauveur | Saint-Sauveur-de-Givre-en-Mai","ancienne commune française","Saint-Sauveur (nom officiel), également appelée Saint-Sauveur-de-Givre-en-Mai, est une ancienne commune française située dans le département des Deux-Sèvres et la région Nouvelle-Aquitaine. Elle est associée à la commune de Bressuire depuis 1973. (Source : https://fr.wikipedia.org/wiki/Saint-Sauveur_(Deux-S%C3%A8vres))","Bressuire (Deux-Sèvres) [d3ntu5owet-z0j8am230u5v]","http://www.wikidata.org/entity/Q59883461 | https://sws.geonames.org/2977040/","13/08/2020 : Lieu ajouté le [13/08/2020]"
"place/FRAN_RI_005-d-40yphbvci--iv4r11d2ev9m","d-40yphbvci--iv4r11d2ev9m","Saint-Thibault-sur-Loire (Saint-Satur ; village)","Saint-Thibault-sur-Loire","village","Saint-Thibault-sur-Loire est un village de la commune de Saint-Satur (Source : https://fr.wikipedia.org/wiki/Saint-Thibault-sur-Loire )","Saint-Satur (Cher) [d3ntevj5lk--tvuyf6dd09r4]","http://www.wikidata.org/entity/Q3463434",
"place/FRAN_RI_005-d-1g85hp2zg-y3cpu8vepl11","d-1g85hp2zg-y3cpu8vepl11","Schaeferhof (Dabo ; village)","Schaeferhof","village","Schaeferhof est un village français, situé dans le département de la Moselle (en région Grand-Est) et faisant partie de la commune de Dabo. (Source : https://fr.wikipedia.org/wiki/Schaeferhof )","Dabo (Moselle) [d3ntmowaw3-ptn8ubafzm9u]","http://www.wikidata.org/entity/Q3475282","27/04/2020 : Lieu ajouté le [27/04/2020]"
"place/FRAN_RI_005-d-6pq92g7ej-ur2297ejqwh","d-6pq92g7ej-ur2297ejqwh","Sénart (Ile-de-France ; ville nouvelle)","Melun-Sénart | Sénart","ville nouvelle","Sénart, précédemment Melun-Sénart, est une ancienne ville nouvelle française du sud de l'Île-de-France, à cheval entre les départements de Seine-et-Marne et de l'Essonne. Elle tire son nom de la forêt de Sénart. Elle regroupe 10 communes. (Source : https://fr.wikipedia.org/wiki/S%C3%A9nart)",,"http://www.wikidata.org/entity/Q2678992 | https://sws.geonames.org/2994649/",
"place/FRAN_RI_005-d-p3agrudg--oesci0jmtnlo","d-p3agrudg--oesci0jmtnlo","Sennecé-lès-Mâcon (Mâcon ; ancienne commune)","Sennecé-lès-Mâcon","ancienne commune française","Sennecé-lès-Mâcon est une commune associée de Mâcon. La fusion-association date de 1972. Elle forme avec Saint-Jean-le-Priche (commune associée de Mâcon), une enclave nord de la commune de Mâcon. (Source : https://fr.wikipedia.org/wiki/Sennec%C3%A9-l%C3%A8s-M%C3%A2con )","Mâcon (Saône-et-Loire) [d3nts371wa-piar2u2v64bd]","http://www.wikidata.org/entity/Q22079417 | https://sws.geonames.org/2975081/","13/08/2020 : Lieu ajouté le [13/08/2020]"
"place/FRAN_RI_005-d-375v0mlam--xzr2f32xxk86","d-375v0mlam--xzr2f32xxk86","Sorendal (Les Hautes-Rivières ; village)","Sorendal","village","Sorendal est un village des Hautes-Rivières (Source : https://fr.wikipedia.org/wiki/Les_Hautes-Rivi%C3%A8res)","Les Hautes-Rivières (Ardennes) [d3ntdjenm2-g1kw5mkue8yi]",,
"place/FRAN_RI_005-d-4pien3gpb--1lz8iykqlxfd6","d-4pien3gpb--1lz8iykqlxfd6","Spontour (Soursac ; village)","Spontour","village","Spontour est un village de Soursac (Source : https://fr.wikipedia.org/wiki/Soursac)","Soursac (Corrèze) [d3ntezlb6v--1abpaww0ss6hw]",,
"place/FRAN_RI_005-d-552mve7gn-mavzinr84qgu","d-552mve7gn-mavzinr84qgu","Suc (Suc-et-Sentenac ; village)","Suc","village","Suc est un village de la commune de Suc-et-Sentenac (Source : https://fr.wikipedia.org/wiki/Suc-et-Sentenac)","Suc-et-Sentenac (Ariège) [d3ntdpjkoi-1268t0xto1fth]",,
"place/FRAN_RI_005-d-33zc44mwg-1jfzigvi7g9j7","d-33zc44mwg-1jfzigvi7g9j7","Térénez (Plougasnou ; hameau)","Térénez","hameau","Térénez est un hameau situé au sud-ouest de la commune de Plougasnou, dans le nord du Finistère, en Bretagne. On y trouve un port et une plage en bordure de la baie de Morlaix. (Source : https://fr.wikipedia.org/wiki/T%C3%A9r%C3%A9nez_(Plougasnou) )","Plougasnou (Finistère) [d3ntgsuc9f-o65sdo8n4rjy]","http://www.wikidata.org/entity/Q3546832","14/08/2020 : Lieu ajouté le [14/08/2020]"
"place/FRAN_RI_005-d-7lsz1hr9s--1et1x97ivq4ey","d-7lsz1hr9s--1et1x97ivq4ey","Thorenc (Andon ; hameau)","Thorenc","hameau","Thorenc est un hameau d'Andon (Source : https://fr.wikipedia.org/wiki/Andon_(Alpes-Maritimes)#Thorenc )","Andon (Alpes-Maritimes) [d3ntdbppzh-1nlh32c1xmw96]","https://sws.geonames.org/2972731/",
"place/FRAN_RI_005-d-9vm3xgavy-a9mje3dn2yci","d-9vm3xgavy-a9mje3dn2yci","Tournemine (Plérin ; quartier)","Tournemine","quartier","Tournemine est un quartier de Plérin (Source : https://fr.wikipedia.org/wiki/Pl%C3%A9rin)","Plérin (Côtes-d'Armor) [d3ntftaicw--n9a8p4yruv56]",,
"place/FRAN_RI_005-d-1g85hiejw-hgw0iu1d779i","d-1g85hiejw-hgw0iu1d779i","Travexin (Cornimont ; ancienne commune)","Travexin","ancienne commune française","Travexin est une ancienne commune française du département des Vosges, rattachée à Cornimont depuis 1833. (Souce : https://fr.wikipedia.org/wiki/Travexin)","Cornimont (Vosges) [d3ntwwequt--18uo3ksukb623]","http://www.wikidata.org/entity/Q28040921","27/04/2020 : Lieu ajouté le [27/04/2020]"
"place/FRAN_RI_005-d-1g85lfoa0-1ta86aapajxcf","d-1g85lfoa0-1ta86aapajxcf","Tresme-le-Mesnil (Seine-et-Marne)","Tremes","lieu-dit","Tresmes est un hameau de la commune de Pommeuse. (Source : https://fr.wikipedia.org/wiki/Pommeuse)","Pommeuse (Seine-et-Marne) [d3ntth0aio--189w0h1lxughe]",,"27/04/2020 : Lieu ajouté le [27/04/2020]"
"place/FRAN_RI_005-d-1214osn6r--1f33togr0royr","d-1214osn6r--1f33togr0royr","Trois-Épis (Haut-Rhin ; hameau)","Trois-Épis","hameau","Les Trois-Épis est un hameau partagé entre les communes d'Ammerschwihr, Turckheim et Niedermorschwihr, situé dans le département du Haut-Rhin en Alsace (actuelle région Grand Est). (Source : https://fr.wikipedia.org/wiki/Trois-%C3%89pis )","Haut-Rhin (Alsace, département) [d3ntb7td0f--uft1tt83hfgx]","http://www.wikidata.org/entity/Q3539923","13/08/2020 : Lieu ajouté le [13/08/2020]"
"place/FRAN_RI_005-d-1g85iosh8--38lp8w9h023s","d-1g85iosh8--38lp8w9h023s","Vasouy (Honfleur ; ancienne commune)","Vasouy","ancienne commune française","Vasouy est une ancienne commune du Calvados, associée à Honfleur. (Source : https://fr.wikipedia.org/wiki/Vasouy)","Honfleur (Calvados) [d3ntebb7dt--1pzlu27xnedq8]","http://www.wikidata.org/entity/Q3554943 | https://sws.geonames.org/2970633/","27/04/2020 : Lieu ajouté le [27/04/2020]"
"place/FRAN_RI_005-d-1g85gw96c--3mzqflq891ql","d-1g85gw96c--3mzqflq891ql","Venoix (Caen ; ancienne commune)","Venoix","ancienne commune française","Venoix est un quartier de l'ouest de Caen, après avoir été une commune indépendante jusqu'en 1952. (Source : https://fr.wikipedia.org/wiki/Venoix )","Caen (Calvados) [d3nte93blr--12kljc1z659a3]","http://www.wikidata.org/entity/Q3555530","27/04/2020 : Lieu ajouté le [27/04/2020]"
"place/FRAN_RI_005-d-2yq0ja3ie--1dfea23tfmhts","d-2yq0ja3ie--1dfea23tfmhts","Vérizet (Viré ; ancienne commune)","Vérizet","ancienne commune française","Vérizet est une ancienne commune intégrée à Viré en 1968. (Source : https://fr.wikipedia.org/wiki/V%C3%A9rizet-Fleurville )","Viré (Saône-et-Loire) [d3nts6j7qt--16y25mkunajuo]","http://www.wikidata.org/entity/Q3564250","14/08/2020 : Lieu ajouté le [14/08/2020]"
"place/FRAN_RI_005-d-7dk0db15z-1gs8ifoh5oh62","d-7dk0db15z-1gs8ifoh5oh62","Viéville-sous-les-Côtes (Vigneulles-lès-Hattonchâtel ; village)","Viéville-sous-les-Côtes","village","Viéville-sous-les-Côtes est un village du département de la Meuse, autrefois commune, faisant partie de la commune de Vigneulles-lès-Hattonchâtel depuis le 1er janvier 1973. (Source : https://fr.wikipedia.org/wiki/Vi%C3%A9ville-sous-les-C%C3%B4tes)","Vigneulles-lès-Hattonchâtel (Meuse) [d3ntlfob2c-18hqgqd59yoc2]","http://www.wikidata.org/entity/Q15971807","12/08/2020 : Lieu ajouté le [12/08/2020] [modifié le 17/08/2020]"
"place/FRAN_RI_005-d-2xp4xb4zx--1a82s55ah55bo","d-2xp4xb4zx--1a82s55ah55bo","Vildé-la-Marine (Hirel ; ancienne commune)","Vildé-la-Marine","ancienne commune française","Vilde-la-Marine a été érigée en commune en 1790. Le 18 floréal an II (7 mai 1794), elle a été absorbée par la commune d'Hirel dont elle est une section de commune. (Source : https://fr.wikipedia.org/wiki/Vild%C3%A9-la-Marine )","Hirel (Ille-et-Vilaine) [d3nthqtfyd--1je6mg552xcq5]","http://www.wikidata.org/entity/Q3558389","14/08/2020 : Lieu ajouté le [14/08/2020]"
"place/FRAN_RI_005-d-1g86bb7p0--1owt8g9e3lr0t","d-1g86bb7p0--1owt8g9e3lr0t","Volkrange (Thionville ; ancienne commune)","Volkrange","ancienne commune française","Volkrange est un petit village français du département de la Moselle en région Grand Est. C’est une commune à part entière jusqu’en 1969, date à laquelle ce village est intégré dans la commune de Thionville. (Source : https://fr.wikipedia.org/wiki/Volkrange)","Thionville (Moselle) [d3ntnhqqq8-1bxuns8gre64n]","http://www.wikidata.org/entity/Q3562799","27/04/2020 : Lieu ajouté le [27/04/2020]"