"URI (segment de base http://data.archives-nationales.culture.gouv.fr/","Identifiant du lieu dans la version du référentiel interne au SIA (RI_023)","Dénomination préférée (skos:prefLabel)","Dénominations alternatives (skos:altLabel)","Date de début  d’existence (rico:beginningDate)","Date de fin  d’existence (rico:endDate)","Historique (rico:history)"
"place/FRAN_RI_023-d3nyvfl496--1axk8ljerxg4s","d3nyvfl496--1axk8ljerxg4s","Amérique (Paris ; quartier)","Amérique (quartier)","1860",,"Quartier créé en 1860."
"place/FRAN_RI_023-d3nyvflk7f-13ykryy8qbwzm","d3nyvflk7f-13ykryy8qbwzm","Archives (Paris ; quartier)","Archives (quartier)","1860",,"Quartier créé en 1860."
"place/FRAN_RI_023-d3nyvflwhr--1ke25ca9gbj9x","d3nyvflwhr--1ke25ca9gbj9x","Arcis (Paris ; quartier)","Arcis (quartier)","1811","1860","Quartier ayant existé de 1811 à 1860."
"place/FRAN_RI_023-d3nyvfm84s--a5eov8n43zvv","d3nyvfm84s--a5eov8n43zvv","Arsenal (Paris ; quartier)","Arsenal (quartier)","1811",,"Quartier créé en 1811."
"place/FRAN_RI_023-d3nyvfmjzl--1r9oq07s2jwyl","d3nyvfmjzl--1r9oq07s2jwyl","Arts-et-Métiers (Paris ; quartier)","Arts-et-Métiers (quartier)","1860",,"Quartier créé en 1860."
"place/FRAN_RI_023-d3nyvfmvmn--tu1pc3dzhrh8","d3nyvfmvmn--tu1pc3dzhrh8","Auteuil (Paris ; quartier)","Auteuil (quartier)","1860",,"Quartier créé en 1860."
"place/FRAN_RI_023-d3nyvfn71x-rwe8aay44kca","d3nyvfn71x-rwe8aay44kca","Banque (Paris ; quartier)","Banque (quartier) | Halle-aux-Blés (section révolutionnaire)","1811","1860","Quartier ayant existé de 1811 à 1860. Il correspond à la section révolutionnaire Halle-aux-Blés."
"place/FRAN_RI_023-d3nyvfnih8--1x9ut04xrdt47","d3nyvfnih8--1x9ut04xrdt47","Batignolles (Paris ; quartier)","Batignolles (quartier)","1860",,"Quartier créé en 1860."
"place/FRAN_RI_023-d3nyvfnu4a-12zz3uahyaggi","d3nyvfnu4a-12zz3uahyaggi","Bel-Air (Paris ; quartier)","Bel-Air (quartier)","1860",,"Quartier créé en 1860."
"place/FRAN_RI_023-d3nyvfo5z3--dezqx5lbo7dq","d3nyvfo5z3--dezqx5lbo7dq","Belleville (Paris ; quartier)","Belleville (quartier)","1860",,"Quartier créé en 1860."
"place/FRAN_RI_023-d3nyvfohed-t58augnsw49s","d3nyvfohed-t58augnsw49s","Bercy (Paris ; quartier)","Bercy (quartier)","1860",,"Quartier créé en 1860."
"place/FRAN_RI_023-d3nyvfot96-v4utuwrppfm3","d3nyvfot96-v4utuwrppfm3","Bonne-Nouvelle (Paris ; quartier)","Bonne-Nouvelle (quartier)","1811",,"Quartier créé en 1811."
"place/FRAN_RI_023-d3nyvfp5z1--tj231brvc19c","d3nyvfp5z1--tj231brvc19c","Chaillot (Paris ; quartier)","Chaillot (quartier) | Bassins (quartier)","1860",,"Quartier créé en 1860."
"place/FRAN_RI_023-d3m0bq3nic2--nkoowactm0aw","d3m0bq3nic2--nkoowactm0aw","Champ de Mars (Paris ; quartier)","Champ de Mars (quartier)",,,
"place/FRAN_RI_023-d3nyvfuj44--hj0ctopzzv7l","d3nyvfuj44--hj0ctopzzv7l","Champs-Elysées (Paris ; quartier)","Champs-Elysées (quartier)","1811",,"Quartier créé en 1811."
"place/FRAN_RI_023-d3nyvfuw9h-1n15m05tm17vv","d3nyvfuw9h-1n15m05tm17vv","Charonne (Paris ; quartier)","Charonne (quartier)","1860",,"Quartier créé en 1860."
"place/FRAN_RI_023-d3m0bq3pp63--g927ya0vdd2m","d3m0bq3pp63--g927ya0vdd2m","Chartreuse-Beaujon (Paris ; quartier)","Chartreuse-Beaujon (faubourg)",,,
"place/FRAN_RI_023-d3nyvfv7h0-vllfoj3rmfsi","d3nyvfv7h0-vllfoj3rmfsi","Chaussée-d'Antin (Paris ; quartier)","Chaussée-d'Antin (quartier) | Mont-Blanc (section révolutionnaire) | Mirabeau (section révolutionnaire) | Grange-Batelière (section révolutionnaire)","1811",,"Quartier créé en 1811. Il correspond à la section révolutionnaire dénommée successivement Grange-Batelière, Mirabeau, Mont-Blanc."
"place/FRAN_RI_023-d5bi93acgi-13bo3jn5ojefn","d5bi93acgi-13bo3jn5ojefn","Cité (Paris ; quartier)","Cité (île de la)",,,
"place/FRAN_RI_023-d3nyvfvigs--1prphc6bemlqa","d3nyvfvigs--1prphc6bemlqa","Cité (Paris ; quartier)","Cité (quartier) | Notre-Dame (section révolutionnaire)",,,"Quartier ayant existé de 1701 à 1790 et de 1811 à 1860. Il correspond à la section révolutionnaire Notre-Dame."
"place/FRAN_RI_023-d3nyvfvtob--1ccq8rb4h470c","d3nyvfvtob--1ccq8rb4h470c","Clignancourt (Paris ; quartier)","Clignancourt (quartier)","1860",,"Quartier créé en 1860."
"place/FRAN_RI_023-d3nyvfw4o2-1c7qsqf8o2oq","d3nyvfw4o2-1c7qsqf8o2oq","Combat (Paris ; quartier)","Combat (quartier)","1860",,"Quartier créé en 1860."
"place/FRAN_RI_023-d5bi939uke--12wmk91uql7a1","d5bi939uke--12wmk91uql7a1","Courtille (Paris ; quartier)","Courtille (quartier) | Haute Courtille | Basse Courtille",,,
"place/FRAN_RI_023-d3nyvfwg3d--txnd2dns74ks","d3nyvfwg3d--txnd2dns74ks","Croulebarbe (Paris ; quartier)","Croulebarbe (quartier)","1860",,"Quartier créé en 1860."
"place/FRAN_RI_023-d5bi93a7ps-v3lxljdfz0u6","d5bi93a7ps-v3lxljdfz0u6","Cygnes (Paris ; quartier)","Cygnes (île des)",,,"Cette dénomination correspond à deux localisations : actuelle île des cygnes et actuel quay Branly."
"place/FRAN_RI_023-d3nyvfx2xx-1vlkzuvrkezfk","d3nyvfx2xx-1vlkzuvrkezfk","Ecole-de-Médecine (Paris ; quartier)","Ecole-de-Médecine (quartier) | Marat (section révolutionnaire) | Marseille-et-Marat (section révolutionnaire) | Marseille (section révolutionnaire) | Théâtre-français (section révolutionnaire)","1811","1860","Quartier ayant existé de 1811 à 1860. Il correspond à la section révolutionnaire dénommée successivement Théâtre-français, Marseille, Marseille-et-Marat, Marat."
"place/FRAN_RI_023-d3nyvfwraw-jramhpuyp73d","d3nyvfwraw-jramhpuyp73d","Ecole Militaire (Paris ; quartier)","Ecole Militaire (quartier)","1860",,"Quartier créé en 1860."
"place/FRAN_RI_023-d3nyvfxe5g--jn5nwoqe7v9d","d3nyvfxe5g--jn5nwoqe7v9d","Enfants-Rouges (Paris ; quartier)","Enfants-Rouges (quartier)","1860",,"Quartier créé en 1860."
"place/FRAN_RI_023-d3nyvfxpkr-duafsevbedvk","d3nyvfxpkr-duafsevbedvk","Epinettes (Paris ; quartier)","Epinettes (quartier)","1860",,"Quartier créé en 1860."
"place/FRAN_RI_023-d3nyvfy1fk--tfn4492ql1ea","d3nyvfy1fk--tfn4492ql1ea","Europe (Paris ; quartier)","Europe (quartier)","1860",,"Quartier créé en 1860."
"place/FRAN_RI_023-d3nyvfyymm--3q593nbcvt1s","d3nyvfyymm--3q593nbcvt1s","Faubourg-Montmartre (Paris ; quartier)","Faubourg-Montmartre (quartier) | Faubourg-Mont-Marat (section révolutionnaire)","1811",,"Quartier créé en 1811. Il correspond à la section révolutionnaire Faubourg-Mont-Marat."
"place/FRAN_RI_023-d3nyvfyi13--1q099jtgte4d7","d3nyvfyi13--1q099jtgte4d7","Faubourg-Poissonnière (Paris ; quartier)","Faubourg-Poissonnière (quartier) | Rue Poissonnière (section révolutionnaire)","1811","1860","Quartier ayant existé de 1811 à 1860. Il correspond à la section révolutionnaire Rue Poissonnière."
"place/FRAN_RI_023-d3nyvfzawy--1rgm4059jtr5j","d3nyvfzawy--1rgm4059jtr5j","Faubourg-Saint-Antoine (Paris ; quartier)","Faubourg-Saint-Antoine (quartier) | Montreuil (section révolutionnaire) | Rue de Montreuil (section révolutionnaire)","1811","1860","Quartier ayant existé de 1811 à 1860. Il correspond à la section révolutionnaire dénommée successivement Rue de Montreuil, Montreuil."
"place/FRAN_RI_023-d3nyvfznms-d271k0cm4aol","d3nyvfznms-d271k0cm4aol","Faubourg-Saint-Denis (Paris ; quartier)","Faubourg-Saint-Denis (quartier) | Faubourg-du-Nord (section révolutionnaire)","1811","1860","Quartier ayant existé de 1811 à 1860. Il correspond à la section révolutionnaire Faubourg du Nord."
"place/FRAN_RI_023-d3nyvfzzpd-hk7rwhhd1t54","d3nyvfzzpd-hk7rwhhd1t54","Faubourg-Saint-Germain (Paris ; quartier)","Faubourg-Saint-Germain (quartier) | Fontaine-de-Grenelle (section révolutionnaire)","1811","1860","Quartier ayant existé de 1811 à 1860. Il correspond à la section révolutionnaire Fontaine-de-Grenelle."
"place/FRAN_RI_023-d3nyvg0pkl-1p88bl6gdnqoz","d3nyvg0pkl-1p88bl6gdnqoz","Feydeau (Paris ; quartier)","Feydeau (quartier) | Lepeletier (section révolutionnaire) | Quatre-Vingt-Douze (section révolutionnaire) | Bibliothèque (section révolutionnaire)","1811","1860","Quartier ayant existé de 1811 à 1860. Il correspond à la section révolutionnaire dénommée successivement Bibliothèque, Quatre-Vingt-Douze, Lepeletier."
"place/FRAN_RI_023-d3nyvg135h--90znej705rom","d3nyvg135h--90znej705rom","Folie-Méricourt (Paris ; quartier)","Folie-Méricourt (quartier)","1860",,"Quartier créé en 1860."
"place/FRAN_RI_023-d3nyvg1ffs-w9d8z9g3v1q3","d3nyvg1ffs-w9d8z9g3v1q3","Gaillon (Paris ; quartier)","Gaillon (quartier)","1860",,"Quartier créé en 1860."
"place/FRAN_RI_023-d3nyvg20s1-1i14hpec0kt2u","d3nyvg20s1-1i14hpec0kt2u","Gare (Paris ; quartier)","Gare (quartier)","1860",,"Quartier créé en 1860."
"place/FRAN_RI_023-d3nyvg2nev--jrqdyucptm1w","d3nyvg2nev--jrqdyucptm1w","Goutte d'Or (Paris ; quartier)","Goutte d'Or (quartier)","1860",,"Quartier créé en 1860."
"place/FRAN_RI_023-d3nyvg39m5-23n0t6zewamv","d3nyvg39m5-23n0t6zewamv","Grandes Carrières (Paris ; quartier)","Grandes Carrières (quartier)","1860",,"Quartier créé en 1860."
"place/FRAN_RI_023-d3nyvg3vlp--14veqa1sfbbwm","d3nyvg3vlp--14veqa1sfbbwm","Grenelle (Paris ; quartier)","Grenelle (quartier)","1860",,"Quartier créé en 1860."
"place/FRAN_RI_023-d3nyvg4hsz--1pxjpiihtogfj","d3nyvg4hsz--1pxjpiihtogfj","Grève (Paris ; quartier)","Grève (quartier)","1701","1790","Quartier ayant existé de 1701 à 1790."
"place/FRAN_RI_023-d3nyvg540a-yfv801bnr56a","d3nyvg540a-yfv801bnr56a","Gros-Caillou (Paris ; quartier)","Gros-Caillou (quartier)","1860",,"Quartier créé en 1860."
"place/FRAN_RI_023-d3nyvg5q7k-1815nk8q1azo8","d3nyvg5q7k-1815nk8q1azo8","Halles (Paris ; quartier)","Halles (quartier)",,,"Quartier ayant existé de 1701 à 1790 puis à partir de 1860."
"place/FRAN_RI_023-d3nyvg6cev-3mrglagu8qar","d3nyvg6cev-3mrglagu8qar","Hôpital Saint-Louis (Paris ; quartier)","Hôpital Saint-Louis (quartier)","1860",,"Quartier créé en 1860."
"place/FRAN_RI_023-d3nyvg6yee--avg1nwx4nj8w","d3nyvg6yee--avg1nwx4nj8w","Hôtel-de-Ville (Paris ; quartier)","Hôtel-de-Ville (quartier) | Fidélité (section révolutionnaire) | Maison-Commune (section révolutionnaire)","1811","1860","Quartier ayant existé de 1811 à 1860. Il correspond à la section révolutionnaire dénommée successivement Maison-Commune, Fidélité."
"place/FRAN_RI_023-d3nyvg7kdy--1evdkf7eel5b8","d3nyvg7kdy--1evdkf7eel5b8","Ile-Saint-Louis (Paris ; quartier)","Ile-Saint-Louis (quartier) | Fraternité (section révolutionnaire)","1811","1860","Quartier ayant existé de 1811 à 1860. Il correspond à la section révolutionnaire Fraternité."
"place/FRAN_RI_023-d3nyvg80zh--1wh0vxxb8ksn7","d3nyvg80zh--1wh0vxxb8ksn7","Invalides (Paris ; quartier)","Invalides (quartier)","1811",,"Quartier créé en 1811."
"place/FRAN_RI_023-d3nyvg8h5h--1j9ncpdvqgt0","d3nyvg8h5h--1j9ncpdvqgt0","Jardin-des-Plantes (Paris ; quartier)","Jardin-des-Plantes (quartier) | Sans-Culottes (section révolutionnaire) | Jardin-des-plantes (section révolutionnaire) | Jardins-du-Roi","1811",,"Quartier créé en 1811. Il correspond à la section révolutionnaire dénommée successivement Jardin-du-Roi, Jardin-des-plantes, Sans-Culottes."
"place/FRAN_RI_023-d3nyvg8u33--1wegg1knmsaz7","d3nyvg8u33--1wegg1knmsaz7","Javel (Paris ; quartier)","Javel (quartier)","1860",,"Quartier créé en 1860."
"place/FRAN_RI_023-d3nyvg965n--tinsz7umj14x","d3nyvg965n--tinsz7umj14x","La Chapelle (Paris ; quartier)","La Chapelle (quartier)","1860",,"Quartier créé en 1860."
"place/FRAN_RI_023-d3nyvg9loe--1dmpbtwt9itm0","d3nyvg9loe--1dmpbtwt9itm0","La Roquette (Paris ; quartier)","La Roquette (quartier)","1860",,"Quartier créé en 1860."
"place/FRAN_RI_023-d3m0bq3oc1o-lf0t18723p28","d3m0bq3oc1o-lf0t18723p28","La Ville-l'Evêque (Paris ; quartier)","La Ville-l'Evêque (faubourg)",,,
"place/FRAN_RI_023-d3m0bq3nnhg-1ajky3lv4bwvw","d3m0bq3nnhg-1ajky3lv4bwvw","La Villeneuve-sur-Gravois (Paris ; quartier)","La Villeneuve-sur-Gravois (faubourg)",,,
"place/FRAN_RI_023-d3nyvg9ytr--109iiy6wp8v5z","d3nyvg9ytr--109iiy6wp8v5z","La Villette (Paris ; quartier)","La Villette (quartier)","1860",,"Quartier créé en 1860."
"place/FRAN_RI_023-d3m0bq3nv0f-14fyj0pcsb5lo","d3m0bq3nv0f-14fyj0pcsb5lo","Le Roule (Paris ; quartier)","Le Roule (quartier) | République (section révolutionnaire)","1811",,"Quartier créé en 1811. Il correspond à la section révolutionnaire République."
"place/FRAN_RI_023-d3nyvgabjm-1pjtmlabml06o","d3nyvgabjm-1pjtmlabml06o","Lombards (Paris ; quartier)","Lombards (quartier)","1811","1860","Quartier ayant existé de 1811 à 1860."
"place/FRAN_RI_023-d5bi93afh5--1dwiofld704nd","d5bi93afh5--1dwiofld704nd","Louviers (Paris ; quartier)","Louviers (île)",,,
"place/FRAN_RI_023-d3nyvganm6--1if1tsie3g2r","d3nyvganm6--1if1tsie3g2r","Louvre (Paris ; quartier)","Louvre (quartier) | Museum (section révolutionnaire)",,,"Quartier ayant existé de 1701 à 1790 et de 1811 à 1860. Il correspond à la section révolutionnaire Museum."
"place/FRAN_RI_023-d3nyvgazoq--1c50yrnvnvk9s","d3nyvgazoq--1c50yrnvnvk9s","Luxembourg (Paris ; quartier)","Luxembourg (quartier) | Mutius-Scaevola (section révolutionnaire)",,,"Quartier ayant existé de 1701 à 1790 et de 1811 à 1860. Il correspond à la section révolutionnaire Mutius-Scaevola."
"place/FRAN_RI_023-d3nyvgbfmz--11ww01vod4uww","d3nyvgbfmz--11ww01vod4uww","Madeleine (Paris ; quartier)","Madeleine (quartier)","1860",,"Quartier créé en 1860."
"place/FRAN_RI_023-d3nyvgbskl-1c6rxugrf4617","d3nyvgbskl-1c6rxugrf4617","Mail (Paris ; quartier)","Mail (quartier) | Guillaume-Tell (section révolutionnaire) | Place Louis XIV (section révolutionnaire)","1811",,"Quartier créé en 1811. Il correspond à la section révolutionnaire dénommée successivement Place Louis XIV, Guillaume-Tell."
"place/FRAN_RI_023-d3nyvgc5ag--pa5eup0f2oqx","d3nyvgc5ag--pa5eup0f2oqx","Maison Blanche (Paris ; quartier)","Maison Blanche (quartier)","1860",,"Quartier créé en 1860."
"place/FRAN_RI_023-d3nyvgchd0-pu3p06ig1m1k","d3nyvgchd0-pu3p06ig1m1k","Marais (Paris ; quartier)","Marais (quartier) | Indivisibilité (section révolutionnaire) | Fédérés (section révolutionnaire) | Place-Royale (section révolutionnaire)","1811","1860","Quartier ayant existé de 1811 à 1860. Il correspond à la section révolutionnaire dénommée successivement Place-Royale, Fédérés, Indivisibilité."
"place/FRAN_RI_023-d3nyvgd5ae--wzwgu17ixjl","d3nyvgd5ae--wzwgu17ixjl","Marchés (Paris ; quartier)","Marchés (quartier) | Halles (section révolutionnaire) | Marché des Innocents (section révolutionnaire)","1811","1860","Quartier ayant existé de 1811 à 1860. Il correspond à la section révolutionnaire dénommée successivement Marché des innocents, Halles."
"place/FRAN_RI_023-d3nyvgct7t-1pue9sjg552pt","d3nyvgct7t-1pue9sjg552pt","Marché-Saint-Jean (Paris ; quartier)","Marché-Saint-Jean (quartier) | Droits-de-l'homme (section révolutionnaire) | Roi de Sicile (section révolutionnaire)","1811","1860","Quartier ayant existé de 1811 à 1860. Il correspond à la section révolutionnaire dénommée successivement Roi de Sicile, Droits-de-l'homme."
"place/FRAN_RI_023-d3nyvgdgpo--wjilimoiyogn","d3nyvgdgpo--wjilimoiyogn","Monnaie (Paris ; quartier)","Monnaie (quartier) | Unité (section révolutionnaire) | Quatre Nations (section révolutionnaire)","1811",,"Quartier créé en 1811. Il correspond à la section révolutionnaire dénommée successivement Quatre Nations, Unité."
"place/FRAN_RI_023-d3nyvge2p7-xwmpw584jki8","d3nyvge2p7-xwmpw584jki8","Mont-de-Piété (Paris ; quartier)","Mont-de-Piété (quartier) | L'Homme-Armé (section révolutionnaire) | Marais (section révolutionnaire) | Enfants-Rouges (section révolutionnaire)","1811","1860","Quartier ayant existé de 1811 à 1860. Il correspond à la section révolutionnaire dénommée successivement Enfants-Rouges, Marais, L'Homme-Armé."
"place/FRAN_RI_023-d3nyvgeifp-hljbb2s4l00l","d3nyvgeifp-hljbb2s4l00l","Montmartre (Paris ; quartier)","Montmartre (faubourg)",,,
"place/FRAN_RI_023-d3nyvgeuq1--ys2q6qcqeojf","d3nyvgeuq1--ys2q6qcqeojf","Montmartre (Paris ; quartier)","Montmartre (quartier) | Brutus (section révolutionnaire) | Molière-et-Lafontaine (section révolutionnaire) | Fontaine-Montmorency (section révolutionnaire)",,,"Quartier ayant existé de 1701 à 1790 et de 1811 à 1860. Il correspond à la section révolutionnaire dénommée successivement Fontaine-Montmorency, Molière-et-Lafontaine, Brutus."
"place/FRAN_RI_023-d3nyvgf6ku-187ulmkyos4u","d3nyvgf6ku-187ulmkyos4u","Montorgueil (Paris ; quartier)","Montorgueil (quartier) | Bon-Conseil (section révolutionnaire) | Mauconseil (section révolutionnaire)","1811","1860","Quartier ayant existé de 1811 à 1860. Il correspond à la section révolutionnaire dénommée successivement Mauconseil, Bon-Conseil."
"place/FRAN_RI_023-d3nyvgfhsd-7xud48ujxyxr","d3nyvgfhsd-7xud48ujxyxr","Montparnasse (Paris ; quartier)","Montparnasse (quartier)","1860",,"Quartier créé en 1860."
"place/FRAN_RI_023-d3nyvggpjo--168vilhic8mxd","d3nyvggpjo--168vilhic8mxd","Muette (Paris ; quartier)","Muette (quartier)","1860",,"Quartier créé en 1860."
"place/FRAN_RI_023-d3nyvgh3ru--1wfo7og4mimj0","d3nyvgh3ru--1wfo7og4mimj0","Necker (Paris ; quartier)","Necker (quartier)","1860",,"Quartier créé en 1860."
"place/FRAN_RI_023-d3m0bq3jt87--fklklizqyo09","d3m0bq3jt87--fklklizqyo09","Notre-Dame (Paris ; quartier)","Notre-Dame (île)",,,"L'île Notre-Dame et l'île aux Vaches ont été réunies au 17ème siècle pour former l'actuelle île Saint-Louis."
"place/FRAN_RI_023-d3nyvghezd--sdud8qy9ue1i","d3nyvghezd--sdud8qy9ue1i","Notre-Dame (Paris ; quartier)","Notre-Dame (quartier)","1860",,"Quartier créé en 1860."
"place/FRAN_RI_023-d3nyvghr9p-1gfjh3h1l4ryc","d3nyvghr9p-1gfjh3h1l4ryc","Notre-Dame-des-Champs (Paris ; quartier)","Notre-Dame-des-Champs (quartier)","1860",,"Quartier créé en 1860."
"place/FRAN_RI_023-d3nyvgi2oz-1n55zm3b6dyr9","d3nyvgi2oz-1n55zm3b6dyr9","Observatoire (Paris ; quartier)","Observatoire (quartier)","1811","1860","Quartier ayant existé de 1811 à 1860."
"place/FRAN_RI_023-d3nyvgihzy-16gyq35yrlw61","d3nyvgihzy-16gyq35yrlw61","Odéon (Paris ; quartier)","Odéon (quartier)","1860",,"Quartier créé en 1860."
"place/FRAN_RI_023-d3nyvgiui1--6yvwchr1ex4d","d3nyvgiui1--6yvwchr1ex4d","Palais de Justice (Paris ; quartier)","Palais de Justice (quartier) | Révolutionnaire (section révolutionnaire) | Pont-Neuf (section révolutionnaire) | Henri IV (section révolutionnaire)","1811","1860","Quartier ayant existé de 1811 à 1860. Il correspond à la section révolutionnaire dénommée successivement Henri IV, Pont-Neuf, Révolutionnaire."
"place/FRAN_RI_023-d3nyvgj653-pntrwb37dxqp","d3nyvgj653-pntrwb37dxqp","Palais-Royal (Paris ; quartier)","Palais-Royal (quartier) | Montagne (section révolutionnaire) | Butte des Moulins (section révolutionnaire)",,,"Quartier créé en 1701. Il correspond à la section révolutionnaire dénommée successivement Butte des Moulins, Montagne."
"place/FRAN_RI_023-d3nyvgjhke-wh2ggtt0n9vm","d3nyvgjhke-wh2ggtt0n9vm","Parc de Montsouris (Paris ; quartier)","Parc de Montsouris (quartier) | Santé","1860",,"Quartier créé en 1860."
"place/FRAN_RI_023-d3nyvgjsrw-7kcr8gf5ppbm","d3nyvgjsrw-7kcr8gf5ppbm","Père-Lachaise (Paris ; quartier)","Père-Lachaise (quartier)","1860",,"Quartier créé en 1860."
"place/FRAN_RI_023-d3nyvgk477--11s5iivud68hz","d3nyvgk477--11s5iivud68hz","Petit Montrouge (Paris ; quartier)","Petit Montrouge (quartier)","1860",,"Quartier créé en 1860."
"place/FRAN_RI_023-d3nyvgkifd--haxjemh29yl3","d3nyvgkifd--haxjemh29yl3","Picpus (Paris ; quartier)","Picpus (quartier)","1860",,"Quartier créé en 1860."
"place/FRAN_RI_023-d3nyvgkuxg-xwxqi5i0uhjf","d3nyvgkuxg-xwxqi5i0uhjf","Place Maubert (Paris ; quartier)","Place Maubert (quartier)","1701","1790","Quartier ayant existé de 1701 à 1790."
"place/FRAN_RI_023-d3nyvgl6cq-bvq3jrzh2q5f","d3nyvgl6cq-bvq3jrzh2q5f","Place Vendôme (Paris ; quartier)","Place Vendôme (quartier) | Piques (section révolutionnaire)","1811",,"Quartier créé en 1811. Il correspond à la section révolutionnaire Piques."
"place/FRAN_RI_023-d3nyvglhk9-1fxjxzh5tqymx","d3nyvglhk9-1fxjxzh5tqymx","Plaine de Monceaux (Paris ; quartier)","Plaine de Monceaux (quartier)","1860",,"Quartier créé en 1860."
"place/FRAN_RI_023-d3nyvgm0be-qj8ywhoisyl7","d3nyvgm0be-qj8ywhoisyl7","Plaisance (Paris ; quartier)","Plaisance (quartier)","1860",,"Quartier créé en 1860."
"place/FRAN_RI_023-d3nyvgmg1w-1hq02vm52ixg1","d3nyvgmg1w-1hq02vm52ixg1","Poissonnière (Paris ; quartier)","Poissonnière (faubourg) | Nouvelle France",,,
"place/FRAN_RI_023-d3nyvgmsc8-f4myvm480luc","d3nyvgmsc8-f4myvm480luc","Pont de Flandres (Paris ; quartier)","Pont de Flandres (quartier)","1860",,"Quartier créé en 1860."
"place/FRAN_RI_023-d3nyvgn471--11osk3lp1at99","d3nyvgn471--11osk3lp1at99","Popincourt (Paris ; quartier)","Popincourt (quartier)","1811","1860","Quartier ayant existé de 1811 à 1860."
"place/FRAN_RI_023-d3nyvgnfmb-59w5vu93qbmr","d3nyvgnfmb-59w5vu93qbmr","Porte Dauphine (Paris ; quartier)","Porte Dauphine (quartier)","1860",,"Quartier créé en 1860."
"place/FRAN_RI_023-d3nyvgnqtu-940m4eocpnai","d3nyvgnqtu-940m4eocpnai","Porte Saint-Denis (Paris ; quartier)","Porte Saint-Denis (quartier) | Amis-de-la-Patrie (section révolutionnaire) | Ponceau (section révolutionnaire)","1811",,"Quartier créé en 1811. Il correspond à la section révolutionnaire dénommée successivement Ponceau, Amis-de-la-Patrie."
"place/FRAN_RI_023-d3nyvgo294-1pdm5sqqpna5k","d3nyvgo294-1pdm5sqqpna5k","Porte Saint-Martin (Paris ; quartier)","Porte Saint-Martin (quartier) | Bondy (section révolutionnaire)","1811",,"Quartier créé en 1811. Il correspond à la section révolutionnaire Bondy."
"place/FRAN_RI_023-d3nyvgogp2-1nhu5mkvuxt6k","d3nyvgogp2-1nhu5mkvuxt6k","Quinze-Vingts (Paris ; quartier)","Quinze-Vingts (quartier)","1811",,"Quartier créé en 1811."
"place/FRAN_RI_023-d3nyvgot75--35xuku68lzrp","d3nyvgot75--35xuku68lzrp","Rochechouart (Paris ; quartier)","Rochechouart (quartier)","1860",,"Quartier créé en 1860."
"place/FRAN_RI_023-d3nyvgpfty-1gu5za5v5atf4","d3nyvgpfty-1gu5za5v5atf4","Saint-Ambroise (Paris ; quartier)","Saint-Ambroise (quartier)","1860",,"Quartier créé en 1860."
"place/FRAN_RI_023-d3nyvgpu25-95rr5q73ymvw","d3nyvgpu25-95rr5q73ymvw","Saint-André-des-Arts (Paris ; quartier)","Saint-André-des-Arts (quartier)","1701","1790","Quartier ayant existé de 1701 à 1790."
"place/FRAN_RI_023-d3nyvgq6zq--1ok0kamcmexmz","d3nyvgq6zq--1ok0kamcmexmz","Saint-Antoine (Paris ; quartier)","Saint-Antoine (faubourg)",,,
"place/FRAN_RI_023-d3nyvgqi79--17v2l85hhq4ey","d3nyvgqi79--17v2l85hhq4ey","Saint-Antoine (Paris ; quartier)","Saint-Antoine (quartier)","1701","1790","Quartier ayant existé de 1701 à 1790."
"place/FRAN_RI_023-d3nyvgqtes--1wrsaggwbjmzu","d3nyvgqtes--1wrsaggwbjmzu","Saint-Benoît (Paris ; quartier)","Saint-Benoît (quartier)","1701","1790","Quartier ayant existé de 1701 à 1790."
"place/FRAN_RI_023-d3nyvgr7uq-3y3e5s6egqa7","d3nyvgr7uq-3y3e5s6egqa7","Saint-Denis (Paris ; quartier)","Saint-Denis (faubourg)",,,
"place/FRAN_RI_023-d3nyvgrksc--1qyg7stzts74f","d3nyvgrksc--1qyg7stzts74f","Saint-Denis (Paris ; quartier)","Saint-Denis (quartier)","1701","1790","Quartier ayant existé de 1701 à 1790."
"place/FRAN_RI_023-d3nyvh1eiq-10kmxmcddmsfj","d3nyvh1eiq-10kmxmcddmsfj","Sainte-Avoye (Paris ; quartier)","Sainte-Avoye (quartier) | Réunion (section révolutionnaire) | Rue Beaubourg (section révolutionnaire) | Sainte-Avoie (quartier)",,,"Quartier créé en 1701. Il correspond à la section révolutionnaire dénommée successivement Rue Beaubourg, Réunion."
"place/FRAN_RI_023-d3nyvh1qla--1n2otbf25ngkl","d3nyvh1qla--1n2otbf25ngkl","Sainte-Marguerite (Paris ; quartier)","Sainte-Marguerite (quartier)","1860",,"Quartier créé en 1860."
"place/FRAN_RI_023-d3nyvh220l-1al4q54vj0iiz","d3nyvh220l-1al4q54vj0iiz","Sainte-Opportune (Paris ; quartier)","Sainte-Opportune (quartier)","1701","1790","Quartier ayant existé de 1701 à 1790."
"place/FRAN_RI_023-d3nyvgrw7m-1ulx41q7n6nbj","d3nyvgrw7m-1ulx41q7n6nbj","Saint-Eustache (Paris ; quartier)","Saint-Eustache (quartier) | Contrat-Social (section révolutionnaire) | Postes (section révolutionnaire)",,,"Quartier ayant existé de 1701 à 1790 et de 1811 à 1860. Il correspond à la section révolutionnaire dénommée successivement Postes, Contrat-Social."
"place/FRAN_RI_023-d3nyvgs7mw-zfo68kjvfnd6","d3nyvgs7mw-zfo68kjvfnd6","Saint-Fargeau (Paris ; quartier)","Saint-Fargeau (quartier)","1860",,"Quartier créé en 1860."
"place/FRAN_RI_023-d3nyvgsjhq--hdrcqlacrprb","d3nyvgsjhq--hdrcqlacrprb","Saint-Georges (Paris ; quartier)","Saint-Georges (quartier)","1860",,"Quartier créé en 1860."
"place/FRAN_RI_023-d3nyvgsux0-pkxd8sor5d5l","d3nyvgsux0-pkxd8sor5d5l","Saint-Germain (Paris ; quartier)","Saint-Germain (faubourg)",,,
"place/FRAN_RI_023-d3nyvgthrl--hvyqbcsiyfvj","d3nyvgthrl--hvyqbcsiyfvj","Saint-Germain-des-Prés (Paris ; quartier)","Saint-Germain-des-Prés (quartier)",,,"Quartier ayant existé de 1701 à 1790 puis à partir de 1860."
"place/FRAN_RI_023-d3nyvgtu9o-86d76uh2sfmy","d3nyvgtu9o-86d76uh2sfmy","Saint-Germain-l'Auxerrois (Paris ; quartier)","Saint-Germain-l'Auxerrois (quartier)","1860",,"Quartier créé en 1860."
"place/FRAN_RI_023-d3nyvgu6c8--18n2bsdc6izgn","d3nyvgu6c8--18n2bsdc6izgn","Saint-Gervais (Paris ; quartier)","Saint-Gervais (quartier)","1860",,"Quartier créé en 1860."
"place/FRAN_RI_023-d3nyvguhrj-1rxm37ve9du2b","d3nyvguhrj-1rxm37ve9du2b","Saint-Honoré (Paris ; quartier)","Saint-Honoré (faubourg)",,,
"place/FRAN_RI_023-d3nyvgutek--1xcq67oufl6xo","d3nyvgutek--1xcq67oufl6xo","Saint-Honoré (Paris ; quartier)","Saint-Honoré (quartier) | Gardes-Françaises (section révolutionnaire) | Oratoire (section révolutionnaire)","1811","1860","Quartier ayant existé de 1811 à 1860. Il correspond à la section révolutionnaire dénommée successivement Oratoire, Gardes-Françaises."
"place/FRAN_RI_023-d3nyvgv4tv-olf5lobodvs9","d3nyvgv4tv-olf5lobodvs9","Saint-Jacques (Paris ; quartier)","Saint-Jacques (faubourg)",,,
"place/FRAN_RI_023-d3nyvgvggw--1x9ibxd0hmxyl","d3nyvgvggw--1x9ibxd0hmxyl","Saint-Jacques (Paris ; quartier)","Saint-Jacques (quartier) | Panthéon-Français (section révolutionnaire) | Sainte-Geneviève (section révolutionnaire)","1811","1860","Quartier ayant existé de 1811 à 1860. Il correspond à la section révolutionnaire dénommée successivement Sainte-Geneviève, Panthéon-Français."
"place/FRAN_RI_023-d3nyvgvrw7--10kzknmxne1f3","d3nyvgvrw7--10kzknmxne1f3","Saint-Jacques-de-la-Boucherie (Paris ; quartier)","Saint-Jacques-de-la-Boucherie (quartier)","1701","1790","Quartier ayant existé de 1701 à 1790."
"place/FRAN_RI_023-d3nyvgwfe2--nn6mtzamiiga","d3nyvgwfe2--nn6mtzamiiga","Saint-Lambert (Paris ; quartier)","Saint-Lambert (quartier)","1860",,"Quartier créé en 1860."
"place/FRAN_RI_023-d5bi93ak7v--vqhv79xtz3x0","d5bi93ak7v--vqhv79xtz3x0","Saint-Louis (Paris ; quartier)","Saint-Louis (île)",,,
"place/FRAN_RI_023-d3nyvgwrw5-1u9ffc3luzufh","d3nyvgwrw5-1u9ffc3luzufh","Saint-Marcel (Paris ; quartier)","Saint-Marcel (faubourg) | Saint-Marceau",,,
"place/FRAN_RI_023-d3nyvgxeyh-1ajflllwkn3jw","d3nyvgxeyh-1ajflllwkn3jw","Saint-Marcel (Paris ; quartier)","Saint-Marcel (quartier) | Finistère (section révolutionnaire) | Gobelins (section révolutionnaire)","1811","1860","Quartier ayant existé de 1811 à 1860. Il correspond à la section révolutionnaire dénommée successivement Gobelins, Finistère."
"place/FRAN_RI_023-d3nyvgxrgk-1hup1ftetp94o","d3nyvgxrgk-1hup1ftetp94o","Saint-Martin (Paris ; quartier)","Saint-Martin (faubourg)",,,
"place/FRAN_RI_023-d3nyvgyd8c-1ivt7h45b41ah","d3nyvgyd8c-1ivt7h45b41ah","Saint-Martin (Paris ; quartier)","Saint-Martin (quartier)","1701","1790","Quartier ayant existé de 1701 à 1790."
"place/FRAN_RI_023-d3nyvgyqdp--bm9q9qaxs4us","d3nyvgyqdp--bm9q9qaxs4us","Saint-Martin-des-Champs (Paris ; quartier)","Saint-Martin-des-Champs (quartier) | Gravilliers (section révolutionnaire)","1811","1860","Quartier ayant existé de 1811 à 1860. Il correspond à la section révolutionnaire Gravilliers."
"place/FRAN_RI_023-d3nyvgz1sz-1oqpajfnfjttj","d3nyvgz1sz-1oqpajfnfjttj","Saint-Merri (Paris ; quartier)","Saint-Merri (quartier)","1860",,"Quartier créé en 1860."
"place/FRAN_RI_023-d3nyvgzd0i--tpqqxkyzgd9v","d3nyvgzd0i--tpqqxkyzgd9v","Saint-Michel (Paris ; quartier)","Saint-Michel (faubourg)",,,
"place/FRAN_RI_023-d3nyvgzo81-ac33i47d7v7m","d3nyvgzo81-ac33i47d7v7m","Saint-Paul (Paris ; quartier)","Saint-Paul (quartier)","1701","1790","Quartier ayant existé de 1701 à 1790."
"place/FRAN_RI_023-d3nyvh02nz--xbuuv35irawh","d3nyvh02nz--xbuuv35irawh","Saint-Thomas-d'Aquin (Paris ; quartier)","Saint-Thomas-d'Aquin (quartier) | Ouest (section révolutionnaire) | Bonnet-Rouge (section révolutionnaire) | Croix-Rouge (section révolutionnaire)","1811",,"Quartier créé en 1811. Il correspond à la section révolutionnaire dénommée successivement Croix-Rouge, Bonnet-Rouge, Ouest."
"place/FRAN_RI_023-d3nyvh0f62-7jl3jteirurz","d3nyvh0f62-7jl3jteirurz","Saint-Victor (Paris ; quartier)","Saint-Victor (faubourg)",,,
"place/FRAN_RI_023-d3nyvh0r0v--1330tdzzpw7fy","d3nyvh0r0v--1330tdzzpw7fy","Saint-Victor (Paris ; quartier)","Saint-Victor (quartier)","1860",,"Quartier créé en 1860."
"place/FRAN_RI_023-d3nyvh12vo--8v36fbq37ed4","d3nyvh12vo--8v36fbq37ed4","Saint-Vincent-de-Paul (Paris ; quartier)","Saint-Vincent-de-Paul (quartier)","1860",,"Quartier créé en 1860."
"place/FRAN_RI_023-d3nyvh2e35--37tr8fppxuu4","d3nyvh2e35--37tr8fppxuu4","Salpêtrière (Paris ; quartier)","Salpêtrière (quartier)","1860",,"Quartier créé en 1860."
"place/FRAN_RI_023-d3nyvh2pig-13rb8i6kjc8hv","d3nyvh2pig-13rb8i6kjc8hv","Sorbonne (Paris ; quartier)","Sorbonne (quartier) | Chalier (section révolutionnaire) | Beaurepaire (section révolutionnaire) | Thermes-de-Julien (section révolutionnaire)","1811",,"Quartier créé en 1811. Il correspond à la section révolutionnaire dénommée successivement Thermes-de-Julien, Beaurepaire, Chalier."
"place/FRAN_RI_023-d3nyvh30pz--1oc8y38e9w1s7","d3nyvh30pz--1oc8y38e9w1s7","Temple (Paris ; quartier)","Temple (faubourg)",,,
"place/FRAN_RI_023-d3nyvh3cks--4ikah9uckyb2","d3nyvh3cks--4ikah9uckyb2","Temple (Paris ; quartier)","Temple (quartier)",,,"Quartier ayant existé de 1701 à 1790 et de 1811 à 1860."
"place/FRAN_RI_023-d3nyvh3o02-1c38kmgi4g5tc","d3nyvh3o02-1c38kmgi4g5tc","Ternes (Paris ; quartier)","Ternes (quartier)","1860",,"Quartier créé en 1860."
"place/FRAN_RI_023-d3m0bq3oz0u-k6s6vbzt2qei","d3m0bq3oz0u-k6s6vbzt2qei","Tivoli (Paris ; quartier)","Tivoli (quartier)",,,
"place/FRAN_RI_023-d3m0bq3mpez--ebnjjx1e0fea","d3m0bq3mpez--ebnjjx1e0fea","Tournelle (Paris ; quartier)","Tournelle (quartier)",,,
"place/FRAN_RI_023-d3nyvh3zn4-6l0l2pphkxt6","d3nyvh3zn4-6l0l2pphkxt6","Tuileries (Paris ; quartier)","Tuileries (quartier)","1811","1860","Quartier ayant existé de 1811 à 1860."
"place/FRAN_RI_023-d3m0bq3n2hl-1kvip6f7ekq89","d3m0bq3n2hl-1kvip6f7ekq89","Vaches (Paris ; quartier)","Vaches (île aux)",,,"L'île Notre-Dame et l'île aux Vaches ont été réunies au 17ème siècle pour former l'actuelle île Saint-Louis."
"place/FRAN_RI_023-d3nyvh4aun-1nhnyc9coulvt","d3nyvh4aun-1nhnyc9coulvt","Val-de-Grâce (Paris ; quartier)","Val-de-Grâce (quartier)","1860",,"Quartier créé en 1860."
"place/FRAN_RI_023-d3nyvh4m9x--pp61ahwfh6x5","d3nyvh4m9x--pp61ahwfh6x5","Vivienne (Paris ; quartier)","Vivienne (quartier)","1860",,"Quartier créé en 1860."